{"version":1,"hash":{"type":"Buffer","data":"KzTpiQPMFaz8/28ozbII5h24ONf428cUXO37+Qmq+XeLcdzguF2ebZ7B14K6w7Fib+A9Zd2ZJ2CBTJFuQ9PkvlBhUiS7g3ME7iZtUgkBcNonZgNDtogBusT/qlcUkHsCK/AWrjc4+gWF84r+I6zh4lLjydrg7jUe6l5yG/d8Uwk="},"indexValueMap":{"JmnnnbutMtXy1JU83Yx9aMpycTsaJaTVswIrDzBw/mA=":{"valueMac":{"type":"Buffer","data":"if4RPbyMllFPyjcfMoHmlVjAKAE0PcIS+j8dESFkySk="}},"iSKCNU6PLdu7EzEO+cQELfkr1XAdvlC/vb5corM7NZg=":{"valueMac":{"type":"Buffer","data":"3Zohy8ZbsjEiGQfJyjPpcQ+qertxQQsam8bx7U8tAd8="}},"xtlAxTFZuwL9Z7uaQGct9zS2BFxqccBxNeX2HdFZmII=":{"valueMac":{"type":"Buffer","data":"JwBT1CP270Iuw2ZAUwBu2jHCCQoxSaVkw28oAd8PbM0="}},"6Tqo75tG2HoMreNtHYNAbUvI4bXTHezV+8YuNVZiEtE=":{"valueMac":{"type":"Buffer","data":"S6q5b8VZ9qi3PxPZ4UVYpki8R4kfqGbj+bLY6rCJsk4="}}}}