{"noiseKey":{"private":{"type":"Buffer","data":"oLHCW6K3n88sfFctI9m2scRLGxH2SDUF9dpugn68Z3A="},"public":{"type":"Buffer","data":"qyz3rNheaH79dsQPGTHnSVzP0o7a37VfiwG67kU0f1w="}},"pairingEphemeralKeyPair":{"private":{"type":"Buffer","data":"0LXZ9p8CGD39jnRFp+1m571v25u7Q+wbj5fpcGInjGE="},"public":{"type":"Buffer","data":"JYClp8e+0XqKXVBh8N/+XrfXXGnHH4eZCWi61QNsmg8="}},"signedIdentityKey":{"private":{"type":"Buffer","data":"2ENXds4WxY0mDXcvM8WdBDAPOeuBWfsE4tXvEy2YFFg="},"public":{"type":"Buffer","data":"iS752Nd742oIN+QWL9TS6vT5W47PGDyvH0yRtv88oHU="}},"signedPreKey":{"keyPair":{"private":{"type":"Buffer","data":"QIhvCh6ZKdCjprdoKmc5QtGvpMJEX2yB5IlbqYuBuls="},"public":{"type":"Buffer","data":"cuTgsepCm6ZIBoLpXvGK9PanmCLmUS9B1zvRkzc+QyU="}},"signature":{"type":"Buffer","data":"c4HY7oqMsvmLc/p1IXA4b2p+Oy59t4ib68txqvaa0AVQfwVkdOnlltfGFpmXlGnM4v9hd2CUht+eQIr6da3rAQ=="},"keyId":1},"registrationId":102,"advSecretKey":"pS2fIecR5R6jWax37GzM7pSD3YvKDG63pwOsko9gaZ8=","processedHistoryMessages":[{"key":{"remoteJid":"6285763386739@s.whatsapp.net","fromMe":true,"id":"A1797F9213AB3453DCB791015A04B2CD"},"messageTimestamp":1706967096},{"key":{"remoteJid":"6285763386739@s.whatsapp.net","fromMe":true,"id":"CF15682BD61F108CBAA8062B5589351E"},"messageTimestamp":1706967096},{"key":{"remoteJid":"6285763386739@s.whatsapp.net","fromMe":true,"id":"9F5DFA4D6FD49871902D8733C1768380"},"messageTimestamp":1706967126},{"key":{"remoteJid":"6285763386739@s.whatsapp.net","fromMe":true,"id":"B61B686CBC4D9AE6A6FCA50E746E6D30"},"messageTimestamp":1706967128},{"key":{"remoteJid":"6285763386739@s.whatsapp.net","fromMe":true,"id":"AB2B3059D88265B666799F259736E89D"},"messageTimestamp":1706967128},{"key":{"remoteJid":"6285763386739@s.whatsapp.net","fromMe":true,"id":"A1C257093249F143A9ACB3430FE33F09"},"messageTimestamp":1706967128}],"nextPreKeyId":31,"firstUnuploadedPreKeyId":31,"accountSyncCounter":1,"accountSettings":{"unarchiveChats":false},"deviceId":"wlIJEjOBTHCyJE8vgsKP8A","phoneId":"18fb7bd2-33d7-4829-b41b-c5b6cacd8efd","identityId":{"type":"Buffer","data":"j9iaeyLCerhANCIArbVH5t9seDQ="},"registered":true,"backupToken":{"type":"Buffer","data":"xgdX5jxZyiuZ30aNd36aK4Z8zxI="},"registration":{},"pairingCode":"LQM1GCCC","me":{"id":"6285763386739:2@s.whatsapp.net","name":"Ho Byahhh","jid":"6285763386739@s.whatsapp.net"},"account":{"details":"COXV2Y8EELKA+a0GGAIgACgA","accountSignatureKey":"+wPfis2YsK1HXH0LQvZhxAJkAZ3MXXrTnOatOyz773Q=","accountSignature":"iDTcabkOCGJ4l8oO5FE5vFndsDkJ0di523QiE8s2EmDQhUJeb+Zs7ucXpK5BnwNWUOOiEgrYYmoxvel6V9DNCw==","deviceSignature":"dEGZ7YdgG8C/wEC/+M7H++p9inONUVjTtjT8APmYw9Cjvgp2xeg9cUmYNqTf7HqlvBgJIlW1jWVz3Of+XSMXDw=="},"signalIdentities":[{"identifier":{"name":"6285763386739:2@s.whatsapp.net","deviceId":0},"identifierKey":{"type":"Buffer","data":"BfsD34rNmLCtR1x9C0L2YcQCZAGdzF1605zmrTss++90"}}],"platform":"android","lastAccountSyncTimestamp":1706967429,"myAppStateKeyId":"AAAAAAUu"}