[{"senderKeyId":430734733,"senderChainKey":{"iteration":10,"seed":"UzEi7lKyFlpCFeZpf/N2gaYyT4US+ssGniYilSojvMs="},"senderSigningKey":{"public":"Bfr5hpyC3qTZ9PHG3OPzhICYPY2+x+bTDtyk/TELhq8N"},"senderMessageKeys":[]},{"senderKeyId":1992913192,"senderChainKey":{"iteration":1,"seed":"jFfHaSasikVus/K0W2hPfvO1a0tJIHqRRvPeXkyn8OY="},"senderSigningKey":{"public":"BafpC2MdKVvlND2c4UwgtFIp7Y/GFD+B87A3UWYOL5EV"},"senderMessageKeys":[]},{"senderKeyId":502009043,"senderChainKey":{"iteration":4,"seed":"xdgkD5pCTk/BHhNiPCQyswehuAGGjlgazuk9k30XaAw="},"senderSigningKey":{"public":"BRzxvtBBo7Oa8CIvvhW+YYiUTiLtMzzCspAl9jnOwRIg"},"senderMessageKeys":[]}]