[{"senderKeyId":279777089,"senderChainKey":{"iteration":7779,"seed":"v31MBs+m3M++I/hffjI4Pu4wRyi1I1Qv/pnfW/XsIyU="},"senderSigningKey":{"public":"BbtSPpuX3EHjH2T7ureuiZypAdXdZcw/LwYtJ1b2o1Fc"},"senderMessageKeys":[{},{},{},{},{},{},{},{},{},{},{},{},{},{},{},{},{},{},{},{},{},{},{},{},{},{},{},{},{},{},{},{},{}]},{"senderKeyId":279777089,"senderChainKey":{"iteration":7745,"seed":"gD6GNg31A0mwuHtIXcbdPThWcnROMyrcsZwBihZt2kA="},"senderSigningKey":{"public":"BbtSPpuX3EHjH2T7ureuiZypAdXdZcw/LwYtJ1b2o1Fc"},"senderMessageKeys":[]}]