{"_sessions":{"Bd8SXeIs1+CcOIOuMxjK/lNGkpVYDIlSk6K/fJg05xQL":{"registrationId":472816869,"currentRatchet":{"ephemeralKeyPair":{"pubKey":"BX6DA/U55Jx5a8ccBWJEyD7aPXjT091quxP9MxWi2Jw2","privKey":"+EjHjm3PTHmhu6rM8YH1S5dH2Qt6gasNujeywb/2r2Y="},"lastRemoteEphemeralKey":"BYaWF9zmuF7xX9RwSZqhM8fdeHs+zJVwRxV7EF0Vvpsf","previousCounter":0,"rootKey":"e6fs8RvlFvk9hTodpdwkMALuAALzHs9RTOIU9gnNi7A="},"indexInfo":{"baseKey":"Bd8SXeIs1+CcOIOuMxjK/lNGkpVYDIlSk6K/fJg05xQL","baseKeyType":1,"closed":-1,"used":1706967472620,"created":1706967472620,"remoteIdentityKey":"BSYdLYAfJj95e1AL6hh1AAVB9057jHJ4zaQiYy7aS/0d"},"_chains":{"BX6DA/U55Jx5a8ccBWJEyD7aPXjT091quxP9MxWi2Jw2":{"chainKey":{"counter":6,"key":"8kr3vlvRu4xdZV2XJOnPra/rSJTODCPVtCv+aBZrPOg="},"chainType":1,"messageKeys":{}}},"pendingPreKey":{"signedKeyId":8,"baseKey":"Bd8SXeIs1+CcOIOuMxjK/lNGkpVYDIlSk6K/fJg05xQL","preKeyId":15044685}}},"version":"v1"}