{"_sessions":{"BZLQM6LRl5EOuMluNsuYMGYYF4NVrgqax4Dhl9uKg+sn":{"registrationId":223656782,"currentRatchet":{"ephemeralKeyPair":{"pubKey":"BSJ2DAM4mSLEpWGA9WFi4BEqKMdI/+A6p4ID0q71xNxz","privKey":"aCcNV8VphGNte7C0VAGxosOkBVUhZR3s7uvX19yN7mU="},"lastRemoteEphemeralKey":"BdIBOy3j04xEbMDAymMkaeRg1Yl5UfRpkbUWhs32kwFO","previousCounter":0,"rootKey":"hCaUqn/SMf2YhaDrEPK6yGObdxozo+bGfz1X3wVksmM="},"indexInfo":{"baseKey":"BZLQM6LRl5EOuMluNsuYMGYYF4NVrgqax4Dhl9uKg+sn","baseKeyType":2,"closed":-1,"used":1706968135855,"created":1706967156150,"remoteIdentityKey":"BcIrIBqoRmaU5AfdEfPQk3MSlgIZMmJsRxk6v/vl00pT"},"_chains":{"BQTitYB1DFR5JHlqZ5ju90VtbNVb4H8GPq8MjO1HquZA":{"chainKey":{"counter":1},"chainType":2,"messageKeys":{}},"BXjxKEtFcPbVvzVDmzMf7gaCr4mTA9nCdR/SgRzHgetC":{"chainKey":{"counter":1},"chainType":2,"messageKeys":{}},"BdIBOy3j04xEbMDAymMkaeRg1Yl5UfRpkbUWhs32kwFO":{"chainKey":{"counter":0,"key":"YoFvCHSd9yDbG1wrZKPIyQJemIWpGRKZva2e6F6M7TA="},"chainType":2,"messageKeys":{}},"BSJ2DAM4mSLEpWGA9WFi4BEqKMdI/+A6p4ID0q71xNxz":{"chainKey":{"counter":1,"key":"PaBerhzwCQayCeNTyfJpAJTQMZ1a5sSAGsnD5DxOpXY="},"chainType":1,"messageKeys":{}}}}},"version":"v1"}