{"_sessions":{"BRHkfObT4n2cyc4rEmaADG9JQ/aT9SwV9aDeOQZ2NTkO":{"registrationId":324484397,"currentRatchet":{"ephemeralKeyPair":{"pubKey":"Bf0/mGFo/eyrKEzyfxFToEWGK3+0LdDf+Ogkoc4Id4V6","privKey":"KODT79KxaKe5J3/aioW3UqataDoVQ78puyPDWZBvTEY="},"lastRemoteEphemeralKey":"BS3MWFk01nE9sqz04pQD+cX/L75yXoIn7h/GOQU0x7F8","previousCounter":0,"rootKey":"zkLT1nh6y3VjPI0POgBfgSlXuUtc4YuchOytRevnses="},"indexInfo":{"baseKey":"BRHkfObT4n2cyc4rEmaADG9JQ/aT9SwV9aDeOQZ2NTkO","baseKeyType":1,"closed":-1,"used":1706967473423,"created":1706967473423,"remoteIdentityKey":"BTRlBHF0vooyAmq9PeJFMTz3DODn3IpZEu+WAl294BIa"},"_chains":{"Bf0/mGFo/eyrKEzyfxFToEWGK3+0LdDf+Ogkoc4Id4V6":{"chainKey":{"counter":6,"key":"2WkgGBY4ga6plDBAMYXsd8sMvzA1iq2aaOLeywgYawg="},"chainType":1,"messageKeys":{}}},"pendingPreKey":{"signedKeyId":9,"baseKey":"BRHkfObT4n2cyc4rEmaADG9JQ/aT9SwV9aDeOQZ2NTkO","preKeyId":2316410}}},"version":"v1"}