{"_sessions":{"BW7hopHeKdv1H7jeb1KNhZHgc7R3Ie2bgltjjSpXRC5r":{"registrationId":502635563,"currentRatchet":{"ephemeralKeyPair":{"pubKey":"BXJmmaS8PhHaP62zPX/FmFheJlbQld0Bgt4LjCbjvcJG","privKey":"AInCn+ShQmxBDU0cn8IClI9YtGNTjKjLiFwvwMh5klQ="},"lastRemoteEphemeralKey":"BSLqHS0FhL5STwFvGq27uKJfc3yH81qFYAhhMOBKzxxu","previousCounter":0,"rootKey":"pxFyTgUd63N+/s/W5U7SS60Co2BBRTSL9QxPiu/Oka8="},"indexInfo":{"baseKey":"BW7hopHeKdv1H7jeb1KNhZHgc7R3Ie2bgltjjSpXRC5r","baseKeyType":1,"closed":-1,"used":1706967472184,"created":1706967472184,"remoteIdentityKey":"BS6RZWszMHtCz7H19FnJ0SRifCwuyRnCsdsFtYTXn0hT"},"_chains":{"BXJmmaS8PhHaP62zPX/FmFheJlbQld0Bgt4LjCbjvcJG":{"chainKey":{"counter":6,"key":"X2tkBiHS2MZX/KKGx4oSj2I3WCOEp+JJk4FUoxz6vLs="},"chainType":1,"messageKeys":{}}},"pendingPreKey":{"signedKeyId":15,"baseKey":"BW7hopHeKdv1H7jeb1KNhZHgc7R3Ie2bgltjjSpXRC5r","preKeyId":15554060}}},"version":"v1"}