{"_sessions":{"BaMisH7+ZPFy7j0KpaKq1lP60BVODKopjvz5iBUtHIYA":{"registrationId":1132141928,"currentRatchet":{"ephemeralKeyPair":{"pubKey":"BRmDUC+MeF5Occ4HDxwvjYf3bNt1h8uDG2vkut6/I2l5","privKey":"sLhL/cRILbanRZ72Hdxkv11iTCNbVtvfngHpTxyWGW8="},"lastRemoteEphemeralKey":"BQOInF3bTTOVQyFmdoDidGe+CxbseychlxInZc5JtAUy","previousCounter":0,"rootKey":"0Me3mAueD75tcPY9dPjdA6e0fdBVVQSMFOPEjdP8GCk="},"indexInfo":{"baseKey":"BaMisH7+ZPFy7j0KpaKq1lP60BVODKopjvz5iBUtHIYA","baseKeyType":1,"closed":-1,"used":1706967472808,"created":1706967472808,"remoteIdentityKey":"BTjSFcmnjdDYA8GXw5ZhxOG8ij8TeMUPTy610h8/7FU/"},"_chains":{"BRmDUC+MeF5Occ4HDxwvjYf3bNt1h8uDG2vkut6/I2l5":{"chainKey":{"counter":6,"key":"DtvpGaWRhmDyH8PdsuL446CUdVxZjTpy5AJqDNunEQ0="},"chainType":1,"messageKeys":{}}},"pendingPreKey":{"signedKeyId":9,"baseKey":"BaMisH7+ZPFy7j0KpaKq1lP60BVODKopjvz5iBUtHIYA","preKeyId":8043983}}},"version":"v1"}