{"_sessions":{"BbUfiOrxd0GflRZgbdByXxLe9YK8B3HOXoScMNZXj4xv":{"registrationId":797234797,"currentRatchet":{"ephemeralKeyPair":{"pubKey":"BTx6oF5Th1UAeVv85flxWsfHAsqVZoMPz4DVGIahjCd+","privKey":"2E1m00oyPUhseOw1+vXyQJkmSowLybfEFe3+ksciL3g="},"lastRemoteEphemeralKey":"BQyQQ1O1PE/6MLDLWhnV2ZoIgxCVPNh3tG2zeA8NDDgP","previousCounter":0,"rootKey":"IXfNNrt+iFoZ1zJ1903Xk28Kvh5GFLjYYjl0vILRJsY="},"indexInfo":{"baseKey":"BbUfiOrxd0GflRZgbdByXxLe9YK8B3HOXoScMNZXj4xv","baseKeyType":1,"closed":-1,"used":1706967472635,"created":1706967472635,"remoteIdentityKey":"BQJHTqNurIawIFrx50hBsqnDCc3/HaTHHdVi7/k66O53"},"_chains":{"BTx6oF5Th1UAeVv85flxWsfHAsqVZoMPz4DVGIahjCd+":{"chainKey":{"counter":6,"key":"LsAd9QkoS6IpeEz8MlxhxxFfRXcQgEpSFCzLABDZljc="},"chainType":1,"messageKeys":{}}},"pendingPreKey":{"signedKeyId":1,"baseKey":"BbUfiOrxd0GflRZgbdByXxLe9YK8B3HOXoScMNZXj4xv","preKeyId":14223616}}},"version":"v1"}