{"_sessions":{"BfV/a4YeM02qHJgOTUp5bbBPilMlbw2PuWRlfzsjzq8y":{"registrationId":964790355,"currentRatchet":{"ephemeralKeyPair":{"pubKey":"BTKEpN/tYAPdeY1oTD/DuiKMxVoroonYT+OJ2U/msvN7","privKey":"6COBXEmbBcpkjcWkX5TKJkOh3iCyDt4KrQGvZTorp28="},"lastRemoteEphemeralKey":"BSoO08PoWCElzZwyaOpaNU/xeldhHLaPBHLVw/L4dItB","previousCounter":0,"rootKey":"GaKpFMcaomJDZzGibLmAVnDhAIHoJZkbeiORncFqW1M="},"indexInfo":{"baseKey":"BfV/a4YeM02qHJgOTUp5bbBPilMlbw2PuWRlfzsjzq8y","baseKeyType":1,"closed":-1,"used":1706967471907,"created":1706967471907,"remoteIdentityKey":"BQ7jjRvVBEIdMSl5wf32CQpHTXdzNtNFZtRuim7L92sS"},"_chains":{"BTKEpN/tYAPdeY1oTD/DuiKMxVoroonYT+OJ2U/msvN7":{"chainKey":{"counter":6,"key":"jr35Rx3hl4PNobjeCRXn7G+hVqCuOQhPE8IofwmAlos="},"chainType":1,"messageKeys":{}}},"pendingPreKey":{"signedKeyId":21,"baseKey":"BfV/a4YeM02qHJgOTUp5bbBPilMlbw2PuWRlfzsjzq8y","preKeyId":3221413}}},"version":"v1"}