{"_sessions":{"BdskkYchOqL00+LnhzRkF9wH8XkSOg5yEQnEX5cBw/QE":{"registrationId":929102962,"currentRatchet":{"ephemeralKeyPair":{"pubKey":"BfGU08MNt0VApGcW2YadVr+twC6hIzNV15/y/FM4h1oH","privKey":"OKdbNIJ+vZ3Wm1+xfNniuIt3N4UxJxyYJ0djlx4acHA="},"lastRemoteEphemeralKey":"BXXu1OhwQKeASylxpqO9CQC8bdIWStXvdc5l/v3QXN48","previousCounter":0,"rootKey":"ArM4vQMDDfSiT8Ie1ply+86aixoK2c4p3K2MMM0kkKk="},"indexInfo":{"baseKey":"BdskkYchOqL00+LnhzRkF9wH8XkSOg5yEQnEX5cBw/QE","baseKeyType":1,"closed":-1,"used":1706967473113,"created":1706967473113,"remoteIdentityKey":"BcwA+k59YAcKZK4xzmhCVmNj5PoEbsQ4jwDFDGmSGrYg"},"_chains":{"BfGU08MNt0VApGcW2YadVr+twC6hIzNV15/y/FM4h1oH":{"chainKey":{"counter":6,"key":"yMXRWbJNEffEdQzoRmQeyqTpmvzHDLWhV6CNcjlwlgg="},"chainType":1,"messageKeys":{}}},"pendingPreKey":{"signedKeyId":2,"baseKey":"BdskkYchOqL00+LnhzRkF9wH8XkSOg5yEQnEX5cBw/QE","preKeyId":12251055}}},"version":"v1"}