{"_sessions":{"BTLjMCetB/yMbkdMpEyM65DmFVa9iY7wLrgqTijaQmkT":{"registrationId":1949023613,"currentRatchet":{"ephemeralKeyPair":{"pubKey":"BfG+IHetuOUj7IhGRu7+eguEa2bumyDvPKO00O3B7H8q","privKey":"wIm2i8l0kk80JHmc1ybB4TLZpN4e+mhs3MY1wOlf01Q="},"lastRemoteEphemeralKey":"BbssF2yIWZVlCSCNaTe7YK5EzV/ON20Kn2FkPLFw5DhD","previousCounter":0,"rootKey":"MhTNDXdwLpqu3b2UMDFKGel2K2KTAmjgc5sqROgF4UA="},"indexInfo":{"baseKey":"BTLjMCetB/yMbkdMpEyM65DmFVa9iY7wLrgqTijaQmkT","baseKeyType":1,"closed":-1,"used":1706967473275,"created":1706967473275,"remoteIdentityKey":"BVSnNbw5B3uQLMb5HoCDKSmvNIQEbwQ5sSXtTW9HgxxK"},"_chains":{"BfG+IHetuOUj7IhGRu7+eguEa2bumyDvPKO00O3B7H8q":{"chainKey":{"counter":6,"key":"bwNathi+HHUOQ98d1EjrjrXuOtYSQzjEVtAazt97rUA="},"chainType":1,"messageKeys":{}}},"pendingPreKey":{"signedKeyId":1,"baseKey":"BTLjMCetB/yMbkdMpEyM65DmFVa9iY7wLrgqTijaQmkT","preKeyId":8490292}}},"version":"v1"}