{"_sessions":{"BfOerEbOipP3qWuIcDODJj1R8SzHw6Q/2LuwNhEtXUEs":{"registrationId":1464509812,"currentRatchet":{"ephemeralKeyPair":{"pubKey":"Bd8c2l015owEFPykTVawsrPW8tu6ohNWNc1k+Y4pLgJz","privKey":"4EWQrB2daK/MMWpQ1f+kCOFqOuHajZG2WIBle2UheEU="},"lastRemoteEphemeralKey":"BaMcHY7J2F1+X+kgqVaU7YBqbAVi96OarBBHf9uVJQ5o","previousCounter":0,"rootKey":"Bg5W13wtK+aPbNO6BBftaOGXxH8DAl/1PAPPnybdSIo="},"indexInfo":{"baseKey":"BfOerEbOipP3qWuIcDODJj1R8SzHw6Q/2LuwNhEtXUEs","baseKeyType":1,"closed":-1,"used":1706967472112,"created":1706967472112,"remoteIdentityKey":"BX0WdJPcOD9rph/pRUfGSOQzz51Kd/65dXI5CACWC+MO"},"_chains":{"Bd8c2l015owEFPykTVawsrPW8tu6ohNWNc1k+Y4pLgJz":{"chainKey":{"counter":6,"key":"V3sKOLjLB1YHSXP5jG6oOinZ8QFPk+lYIq5QYABkPFg="},"chainType":1,"messageKeys":{}}},"pendingPreKey":{"signedKeyId":10,"baseKey":"BfOerEbOipP3qWuIcDODJj1R8SzHw6Q/2LuwNhEtXUEs","preKeyId":11329369}}},"version":"v1"}