{"_sessions":{"BTGHb0MFSDvpraqaX3q1WphvUJ+zII+1qAERPbqnoplz":{"registrationId":1476053116,"currentRatchet":{"ephemeralKeyPair":{"pubKey":"Bb55zetcy3wq0vouaaNgphiahDhQtQK2JA5Lffm41/EB","privKey":"OBtv51D3mIHZEbofuJF1b2T8WTZ8duDMYA/JXK8XT3Q="},"lastRemoteEphemeralKey":"BQUa4S738YkkKAuyXZwsQB5LhjGFOGPKYwwxRH88ayRr","previousCounter":0,"rootKey":"JJULaxx+DRy+K2hmnsgFa4UJ1YBKgvcfsTtf7J+S3c4="},"indexInfo":{"baseKey":"BTGHb0MFSDvpraqaX3q1WphvUJ+zII+1qAERPbqnoplz","baseKeyType":2,"closed":-1,"used":1706967262297,"created":1706967262297,"remoteIdentityKey":"BbL7TyH3MWmgzLwE9X1U78Z3TzJUbMHOeYKfDVBQmMQK"},"_chains":{"BQUa4S738YkkKAuyXZwsQB5LhjGFOGPKYwwxRH88ayRr":{"chainKey":{"counter":0,"key":"MjIBLYX6zbUIFEI0beCSkD7Yum4UGFxlwR4n7aW1PO8="},"chainType":2,"messageKeys":{}},"Bb55zetcy3wq0vouaaNgphiahDhQtQK2JA5Lffm41/EB":{"chainKey":{"counter":6,"key":"OULWrJC05GYHEflUWy8AxFBlq9LnsjOUTLbPqJrZmF8="},"chainType":1,"messageKeys":{}}}}},"version":"v1"}