{"_sessions":{"BanEjH+QEKTLUgkWQgtPyCQrAmPWaifClyGcLrKHHWp3":{"registrationId":12389,"currentRatchet":{"ephemeralKeyPair":{"pubKey":"BSDFD4MMBDU6fP02PXvowGNCdP0/eZbL626A1WhlzvEK","privKey":"UJ43nwBE3eJuH5/1eciB3jVmXrqCq4kiEEiujTE2qUw="},"lastRemoteEphemeralKey":"BR/Os/DWjb276XRIeTc4hY5uei45y7/x1QjJnRi6RJlM","previousCounter":0,"rootKey":"0JiSmuK6JzFnepAKLBv7xKUGQw+jFl1XU8W3qiPs070="},"indexInfo":{"baseKey":"BanEjH+QEKTLUgkWQgtPyCQrAmPWaifClyGcLrKHHWp3","baseKeyType":1,"closed":-1,"used":1706967471656,"created":1706967471656,"remoteIdentityKey":"BTTn4hqNv3UqY2Tfe0HR63nRG7q5sYoWkkrpZJ4hDcdo"},"_chains":{"BSDFD4MMBDU6fP02PXvowGNCdP0/eZbL626A1WhlzvEK":{"chainKey":{"counter":6,"key":"k/JcGqO/zyUUwjB2i8OkA20SUlMQTRI7bOovnGF7Bcs="},"chainType":1,"messageKeys":{}}},"pendingPreKey":{"signedKeyId":3,"baseKey":"BanEjH+QEKTLUgkWQgtPyCQrAmPWaifClyGcLrKHHWp3","preKeyId":6022}}},"version":"v1"}