{"_sessions":{"BWD0O5XeGZHNfGChYU7/UzD5r0nb3gCh1Tds6H4l0whp":{"registrationId":494195515,"currentRatchet":{"ephemeralKeyPair":{"pubKey":"Bbec9HXS4s9MYj5WLu//8ve11DmPmj/U/TuUKfGuDl9j","privKey":"+CmfwSiO8RKPPVIo+2mTFWIHEoSZNoHhXzGSgJGzVVk="},"lastRemoteEphemeralKey":"BTRmQpkLiCHtRNSniJypyfu/4ob9TNgG6lQqujRPvfAO","previousCounter":0,"rootKey":"oM5RAFVSQJdFU0jgNVtgDLT6s8fS49VCh2l62mXVaAA="},"indexInfo":{"baseKey":"BWD0O5XeGZHNfGChYU7/UzD5r0nb3gCh1Tds6H4l0whp","baseKeyType":1,"closed":-1,"used":1706967473694,"created":1706967473694,"remoteIdentityKey":"BZWSBbDsc4UAz1wotAoRFi9BpeCVh1q9TKCtADPi0mgA"},"_chains":{"Bbec9HXS4s9MYj5WLu//8ve11DmPmj/U/TuUKfGuDl9j":{"chainKey":{"counter":6,"key":"UZLf80iJzunTbzclvq8mzPB9mrz7c4E2j7JIiaELixo="},"chainType":1,"messageKeys":{}}},"pendingPreKey":{"signedKeyId":0,"baseKey":"BWD0O5XeGZHNfGChYU7/UzD5r0nb3gCh1Tds6H4l0whp","preKeyId":9797158}}},"version":"v1"}