{"_sessions":{"BSQAIvVd+hadLj5httLcxb/48F95hTEQMY1AvOvzR7wm":{"registrationId":1129151010,"currentRatchet":{"ephemeralKeyPair":{"pubKey":"Bcxcs/bPdWmnGOL5uhPaG3Nrsya+tthboo73jsvR67Ei","privKey":"sF0YTjutLQyidwRrErbyBlOU0o8k5LBKWTQMcX3AIHc="},"lastRemoteEphemeralKey":"BZYn3/+ys8qLoAmutpxQ0xUXDlp/4sUX7Jc50kfncr8a","previousCounter":0,"rootKey":"mk65rfqgD0UUqX0iShmog5rralFiUJTeMV2TvzIbyRw="},"indexInfo":{"baseKey":"BSQAIvVd+hadLj5httLcxb/48F95hTEQMY1AvOvzR7wm","baseKeyType":1,"closed":-1,"used":1706967472910,"created":1706967472910,"remoteIdentityKey":"BW9e0O9xT0zbvUdNs3IAHFDTwqLPdQbJXgt7tifWLRYW"},"_chains":{"Bcxcs/bPdWmnGOL5uhPaG3Nrsya+tthboo73jsvR67Ei":{"chainKey":{"counter":6,"key":"6fI5E5kJPxgr4YFTK9ertIUP/kMFI1FiZ1yvar/aB50="},"chainType":1,"messageKeys":{}}},"pendingPreKey":{"signedKeyId":8,"baseKey":"BSQAIvVd+hadLj5httLcxb/48F95hTEQMY1AvOvzR7wm","preKeyId":14045643}}},"version":"v1"}