{"_sessions":{"BTJxGRALYpV4iCFX+ZRa6/6344QyPad+RAA+p9QxHTo+":{"registrationId":375884995,"currentRatchet":{"ephemeralKeyPair":{"pubKey":"BemBISBUBr9Sfg0gZ9pJXl6Dzvl545tex0V+D3yFZRlu","privKey":"GNiWZzM9RqlIKt8fuysiD15Qi5eoEHfk3In1Q71si08="},"lastRemoteEphemeralKey":"BcrXIaOyMFEa4i1dkVVwlInOagrOig6O/IPCUCjK63lv","previousCounter":0,"rootKey":"/VhHvAsdeoHR9po5IEkw2ZocXy4soDogkjBGlomSU20="},"indexInfo":{"baseKey":"BTJxGRALYpV4iCFX+ZRa6/6344QyPad+RAA+p9QxHTo+","baseKeyType":1,"closed":-1,"used":1706967473897,"created":1706967473897,"remoteIdentityKey":"BTeXARLAfimcnqXRFbfJDqByzvfX+LeVjO6VMBYBxn0A"},"_chains":{"BemBISBUBr9Sfg0gZ9pJXl6Dzvl545tex0V+D3yFZRlu":{"chainKey":{"counter":6,"key":"eW3TI0dLtot1dSDarnOrDf+wjVdfU3IvuVazBWV9k6s="},"chainType":1,"messageKeys":{}}},"pendingPreKey":{"signedKeyId":0,"baseKey":"BTJxGRALYpV4iCFX+ZRa6/6344QyPad+RAA+p9QxHTo+","preKeyId":10130099}}},"version":"v1"}