{"_sessions":{"BfPzGkye5KxdpYSF03oeeLQ91WKRTjmXie+prbVu8cUi":{"registrationId":1335,"currentRatchet":{"ephemeralKeyPair":{"pubKey":"BevbywgNTFYZJ/mfKUDjiAYIlCUccgf7zGJeYgqPNLpX","privKey":"cLwk1VJZ2sKWiQFnAyRGvf8tw9an8rAGU2kVA2dpzXU="},"lastRemoteEphemeralKey":"BXDv/4zWEfsHW3n1s/HRuAa42YuNCoDdPNgEdLT8mx5h","previousCounter":0,"rootKey":"ZHFjj7OhrtTsiDdlUNE921H+CPDiwzGal5tBxxAnj9Y="},"indexInfo":{"baseKey":"BfPzGkye5KxdpYSF03oeeLQ91WKRTjmXie+prbVu8cUi","baseKeyType":1,"closed":-1,"used":1706967471674,"created":1706967471674,"remoteIdentityKey":"BXuEfnssrro/7ZXCQZTwAK826bj9vYsP7VDn02Eux78W"},"_chains":{"BevbywgNTFYZJ/mfKUDjiAYIlCUccgf7zGJeYgqPNLpX":{"chainKey":{"counter":6,"key":"GIyvlm15/pRr4y6XMyAO9msvM7i2RyBMpIzmJrlvtEQ="},"chainType":1,"messageKeys":{}}},"pendingPreKey":{"signedKeyId":1,"baseKey":"BfPzGkye5KxdpYSF03oeeLQ91WKRTjmXie+prbVu8cUi","preKeyId":304}}},"version":"v1"}