{"_sessions":{"BdOjVz5zTSHQrIwcrEmPccf1r5bLU8meCVis0xOYYfJH":{"registrationId":1802226237,"currentRatchet":{"ephemeralKeyPair":{"pubKey":"BYzAyEWjJb/VGw6zLj8yS0DzYgoCgu8W/jdjuD0z+9Ik","privKey":"4P8bgSlin/DbVo5eoRHhA0fzahLwCF4Tz951TrrYV2Q="},"lastRemoteEphemeralKey":"BYxlQYJtr9jEKn0Hrt9bIeOiRJOF7+vNin4FTgGcfeFi","previousCounter":0,"rootKey":"YDYYtPJRIrUh/1OPWstlOB0J6FlK8IazVbHGzK7ZkGA="},"indexInfo":{"baseKey":"BdOjVz5zTSHQrIwcrEmPccf1r5bLU8meCVis0xOYYfJH","baseKeyType":1,"closed":-1,"used":1706967471961,"created":1706967471961,"remoteIdentityKey":"BVqXjzUL3v/NTtTyJsT86GiBY0UsavQvwbz8LukT+fUe"},"_chains":{"BYzAyEWjJb/VGw6zLj8yS0DzYgoCgu8W/jdjuD0z+9Ik":{"chainKey":{"counter":6,"key":"dn725HljZT7Nb2lZRy+xj+Z1xpT+PEzUGBj4B4tncR0="},"chainType":1,"messageKeys":{}}},"pendingPreKey":{"signedKeyId":604,"baseKey":"BdOjVz5zTSHQrIwcrEmPccf1r5bLU8meCVis0xOYYfJH","preKeyId":7245929}}},"version":"v1"}