{"_sessions":{"BT4FmbKN/CMrYI3ZMGBCQU8H9Szm3JeZPqYlFcMKo3cA":{"registrationId":1145918793,"currentRatchet":{"ephemeralKeyPair":{"pubKey":"BXy+ANSjHRDiY6eAQsDtlaVS87xy3rT0uPVZU/4RRH5/","privKey":"UIsNqgl5uWtkJqb9e0G0fZ655cCJ4Fa/GefR3LD8tnQ="},"lastRemoteEphemeralKey":"BeIbj86/cJq8BOjYuM57JG67nHULs4sCn18MHezzo7Yj","previousCounter":0,"rootKey":"1/ra3jMpwbaWSfqXh7MhxRbFi8T+kWm0DMiB98bkCOw="},"indexInfo":{"baseKey":"BT4FmbKN/CMrYI3ZMGBCQU8H9Szm3JeZPqYlFcMKo3cA","baseKeyType":1,"closed":-1,"used":1706967472004,"created":1706967472004,"remoteIdentityKey":"BXv9SylRnRzb4ipB1tgp/hjzEDaNdxI2p87Tiek24X94"},"_chains":{"BXy+ANSjHRDiY6eAQsDtlaVS87xy3rT0uPVZU/4RRH5/":{"chainKey":{"counter":6,"key":"ocmlO7HTdN/5q1cQLabXj5JPPezPgoTnFOTg/9RtvHo="},"chainType":1,"messageKeys":{}}},"pendingPreKey":{"signedKeyId":1,"baseKey":"BT4FmbKN/CMrYI3ZMGBCQU8H9Szm3JeZPqYlFcMKo3cA","preKeyId":230747}}},"version":"v1"}