{"_sessions":{"BZb2RYe+BJhqr5ACpPMst6Ath4D4zLGTXrkzpT4v2IoP":{"registrationId":1765752655,"currentRatchet":{"ephemeralKeyPair":{"pubKey":"BQpaQWfo2DE8R0x/Gbn6q7Yd7NrenK8cvZZjiMFM5L1L","privKey":"OHb+8iq69RBPAbJTVCXTeLOJoDp3Ys909cebogcVclM="},"lastRemoteEphemeralKey":"BdWWgjS82slgkQqqP/6BtF5nNQs0PaXCfiVB47dH0S83","previousCounter":0,"rootKey":"JTphTJanPr6d25UNF8L+N1aZaDQTRFk+VKPxSaun0K4="},"indexInfo":{"baseKey":"BZb2RYe+BJhqr5ACpPMst6Ath4D4zLGTXrkzpT4v2IoP","baseKeyType":1,"closed":-1,"used":1706967473023,"created":1706967473023,"remoteIdentityKey":"BZc2TZTpEJBWCqWdYDPXtHS62CfxotcSlHMDmODwCGV+"},"_chains":{"BQpaQWfo2DE8R0x/Gbn6q7Yd7NrenK8cvZZjiMFM5L1L":{"chainKey":{"counter":6,"key":"dJvBtKHk0ii2IdYM4XfQAhEoB1W87nB9GrUZZWbjrRk="},"chainType":1,"messageKeys":{}}},"pendingPreKey":{"signedKeyId":7,"baseKey":"BZb2RYe+BJhqr5ACpPMst6Ath4D4zLGTXrkzpT4v2IoP","preKeyId":15439634}}},"version":"v1"}