{"_sessions":{"BdJn2no8FBQRowdLhxZVcY2MwdVrPlYEZT4DtPxj1iwv":{"registrationId":10391,"currentRatchet":{"ephemeralKeyPair":{"pubKey":"BSOBfpTaGhOdK/QyC6XyR7NhNGMpPneWu440Nx5lLEY8","privKey":"KAT39dMwrEgY4fyJboJhm2YEoLK81h6dRx4lFWwwOWc="},"lastRemoteEphemeralKey":"Bb3j5N7QZeSmrEEz6VIxKrJDVIB83X0VQPt2VVaQC2Zy","previousCounter":0,"rootKey":"URbjE/djMDYkCruCTySbYcAeIB/4Ezh3fyld+8H4x9Y="},"indexInfo":{"baseKey":"BdJn2no8FBQRowdLhxZVcY2MwdVrPlYEZT4DtPxj1iwv","baseKeyType":1,"closed":-1,"used":1706967471386,"created":1706967471386,"remoteIdentityKey":"BdFj7Qn8UQREvU7PH11cvok/UHxBMUOrKi4nGKSgsVZb"},"_chains":{"BSOBfpTaGhOdK/QyC6XyR7NhNGMpPneWu440Nx5lLEY8":{"chainKey":{"counter":6,"key":"afINHmbGwrCgB8nEARv4OlGohREGaAjf63aZJu5j5fk="},"chainType":1,"messageKeys":{}}},"pendingPreKey":{"signedKeyId":8,"baseKey":"BdJn2no8FBQRowdLhxZVcY2MwdVrPlYEZT4DtPxj1iwv","preKeyId":5736}}},"version":"v1"}