{"_sessions":{"BWB78by8GFsty1PR4xTDQ4u3VQCgCgZa2x4lSftKb2te":{"registrationId":528998953,"currentRatchet":{"ephemeralKeyPair":{"pubKey":"BXZFw0oqRLzRPTLRLeMCrIO7UKPXDa6YroPedsSdfOoI","privKey":"8JjG7Pry2GQ4DqgLB47V+uAIqXqmfmSmYeQsquOl2WU="},"lastRemoteEphemeralKey":"BaJLhQn5+F7rYTBVVggExzPPo7wBJ+u0kNd16GgVjbV1","previousCounter":0,"rootKey":"7PXawDW7GJd9yJ3KJKVoINRdQJR6NHYwRKA4bu9rQx8="},"indexInfo":{"baseKey":"BWB78by8GFsty1PR4xTDQ4u3VQCgCgZa2x4lSftKb2te","baseKeyType":1,"closed":-1,"used":1706967471510,"created":1706967471510,"remoteIdentityKey":"BWrbu+Xy2IMtiIviO4QAYwlhacCK7xISVmfEkD09FDp5"},"_chains":{"BXZFw0oqRLzRPTLRLeMCrIO7UKPXDa6YroPedsSdfOoI":{"chainKey":{"counter":6,"key":"tM4OfMNWeZAxquKnbrW5T2aKFHh/4m10PZQb12h7Dbc="},"chainType":1,"messageKeys":{}}},"pendingPreKey":{"signedKeyId":1,"baseKey":"BWB78by8GFsty1PR4xTDQ4u3VQCgCgZa2x4lSftKb2te"}}},"version":"v1"}