{"_sessions":{"BdM+9ktpOjwlx04T2ezddqWa1RA4sZyZoq/R8KVft/d4":{"registrationId":1763212303,"currentRatchet":{"ephemeralKeyPair":{"pubKey":"BZS74ifrRGA0e9oJFNjRtCE9DC89M8bDjD5umYCTb2xE","privKey":"ONgmZW/UGjxQP7nE5c0bzy2L/tYsYTOsVd75cUkv9Gw="},"lastRemoteEphemeralKey":"BW2UvaVn5wZ2j+uaCe99uYIlCskF5SDCimfl7a66vqso","previousCounter":0,"rootKey":"28JmjHnrfdD1voKAPwAymQ+aaCYBRsx04l+ZDwvq0Ns="},"indexInfo":{"baseKey":"BdM+9ktpOjwlx04T2ezddqWa1RA4sZyZoq/R8KVft/d4","baseKeyType":1,"closed":-1,"used":1706967473868,"created":1706967473868,"remoteIdentityKey":"BSRwToijuNq2kVjpxncncWdHOvU4+tbOpbucT4MOFhEY"},"_chains":{"BZS74ifrRGA0e9oJFNjRtCE9DC89M8bDjD5umYCTb2xE":{"chainKey":{"counter":6,"key":"34Eb5yB6Zdhv56K2Fc9IML1ZxrtYy7GnXCU5JqBlXSg="},"chainType":1,"messageKeys":{}}},"pendingPreKey":{"signedKeyId":4,"baseKey":"BdM+9ktpOjwlx04T2ezddqWa1RA4sZyZoq/R8KVft/d4","preKeyId":12120798}}},"version":"v1"}