{"_sessions":{"BciVLkj/YT8ca0iyH5R0S1jLn1TiyGdV6fxlDgey2Qs7":{"registrationId":604466472,"currentRatchet":{"ephemeralKeyPair":{"pubKey":"BWnQDFWBlu9t1J/glx2XaldF9oOVp01KcWgixYU+9Rwe","privKey":"KHdtF17KsguiooicC2Xq5xxT1VKIHJC+MjTJdCFSIVs="},"lastRemoteEphemeralKey":"Bfym+bxfz3z896ys9bS2roZzq/vdWxy66AjLDjhyvQBC","previousCounter":0,"rootKey":"6ulRTVex9/3+gl/s7gZoyHcQqca2HYnTJ558o4G72jk="},"indexInfo":{"baseKey":"BciVLkj/YT8ca0iyH5R0S1jLn1TiyGdV6fxlDgey2Qs7","baseKeyType":1,"closed":-1,"used":1706967473003,"created":1706967473003,"remoteIdentityKey":"Bf9dEXMTbaW7vGAXgheFXnq6Iobhsy/XZ7ghY6sw4xpc"},"_chains":{"BWnQDFWBlu9t1J/glx2XaldF9oOVp01KcWgixYU+9Rwe":{"chainKey":{"counter":6,"key":"V2xx0x8ncraDC0wgPry6QsG199GrX+uagF9yJnEOXcY="},"chainType":1,"messageKeys":{}}},"pendingPreKey":{"signedKeyId":13,"baseKey":"BciVLkj/YT8ca0iyH5R0S1jLn1TiyGdV6fxlDgey2Qs7","preKeyId":11073664}}},"version":"v1"}