{"_sessions":{"BXAM7iVo0OShCPIBL64+jsrlQUlNEGwrR8ZaG4eikqlC":{"registrationId":1472639488,"currentRatchet":{"ephemeralKeyPair":{"pubKey":"BZadyZ4mztRPPn15Ab8DqLGveo0gRBjPMbnNIL0/roFt","privKey":"yArqiCkqMSJlnxG4lsYMJ1C5jrsXLi6P3bpPaYPFWGQ="},"lastRemoteEphemeralKey":"BYXKC59xBpDhw/l6JqOYiaaeFGojZNo0D2y+J2waDcFo","previousCounter":0,"rootKey":"QHn6k3lzo/jP0arv/RpLPOYxbUvEqZFU55Erdf4KdJk="},"indexInfo":{"baseKey":"BXAM7iVo0OShCPIBL64+jsrlQUlNEGwrR8ZaG4eikqlC","baseKeyType":1,"closed":-1,"used":1706967472845,"created":1706967472845,"remoteIdentityKey":"Bf7Z0wxNZXYIPk/WMlCb7/pdVbYtCYdAs+GUhzr5ViNs"},"_chains":{"BZadyZ4mztRPPn15Ab8DqLGveo0gRBjPMbnNIL0/roFt":{"chainKey":{"counter":6,"key":"DRjEd1u+GllDtJDKCc5xbyj4vLGwTHTg67U7B8vDTV8="},"chainType":1,"messageKeys":{}}},"pendingPreKey":{"signedKeyId":3,"baseKey":"BXAM7iVo0OShCPIBL64+jsrlQUlNEGwrR8ZaG4eikqlC","preKeyId":4755112}}},"version":"v1"}