{"_sessions":{"BdvQrHYt+13rmtKv+7ShnrA4LC981rU+e5/Y36Dqf9dA":{"registrationId":585475680,"currentRatchet":{"ephemeralKeyPair":{"pubKey":"BZyKB40NrmNzFK0PB/pBI2qQX2pGqmnRciB5X8pQjIg8","privKey":"0HO7pJEX9tR9uRJiVbOA+pdJ+MAME788DPw/rtooHG0="},"lastRemoteEphemeralKey":"Ba8wju6G8GMMj0ALt0qJ+rZXpA3uUh/tln7HD6SxlZs3","previousCounter":0,"rootKey":"sllncWBH9QUOXUq5mMQK5Sx3Jy1SUw0o795s6AIoW2A="},"indexInfo":{"baseKey":"BdvQrHYt+13rmtKv+7ShnrA4LC981rU+e5/Y36Dqf9dA","baseKeyType":1,"closed":-1,"used":1706967472997,"created":1706967472997,"remoteIdentityKey":"BZO/eUvhoQlpgks2klIPMH9pKquiGH2ztOTsdxLhaCZo"},"_chains":{"BZyKB40NrmNzFK0PB/pBI2qQX2pGqmnRciB5X8pQjIg8":{"chainKey":{"counter":6,"key":"XVzdIo9z7k5bGY3fQuSV6RsEWrpvsH6ELyZ6SFo9Glk="},"chainType":1,"messageKeys":{}}},"pendingPreKey":{"signedKeyId":37,"baseKey":"BdvQrHYt+13rmtKv+7ShnrA4LC981rU+e5/Y36Dqf9dA","preKeyId":960190}}},"version":"v1"}