{"_sessions":{"BR/uSOrGz79Vldrg6T1bH2mGoYV/pqfoEWGfTRFXFXdm":{"registrationId":1275837243,"currentRatchet":{"ephemeralKeyPair":{"pubKey":"BU5kA4IFKUKtrDUGL8WSao1V4iDcgn4a4pPgkQPp/F8G","privKey":"YLJk4JjmKiIGPOrh8HAHvn+4ruZDn5kYeJubg74SLGE="},"lastRemoteEphemeralKey":"BZnB5Pkdy5aKzDwE4scFUCx9HCk+14Wh1YYJLsToGeVc","previousCounter":0,"rootKey":"j93XLD7G9KMbpVzmoLM/w3RSZO8QO/HTag9xEBA3NMA="},"indexInfo":{"baseKey":"BR/uSOrGz79Vldrg6T1bH2mGoYV/pqfoEWGfTRFXFXdm","baseKeyType":1,"closed":-1,"used":1706967471954,"created":1706967471954,"remoteIdentityKey":"BRQh6Nqd51vet6ejoXujhIHj5Z2Xd6egGc//leHmSrMA"},"_chains":{"BU5kA4IFKUKtrDUGL8WSao1V4iDcgn4a4pPgkQPp/F8G":{"chainKey":{"counter":6,"key":"b5RehFgd+ZZc60tyyNdJeY+rszUvb2Uc+cOY52otjGI="},"chainType":1,"messageKeys":{}}},"pendingPreKey":{"signedKeyId":6,"baseKey":"BR/uSOrGz79Vldrg6T1bH2mGoYV/pqfoEWGfTRFXFXdm","preKeyId":1557572}}},"version":"v1"}