{"_sessions":{"BT670I/tT4ucM/yI/wckV0R66WhW8k6EUxNoXLZhLptG":{"registrationId":513521289,"currentRatchet":{"ephemeralKeyPair":{"pubKey":"BXYERY917PtNMM7ys05nFpwoS9SbIW9Bt0wzzDLHEkcU","privKey":"AJK2C5zawMrhJuEYBeCCgpXAr99cZtVEEQNIz+teJlk="},"lastRemoteEphemeralKey":"BVb6Hw7AgGSCJ19v6DqLSVwBmY/e1q90Wod0gV5wPXY2","previousCounter":0,"rootKey":"mtqXKuSVKiuZlyn3qXSfmhKDJfhOv4OsSVWv/rt1oxU="},"indexInfo":{"baseKey":"BT670I/tT4ucM/yI/wckV0R66WhW8k6EUxNoXLZhLptG","baseKeyType":1,"closed":-1,"used":1706967472286,"created":1706967472286,"remoteIdentityKey":"BazdsMLYMqUiImecKp2N4WajsmcSEypxfZ7AD021WGsK"},"_chains":{"BXYERY917PtNMM7ys05nFpwoS9SbIW9Bt0wzzDLHEkcU":{"chainKey":{"counter":6,"key":"5jsdbqcL9BtJS9McimFLuU8fPXz/sIU6g6oO7jxCSM8="},"chainType":1,"messageKeys":{}}},"pendingPreKey":{"signedKeyId":3,"baseKey":"BT670I/tT4ucM/yI/wckV0R66WhW8k6EUxNoXLZhLptG","preKeyId":7402538}}},"version":"v1"}