{"_sessions":{"BStk3XakVB8Xs2iSnuCE/OOJhGm2HXwt+wNdNoQOPbBl":{"registrationId":1485845372,"currentRatchet":{"ephemeralKeyPair":{"pubKey":"BQDlEPA2E7lZSZYbfRcChRmthLNNgsBadiqem0CGmSQz","privKey":"iJrLmwjXULGwsKfGD94FFYFnrsArBDUc+A/EnQu1ZE0="},"lastRemoteEphemeralKey":"BQT39Nwqb3bPrhE1uL9IxYUZW8jU+sMVdrF6WrPMaMwu","previousCounter":0,"rootKey":"JUW6zHCpmbULEcfQYbMAptOjFW81C354NvdDDvFyPak="},"indexInfo":{"baseKey":"BStk3XakVB8Xs2iSnuCE/OOJhGm2HXwt+wNdNoQOPbBl","baseKeyType":1,"closed":-1,"used":1706967473336,"created":1706967473336,"remoteIdentityKey":"BZ4X+/g/iD/YZit9N+6z7SevHRNaEFXwo50Twx2jDGJg"},"_chains":{"BQDlEPA2E7lZSZYbfRcChRmthLNNgsBadiqem0CGmSQz":{"chainKey":{"counter":6,"key":"0pFU2ZZApMGz7CxZeQlkH5gqebU9uh59uy6T7cBEFCM="},"chainType":1,"messageKeys":{}}},"pendingPreKey":{"signedKeyId":11,"baseKey":"BStk3XakVB8Xs2iSnuCE/OOJhGm2HXwt+wNdNoQOPbBl","preKeyId":2107483}}},"version":"v1"}