{"_sessions":{"BWCB6v6fgGYGxFEQfJB+N5S/yviWj55rj1iyngAvlSkB":{"registrationId":184526875,"currentRatchet":{"ephemeralKeyPair":{"pubKey":"BQf9b9b/yOojHAJIzKPOF3IYR+X4oE/K26d9Rdt6jv1r","privKey":"WCszAH2JLDjpLvL3Go1w/bH4ug7uQIK07wkYISjVJEI="},"lastRemoteEphemeralKey":"BQFXd3tGzjlhPcGtrupzpMPE4CSgjMa4Cdw+NyZjpIdD","previousCounter":0,"rootKey":"7YZd79An9iUi6dYoMFOrSFjh1vLHQtJama5Qvy2mUf8="},"indexInfo":{"baseKey":"BWCB6v6fgGYGxFEQfJB+N5S/yviWj55rj1iyngAvlSkB","baseKeyType":1,"closed":-1,"used":1706967473391,"created":1706967473391,"remoteIdentityKey":"BWj7tr7XyjkRuzXKWKwbI7kaxLc5cYRK50GANqKdgwRY"},"_chains":{"BQf9b9b/yOojHAJIzKPOF3IYR+X4oE/K26d9Rdt6jv1r":{"chainKey":{"counter":6,"key":"0j6ucdBwa4979e3ZuCsQ4CidgG5RPitWdoTJ58qk6wM="},"chainType":1,"messageKeys":{}}},"pendingPreKey":{"signedKeyId":1,"baseKey":"BWCB6v6fgGYGxFEQfJB+N5S/yviWj55rj1iyngAvlSkB","preKeyId":15828295}}},"version":"v1"}