{"_sessions":{"BUPNb+ShW9gLBmawGkBdh089949zMfV890zclcLxgtpW":{"registrationId":1376622557,"currentRatchet":{"ephemeralKeyPair":{"pubKey":"BeT6tAKklijGcmTplOby5VkPAXOlYzRh9MNAPVmb1R4E","privKey":"cLIS/VFcwbaSIOfnDJ+BnXZ597r8hSeWNJe2szAaLEk="},"lastRemoteEphemeralKey":"BYhb7/4LJM+I8ILVV4kMJJyxv7PNDeYpCklmduWdvN0v","previousCounter":0,"rootKey":"eAlT/hUAxn67KKwP4/aeMbaPjY4w0dOwDBw91E8U3v0="},"indexInfo":{"baseKey":"BUPNb+ShW9gLBmawGkBdh089949zMfV890zclcLxgtpW","baseKeyType":1,"closed":-1,"used":1706967473372,"created":1706967473372,"remoteIdentityKey":"BUDJAU837Bm2autELInN4SUqBdB2NXU5fafTUJd9ITMu"},"_chains":{"BeT6tAKklijGcmTplOby5VkPAXOlYzRh9MNAPVmb1R4E":{"chainKey":{"counter":6,"key":"GTTAfaXPoP2jdswIeh/zuY8rVT2zlLv9R2bMSvhErOY="},"chainType":1,"messageKeys":{}}},"pendingPreKey":{"signedKeyId":5,"baseKey":"BUPNb+ShW9gLBmawGkBdh089949zMfV890zclcLxgtpW","preKeyId":1057773}}},"version":"v1"}