{"_sessions":{"BTiOP/rOFgMQgi79Q+3e2p3exa5Ix8oxCWH7VmcTTAJI":{"registrationId":1678972399,"currentRatchet":{"ephemeralKeyPair":{"pubKey":"BVh4sHe4MkiKjVca72rsNuyzLBxtEiDouDtYRSycRd5Z","privKey":"eCYUpgKHqF/0d2QjgctJjjsPY5NpWcfHr1uWwc4iAU8="},"lastRemoteEphemeralKey":"BVLSO1kVeIZnSNFGxTmFUoJdJjk7fxNpFsGYVVE48/JR","previousCounter":0,"rootKey":"nW8MUAUnCi3tIa4W7qZU+yr/g3D96C2IGf8I/VEgzFw="},"indexInfo":{"baseKey":"BTiOP/rOFgMQgi79Q+3e2p3exa5Ix8oxCWH7VmcTTAJI","baseKeyType":1,"closed":-1,"used":1706967474064,"created":1706967474064,"remoteIdentityKey":"BcZaVt1RzTb9dTivB1a/loorGuS9EuwACu5kbDybsEko"},"_chains":{"BVh4sHe4MkiKjVca72rsNuyzLBxtEiDouDtYRSycRd5Z":{"chainKey":{"counter":6,"key":"zTufrJxsFWL6ZB2pc8Ix7VgXIlrlyPeVCzWWZuAY8g0="},"chainType":1,"messageKeys":{}}},"pendingPreKey":{"signedKeyId":3,"baseKey":"BTiOP/rOFgMQgi79Q+3e2p3exa5Ix8oxCWH7VmcTTAJI","preKeyId":3639952}}},"version":"v1"}