{"_sessions":{"BZTP6mxJ7kpVoop8gyZSdwMpVY67gNTPQMM2M2deBdRV":{"registrationId":2018032674,"currentRatchet":{"ephemeralKeyPair":{"pubKey":"BdeauWvYHIVkrxptE5qBPOIcNLVbdiluHyfRQUaAnT9x","privKey":"cBNbYfNaf2F6m5X4AizcZDXYyzphzO5/jIYEvG11YVQ="},"lastRemoteEphemeralKey":"Bd31WkKpLxvel601k2ZvLSlVzAiH140Z1NTp18IzLccm","previousCounter":0,"rootKey":"ajtb1HotSMPUI5Yf27VXei+W+JSEltjQTWW0rm6DZy8="},"indexInfo":{"baseKey":"BZTP6mxJ7kpVoop8gyZSdwMpVY67gNTPQMM2M2deBdRV","baseKeyType":1,"closed":-1,"used":1706967474037,"created":1706967474037,"remoteIdentityKey":"BUHw5X9mYDNIt3rX1OUkts0D0xaguowC0PDm1HVMfwon"},"_chains":{"BdeauWvYHIVkrxptE5qBPOIcNLVbdiluHyfRQUaAnT9x":{"chainKey":{"counter":6,"key":"aaK/jTWjGR87KuW+dO+mULeaI5BBLdZmAHGa/MmNu+4="},"chainType":1,"messageKeys":{}}},"pendingPreKey":{"signedKeyId":3,"baseKey":"BZTP6mxJ7kpVoop8gyZSdwMpVY67gNTPQMM2M2deBdRV","preKeyId":13620068}}},"version":"v1"}