{"_sessions":{"Ba8Jdc7JhgpynpZWxG65X9Rn+Ge8/f13Dzsq33z3bOV6":{"registrationId":709842502,"currentRatchet":{"ephemeralKeyPair":{"pubKey":"Bbn0PZ+n7NQaZc0lhxpsZdCjJ4tTpBT66GCOOINzXAo/","privKey":"IKtbRR46XJT02SFw7bjWwFiRFrw8mK21dmHCZZs+7ls="},"lastRemoteEphemeralKey":"BVCN+lSpSZZ4+cdQJ01z/2uZWIQKbV0bsd34ra3ZalwW","previousCounter":0,"rootKey":"1kgqDNemdujOQ2UPFl4t06QRwk6j/0/HybUY6aMYpxA="},"indexInfo":{"baseKey":"Ba8Jdc7JhgpynpZWxG65X9Rn+Ge8/f13Dzsq33z3bOV6","baseKeyType":1,"closed":-1,"used":1706967472053,"created":1706967472053,"remoteIdentityKey":"BXgVclkeeBkvQOon/IxVRN++VAK3opwpjutnMXHR39pL"},"_chains":{"Bbn0PZ+n7NQaZc0lhxpsZdCjJ4tTpBT66GCOOINzXAo/":{"chainKey":{"counter":6,"key":"GQWt11lkUl94mbtZvC5N6Odw8JvGtV7GsaSVTiEMs/U="},"chainType":1,"messageKeys":{}}},"pendingPreKey":{"signedKeyId":7,"baseKey":"Ba8Jdc7JhgpynpZWxG65X9Rn+Ge8/f13Dzsq33z3bOV6","preKeyId":13267796}}},"version":"v1"}