{"_sessions":{"BSM31cSEjHJWz9QO7aGCUGbCeuFAlHX7O0R0bhSqUaQM":{"registrationId":1245496768,"currentRatchet":{"ephemeralKeyPair":{"pubKey":"BcsL17Qs0x+WjP6xdRHE194IORmxyJjWgv5ZmpsB+k9h","privKey":"gG0kYTe5iqc9/Ll67M/0Bw3YAG1siTlyFjGrPg/VZ3E="},"lastRemoteEphemeralKey":"BVx05hw4/3ecuu2o6CuJAvRyA6/Pd72yZAgSCVBjnppG","previousCounter":0,"rootKey":"u1+ohIAwZ5E0lR43AE8BQGRyQ0C8X38JODRVTsmbQpg="},"indexInfo":{"baseKey":"BSM31cSEjHJWz9QO7aGCUGbCeuFAlHX7O0R0bhSqUaQM","baseKeyType":1,"closed":-1,"used":1706967472718,"created":1706967472718,"remoteIdentityKey":"BZBZbRaFGF7ZB5E/K0DndctXLWaheHMpSi7a/np+VnlY"},"_chains":{"BcsL17Qs0x+WjP6xdRHE194IORmxyJjWgv5ZmpsB+k9h":{"chainKey":{"counter":6,"key":"ujCQhcFWuv3Rp0A24xBq833icu+hhqmNdg3dEhlkMSM="},"chainType":1,"messageKeys":{}}},"pendingPreKey":{"signedKeyId":1,"baseKey":"BSM31cSEjHJWz9QO7aGCUGbCeuFAlHX7O0R0bhSqUaQM","preKeyId":15957686}}},"version":"v1"}