{"_sessions":{"BcVeiSZZ36mPEJnDV7wL9MSeG8jbhDiKCOfY3EqoOE8Y":{"registrationId":882839454,"currentRatchet":{"ephemeralKeyPair":{"pubKey":"BQZEZ1KZSxOZAS2Nc6UiHEEIUFCna5JkNbQBiEbYpWVx","privKey":"4AvcBso3e9gzLmneH2UnlBvBGyFE9KCL6Qc2Me9e90w="},"lastRemoteEphemeralKey":"BcA/cDe2IuzEo8yuldaDyH+wKRAKyd3PbGzHNRU274MQ","previousCounter":0,"rootKey":"inGvM+ekTgOQ2g4cOn1RhkbDZmvWVLDWjjGKtvMYwbw="},"indexInfo":{"baseKey":"BcVeiSZZ36mPEJnDV7wL9MSeG8jbhDiKCOfY3EqoOE8Y","baseKeyType":1,"closed":-1,"used":1706967472222,"created":1706967472222,"remoteIdentityKey":"BVei6xy+o7lhKY0ZOGbBBuB0Aq1/wM48oaQU4eyU5ntc"},"_chains":{"BQZEZ1KZSxOZAS2Nc6UiHEEIUFCna5JkNbQBiEbYpWVx":{"chainKey":{"counter":6,"key":"x6JrwVfXjjvW/D+cZYmZtI851HETsIuAcb0GhwFJscQ="},"chainType":1,"messageKeys":{}}},"pendingPreKey":{"signedKeyId":8,"baseKey":"BcVeiSZZ36mPEJnDV7wL9MSeG8jbhDiKCOfY3EqoOE8Y","preKeyId":14799668}}},"version":"v1"}