{"_sessions":{"BdXHqN4I28/uKLUROmcJSKUCmaY1v8P6gLYnClShc6Zd":{"registrationId":1125546223,"currentRatchet":{"ephemeralKeyPair":{"pubKey":"Behj7fhFRuEl5Iw8JCEzra3GcG3R+m7rmCIori42K89P","privKey":"gKj9Ws2V6J77CvrFCA6+rbvYCOVSCIBXTdgZg9MRUHU="},"lastRemoteEphemeralKey":"Bbdf0pMHYD2svGU6nAIMIdX7PlNC5k7cdQU+ismY9Ep8","previousCounter":0,"rootKey":"YG8CNxeu2AMOlMI1h64pUhfJM/nCND4Ao0lTh5c2x3E="},"indexInfo":{"baseKey":"BdXHqN4I28/uKLUROmcJSKUCmaY1v8P6gLYnClShc6Zd","baseKeyType":1,"closed":-1,"used":1706967472922,"created":1706967472922,"remoteIdentityKey":"BUNnd+qKzxmqT5g8z5zOAC4//Khob+5iHWwglJOp6zkA"},"_chains":{"Behj7fhFRuEl5Iw8JCEzra3GcG3R+m7rmCIori42K89P":{"chainKey":{"counter":6,"key":"hHRLBOmC4qpVjfrNf6moaFLlqtrUr3MP1otZqdWFA9c="},"chainType":1,"messageKeys":{}}},"pendingPreKey":{"signedKeyId":6,"baseKey":"BdXHqN4I28/uKLUROmcJSKUCmaY1v8P6gLYnClShc6Zd","preKeyId":6340433}}},"version":"v1"}