{"_sessions":{"BVxyM2ZUcfqwn65rV5HFjY4n2XTcXv3racJNc+WJ0l5z":{"registrationId":420328083,"currentRatchet":{"ephemeralKeyPair":{"pubKey":"BU4QHlDi4wqyX1NRiRCc4SxszcVwxccxDQk8RkMwefgC","privKey":"YOyC+oTU1lkqMZywAP9LE+L0TmtKNiTieAmkp6PfEG0="},"lastRemoteEphemeralKey":"BUEuzrWuqyi+w35KuRDKM5Yd/MkiGAZbkO+tFbu1um9H","previousCounter":0,"rootKey":"9ZS9rjPRbCMjlhNY5K7322C8myvP+Q1kaY7VEsS9Slw="},"indexInfo":{"baseKey":"BVxyM2ZUcfqwn65rV5HFjY4n2XTcXv3racJNc+WJ0l5z","baseKeyType":1,"closed":-1,"used":1706967472359,"created":1706967472359,"remoteIdentityKey":"BabOuTPThfqK4I0156FNUUl2/5mXuAoSb0Tdyxg7Bnhr"},"_chains":{"BU4QHlDi4wqyX1NRiRCc4SxszcVwxccxDQk8RkMwefgC":{"chainKey":{"counter":6,"key":"RJwUjwTKPWT+9iuSc9QpfiPaKPzpGQFJHiZZVC0ZaxA="},"chainType":1,"messageKeys":{}}},"pendingPreKey":{"signedKeyId":9861672,"baseKey":"BVxyM2ZUcfqwn65rV5HFjY4n2XTcXv3racJNc+WJ0l5z","preKeyId":9875}}},"version":"v1"}