{"_sessions":{"BWp5+MPwqDYbHw2KlJx6f3DmSoyJW+34BALdXHfnII5c":{"registrationId":592679848,"currentRatchet":{"ephemeralKeyPair":{"pubKey":"BbCRXn51gyNRCSbWNsKdXlDHguUKCyT+VdCQ1x61LI8Q","privKey":"8AfMRspHZn9/gMf/5YfODPEB/XPPlNj7AVykuJV3MG8="},"lastRemoteEphemeralKey":"BWM/+OGge6LKvAoo4HAh8rq+s4HCdwlYm6b0uAKhkCMv","previousCounter":0,"rootKey":"kMv9iMaU+qFOBJI+7ULW5v2IGMTfP2Uk3M8jadr9lQI="},"indexInfo":{"baseKey":"BWp5+MPwqDYbHw2KlJx6f3DmSoyJW+34BALdXHfnII5c","baseKeyType":1,"closed":-1,"used":1706967473196,"created":1706967473196,"remoteIdentityKey":"BeIgT1nKMa1hrmqvCPBfw/K18hMJZEgSMCoyXcjURS8i"},"_chains":{"BbCRXn51gyNRCSbWNsKdXlDHguUKCyT+VdCQ1x61LI8Q":{"chainKey":{"counter":6,"key":"uXgzkuD6YqtbqzcCTBlyl3Mk6XjA4JYCNT8ii29OTvo="},"chainType":1,"messageKeys":{}}},"pendingPreKey":{"signedKeyId":1,"baseKey":"BWp5+MPwqDYbHw2KlJx6f3DmSoyJW+34BALdXHfnII5c","preKeyId":5209548}}},"version":"v1"}