{"_sessions":{"BatfU/UkY7tTHShy8WWx5AZBVR6zdW9+PxCl3XdhoME4":{"registrationId":1823109005,"currentRatchet":{"ephemeralKeyPair":{"pubKey":"BQkuFSJPMrqVTieked+Sz41U7S901Rb8rtrqbeemhVs/","privKey":"2Gr7xy2ywF2GNuFrEnzNVp0sBnf5U8lGuPZ6cVtgxkc="},"lastRemoteEphemeralKey":"BQ4adhNdrPLDlAYArcvWwNonldWi+x0qR+Mng9NzOY5A","previousCounter":0,"rootKey":"0piEji6l5mY0NxqzajtaoVokoXUfhxMFfnFfh8wklHM="},"indexInfo":{"baseKey":"BatfU/UkY7tTHShy8WWx5AZBVR6zdW9+PxCl3XdhoME4","baseKeyType":1,"closed":-1,"used":1706967472432,"created":1706967472432,"remoteIdentityKey":"BSCaPdfPlomiOqM7LDdxEC3gjR/1R7nqSydRwd1MWFlG"},"_chains":{"BQkuFSJPMrqVTieked+Sz41U7S901Rb8rtrqbeemhVs/":{"chainKey":{"counter":6,"key":"piUwIrlLW87mZF0JRUuVi9B7jTyZaGvYDvYYq5TKk+I="},"chainType":1,"messageKeys":{}}},"pendingPreKey":{"signedKeyId":10266508,"baseKey":"BatfU/UkY7tTHShy8WWx5AZBVR6zdW9+PxCl3XdhoME4","preKeyId":903}}},"version":"v1"}