{"_sessions":{"BacNlQlOxV7T75/VPrKvjd4zxBU3TWoyVhjo/ZYQpAF3":{"registrationId":1106197306,"currentRatchet":{"ephemeralKeyPair":{"pubKey":"BW2oimYKWFecEB7jDNEIv+ltqPqAxTPHXi1Ozfjnzz9+","privKey":"6GVngTWwYIn+auwQ0aHBesUgJBJybnCRdavKT/3lk3Q="},"lastRemoteEphemeralKey":"BdRi7c840Am9s/xN90F49dekV2b0DmG/v5/RtmZ7a/ha","previousCounter":0,"rootKey":"0vKG6KyeMTdAgozJogS+jfSBHMptwYMmS0riu8UDuCY="},"indexInfo":{"baseKey":"BacNlQlOxV7T75/VPrKvjd4zxBU3TWoyVhjo/ZYQpAF3","baseKeyType":1,"closed":-1,"used":1706967472326,"created":1706967472326,"remoteIdentityKey":"BU+JE/W2PT1Eina7DAgPQW9HAfZ3lQ68A8aJhx9bicVH"},"_chains":{"BW2oimYKWFecEB7jDNEIv+ltqPqAxTPHXi1Ozfjnzz9+":{"chainKey":{"counter":6,"key":"+okge8joO94Pq0KpVkQvyURsyutmadSjRktLECjFZKs="},"chainType":1,"messageKeys":{}}},"pendingPreKey":{"signedKeyId":12,"baseKey":"BacNlQlOxV7T75/VPrKvjd4zxBU3TWoyVhjo/ZYQpAF3","preKeyId":2943453}}},"version":"v1"}