{"_sessions":{"BSMjOJ9W4FfxJW1cDUmMgxdXBnrWqMhXSq/ODib0EY1m":{"registrationId":1572120647,"currentRatchet":{"ephemeralKeyPair":{"pubKey":"BbRsJWzSVRHcxDTMKYkzfRgEWmt0HNkBiOmDrev/4mU9","privKey":"WJ78wB24fUeOo+L1dDMEEBvTFOgoAY/vvzxhu4oGonU="},"lastRemoteEphemeralKey":"Bc343pE28Px5lUpDBMMCcgmEQq3yTq8ZPudWi+2cVfFP","previousCounter":0,"rootKey":"mxSkRNXvP8A5RQDmnT9bGMTbVVM35U4xWnu2ZbMA3g4="},"indexInfo":{"baseKey":"BSMjOJ9W4FfxJW1cDUmMgxdXBnrWqMhXSq/ODib0EY1m","baseKeyType":1,"closed":-1,"used":1706967472588,"created":1706967472588,"remoteIdentityKey":"BYdkFwC+2vI2E06GCCTXcg61gkE70l4NhmU4KE9zqIhk"},"_chains":{"BbRsJWzSVRHcxDTMKYkzfRgEWmt0HNkBiOmDrev/4mU9":{"chainKey":{"counter":6,"key":"ZniDlOZEHFUTqMFkNX+6NhwPClSqa1fpFSsqaeshRA4="},"chainType":1,"messageKeys":{}}},"pendingPreKey":{"signedKeyId":3503216,"baseKey":"BSMjOJ9W4FfxJW1cDUmMgxdXBnrWqMhXSq/ODib0EY1m","preKeyId":9353}}},"version":"v1"}