{"_sessions":{"BdAd0xpXlnkIgRHCcbnA5kVq1qZACRDxVa4O6O8VZyJu":{"registrationId":1972152809,"currentRatchet":{"ephemeralKeyPair":{"pubKey":"BekdVYbwl/Urc+fWARB9a16i4mF6u54oA9+Ge7sYvuQi","privKey":"sLi/0MNbHopsX0xold9DM/y+Ewsf4KQ0s8UGiCIu92o="},"lastRemoteEphemeralKey":"BZczaH0DHdAUTuUBz9BzqmcRstu+iIQ8ejmSuLSOU1kU","previousCounter":0,"rootKey":"AsCuqccm7GtgH7pSEFpRxcafP204P9BuOS6IN5T3bJc="},"indexInfo":{"baseKey":"BdAd0xpXlnkIgRHCcbnA5kVq1qZACRDxVa4O6O8VZyJu","baseKeyType":1,"closed":-1,"used":1706967472242,"created":1706967472242,"remoteIdentityKey":"BTempxyPtPadvlXralF94VV4gEq1Ng67jSs9S5L2ypwI"},"_chains":{"BekdVYbwl/Urc+fWARB9a16i4mF6u54oA9+Ge7sYvuQi":{"chainKey":{"counter":6,"key":"0QKsnh59zN6BB2540/AZa+7XDLiVos7JLjiraEg6wgA="},"chainType":1,"messageKeys":{}}},"pendingPreKey":{"signedKeyId":21,"baseKey":"BdAd0xpXlnkIgRHCcbnA5kVq1qZACRDxVa4O6O8VZyJu","preKeyId":5548035}}},"version":"v1"}