{"_sessions":{"BfdLUCw2eYFqmVDqYAcPVpwT05ts14Wa4MZLCZRqrB8+":{"registrationId":729882951,"currentRatchet":{"ephemeralKeyPair":{"pubKey":"BR1bCbm68VGU5PwJWx5wHWXNumjeZSl354fLsSgM0VRO","privKey":"uBGTu6hiKM5GFlsziqYPpXGQ4DsWunYBQis4Dzqs0UA="},"lastRemoteEphemeralKey":"BV166k+P40EJbciQ70l8R9w60bXx1ycPLwd6tRzJt8BD","previousCounter":0,"rootKey":"IcLnSJYYWFD19NqGqWUowhMAYS9cd9FUPwzO/gWOS9g="},"indexInfo":{"baseKey":"BfdLUCw2eYFqmVDqYAcPVpwT05ts14Wa4MZLCZRqrB8+","baseKeyType":1,"closed":-1,"used":1706967472625,"created":1706967472625,"remoteIdentityKey":"Bbvn5kXgXIiALzB5hYXJQe5Y5a55IxBxhnJ0UBPxiM8c"},"_chains":{"BR1bCbm68VGU5PwJWx5wHWXNumjeZSl354fLsSgM0VRO":{"chainKey":{"counter":6,"key":"0S1uuGxfJA0fdp34nzU1Xu2O7ToBVYeXyQpt+l3CXv0="},"chainType":1,"messageKeys":{}}},"pendingPreKey":{"signedKeyId":1,"baseKey":"BfdLUCw2eYFqmVDqYAcPVpwT05ts14Wa4MZLCZRqrB8+","preKeyId":12901768}}},"version":"v1"}