{"_sessions":{"Bes9zPrVx0CkiIinAey5m3Ci2tVdeNpuiz1wA4AriQFQ":{"registrationId":1812463369,"currentRatchet":{"ephemeralKeyPair":{"pubKey":"BdSojrsp4AjK2p7sagK7yc4Upcz/Y+QevuOTpHCVFbgS","privKey":"2CRElsiR++PVgsLI7OKPP/4FN1/Y0YjuzmIEFNQ1SWw="},"lastRemoteEphemeralKey":"BUO5KHXW87ge7TpxBhhFWAMjGZHR3USLvuCfJSeHD5AK","previousCounter":0,"rootKey":"6o1VMDibcd+uIZtmQrCgNE4ZejD/2DX9jsw7Ikahtmw="},"indexInfo":{"baseKey":"Bes9zPrVx0CkiIinAey5m3Ci2tVdeNpuiz1wA4AriQFQ","baseKeyType":1,"closed":-1,"used":1706967473434,"created":1706967473434,"remoteIdentityKey":"BaudXM4pVAElztloyw9CQp7J3TKG1mwVM169J0rXDn8d"},"_chains":{"BdSojrsp4AjK2p7sagK7yc4Upcz/Y+QevuOTpHCVFbgS":{"chainKey":{"counter":6,"key":"BD8JlZqZVOTuLbZs0GlKy+okVgJ5A4ushbVdT7RGECU="},"chainType":1,"messageKeys":{}}},"pendingPreKey":{"signedKeyId":3,"baseKey":"Bes9zPrVx0CkiIinAey5m3Ci2tVdeNpuiz1wA4AriQFQ","preKeyId":13474847}}},"version":"v1"}