{"_sessions":{"BR2TsiYLbEWuBtI3iTpgamKtFLR8iUqophuo/E3b8QIO":{"registrationId":822688188,"currentRatchet":{"ephemeralKeyPair":{"pubKey":"BWRggcOeLyOd0M9Xhj3Zj7OyRQ8Q908GxRBDK3eJuD02","privKey":"qPmCFUFZaFE4xaKbwFMnecVmb40kzkJXVh8zo+usDXc="},"lastRemoteEphemeralKey":"BRaIoKmA24hemyWf29ioNDfeBAo6+0p/I8uFzXDm+SVK","previousCounter":0,"rootKey":"+HEK33dKblo1hgPIRLgaYX2jCBT8/CTNgB02jKiLkCI="},"indexInfo":{"baseKey":"BR2TsiYLbEWuBtI3iTpgamKtFLR8iUqophuo/E3b8QIO","baseKeyType":1,"closed":-1,"used":1706967473928,"created":1706967473928,"remoteIdentityKey":"BWEbhng+w+qzQARYZ8ZXlp6994RA0/xv5RByxbGANqIR"},"_chains":{"BWRggcOeLyOd0M9Xhj3Zj7OyRQ8Q908GxRBDK3eJuD02":{"chainKey":{"counter":6,"key":"I0KHDymrd5xCii4kpDzc3nk9mDxmTg2woO9TaYJQl1Y="},"chainType":1,"messageKeys":{}}},"pendingPreKey":{"signedKeyId":1,"baseKey":"BR2TsiYLbEWuBtI3iTpgamKtFLR8iUqophuo/E3b8QIO","preKeyId":3204681}}},"version":"v1"}