{"_sessions":{"BVxrQBhvrU0omknTSyhfr7yD8wAGN/Xy/TU/qfLRag1P":{"registrationId":1088801386,"currentRatchet":{"ephemeralKeyPair":{"pubKey":"BakKXPWA8KwEE2VehIRlwV81Qyf4n05WOSxDRazaSft3","privKey":"eDrpshQtJAfgOyYqQH2/M40Ey0grLaASv8r6yOW8/Go="},"lastRemoteEphemeralKey":"BawcAvUN+yIaO3IvGV732G0m8VjUTgtybGmg1/C2Kedc","previousCounter":0,"rootKey":"9ldbDchJnn56B7NQvsuJdBhs23RVU54siNFrIIIvFD4="},"indexInfo":{"baseKey":"BVxrQBhvrU0omknTSyhfr7yD8wAGN/Xy/TU/qfLRag1P","baseKeyType":1,"closed":-1,"used":1706967473127,"created":1706967473127,"remoteIdentityKey":"Ba4om/mPZqFDiIz55Tl/9MszMYulVsmpjl6MuMWSou4I"},"_chains":{"BakKXPWA8KwEE2VehIRlwV81Qyf4n05WOSxDRazaSft3":{"chainKey":{"counter":6,"key":"W8GdgOMidmYNLAMQMnG0eT+QsRsL6DddIWynEul3xTU="},"chainType":1,"messageKeys":{}}},"pendingPreKey":{"signedKeyId":20,"baseKey":"BVxrQBhvrU0omknTSyhfr7yD8wAGN/Xy/TU/qfLRag1P","preKeyId":1307194}}},"version":"v1"}