{"_sessions":{"BfhjCua06anVADSmRMFeswsN5TscKxADkE+0qGHf0zMe":{"registrationId":438566623,"currentRatchet":{"ephemeralKeyPair":{"pubKey":"BQDGu8daeeYxfLDkpbotm3VuLy3XXQOxxOvyRwsi02Zp","privKey":"yF6nfjxFUg4onW+mgiX3Q98U4i+R3goQaboyueP8+XI="},"lastRemoteEphemeralKey":"BVKoUaY52qWoflnjPVGBfE8PwzqXmRHgbY7YThsi06ol","previousCounter":0,"rootKey":"pgLDSdXk3K7K+pyLQbv7S2pRhS6vti5AX/43t4SNDuk="},"indexInfo":{"baseKey":"BfhjCua06anVADSmRMFeswsN5TscKxADkE+0qGHf0zMe","baseKeyType":1,"closed":-1,"used":1706967471795,"created":1706967471795,"remoteIdentityKey":"BTRG+wVaMTVMGkFmRPR6gOuI1vcu7HF901ZTL0wMgnNj"},"_chains":{"BQDGu8daeeYxfLDkpbotm3VuLy3XXQOxxOvyRwsi02Zp":{"chainKey":{"counter":6,"key":"Ns1bUSX46GiQIijiDAxjNy/qFzmFywHBiqXJE8zqw/A="},"chainType":1,"messageKeys":{}}},"pendingPreKey":{"signedKeyId":3,"baseKey":"BfhjCua06anVADSmRMFeswsN5TscKxADkE+0qGHf0zMe","preKeyId":2782859}}},"version":"v1"}