{"_sessions":{"BZ/Qf5fu2ifbEWqI2FM+TsrGJRueKYUHXLqVTbE9VdwF":{"registrationId":33942554,"currentRatchet":{"ephemeralKeyPair":{"pubKey":"BWIEAy0/bq+7/U0p/VJ1UPhckslty+3WoHRUunq8zKQv","privKey":"yLZvhEJHAPHvY6II0dbJ4aFYOhbzHLsr8JR35LaFd3c="},"lastRemoteEphemeralKey":"BaFm3EKU8stl0flYlO3h4hDx4HdsIsz5N0tIKLQwMJUY","previousCounter":0,"rootKey":"vy1LrNtOLgAYg+iHrjkKz/yNopRtWIxf3t9dYEFsMSQ="},"indexInfo":{"baseKey":"BZ/Qf5fu2ifbEWqI2FM+TsrGJRueKYUHXLqVTbE9VdwF","baseKeyType":1,"closed":-1,"used":1706967472832,"created":1706967472832,"remoteIdentityKey":"Bc8+ZGdq364AJeIj6+qBpmNzp18v5d+zGcUTh1uT2ERZ"},"_chains":{"BWIEAy0/bq+7/U0p/VJ1UPhckslty+3WoHRUunq8zKQv":{"chainKey":{"counter":6,"key":"fJV0wb+ibqiVLoxzaZWNQBkQkMRc7F35pnuAnXr/Owc="},"chainType":1,"messageKeys":{}}},"pendingPreKey":{"signedKeyId":15418096,"baseKey":"BZ/Qf5fu2ifbEWqI2FM+TsrGJRueKYUHXLqVTbE9VdwF","preKeyId":1782}}},"version":"v1"}