{"_sessions":{"BRKviCF5tc/6P0P/Mvw2sli43TcQZ1uLjw9tRPT2FoJh":{"registrationId":12402,"currentRatchet":{"ephemeralKeyPair":{"pubKey":"BSd70s05kldt3v5YM9j+Ok0ySjqcloKMNprdOAzXgNNT","privKey":"cD+FKgtG6BtBy61sDc+byqFkktz6cUBSt+J6zBLeuWs="},"lastRemoteEphemeralKey":"BXxdJlkXM/8lNqqokmGtgtlYz7IugsSZdUzdynP65n8k","previousCounter":0,"rootKey":"kRKSgFvuZE3BWOSri1fI898RaeOqNKipXGpNptSJWeY="},"indexInfo":{"baseKey":"BRKviCF5tc/6P0P/Mvw2sli43TcQZ1uLjw9tRPT2FoJh","baseKeyType":1,"closed":-1,"used":1706967471831,"created":1706967471831,"remoteIdentityKey":"BRM2FG9WKf08H+vJluS2GzVcUgpKoPylzbmNSIctwc8e"},"_chains":{"BSd70s05kldt3v5YM9j+Ok0ySjqcloKMNprdOAzXgNNT":{"chainKey":{"counter":6,"key":"qba2UAKoBrEm/NRwSvnUW+i3NCdPGOr7ZYsFD81gU1Y="},"chainType":1,"messageKeys":{}}},"pendingPreKey":{"signedKeyId":1,"baseKey":"BRKviCF5tc/6P0P/Mvw2sli43TcQZ1uLjw9tRPT2FoJh"}}},"version":"v1"}