{"_sessions":{"BU4clIywE1bdPCfBsBAxMF+FBWLPLSgVOXMZGsjXAr4y":{"registrationId":952406922,"currentRatchet":{"ephemeralKeyPair":{"pubKey":"BQ1cjyflfPcHBWO29SZKYIFchcvlVtM5CO4WbbxzCcdx","privKey":"mBLSywI1ZxqyGVvpsPsU1qPeGYKEdJiCTg7HjX7gOmw="},"lastRemoteEphemeralKey":"BRt4r9KDF9z3QFxmghbDwCmrz5RS7WanCG//a13oFGo/","previousCounter":0,"rootKey":"J1F+BCwscTshIlTHXV7/Bc1uB30+ma6v/oJyKk4ifKI="},"indexInfo":{"baseKey":"BU4clIywE1bdPCfBsBAxMF+FBWLPLSgVOXMZGsjXAr4y","baseKeyType":1,"closed":-1,"used":1706967472364,"created":1706967472364,"remoteIdentityKey":"BfVcWITw6KFsbyw1WKANZMcLs+3G6MGHwpQSMpgxFHpO"},"_chains":{"BQ1cjyflfPcHBWO29SZKYIFchcvlVtM5CO4WbbxzCcdx":{"chainKey":{"counter":6,"key":"4wbyfTmrVyYVNAm3FIqoQhp59oEDbpFp2ePa2ReOung="},"chainType":1,"messageKeys":{}}},"pendingPreKey":{"signedKeyId":1,"baseKey":"BU4clIywE1bdPCfBsBAxMF+FBWLPLSgVOXMZGsjXAr4y","preKeyId":11821113}}},"version":"v1"}