{"_sessions":{"BUE5ccIBAO7Oyffk9vlFM5O1I5lc4tfPgdPHzAs31bZR":{"registrationId":1362615784,"currentRatchet":{"ephemeralKeyPair":{"pubKey":"BXkrPmVb6lHNb0kGyeNXLOpj0PTbE5X1ihifxiLDKoJj","privKey":"GLPUF0k3BKBDtm6NE4lWVAJlnXErtM9vab/L40dMX34="},"lastRemoteEphemeralKey":"BSWmlkz7oL+WglJ5BileN7kue/KDgaD22AWyfe21i51p","previousCounter":0,"rootKey":"uc3KwMj9l5H+r/7o4lLmVfP3RHBFxNzLnzpI0UsvB5M="},"indexInfo":{"baseKey":"BUE5ccIBAO7Oyffk9vlFM5O1I5lc4tfPgdPHzAs31bZR","baseKeyType":1,"closed":-1,"used":1706967473748,"created":1706967473748,"remoteIdentityKey":"BQKTwlKgNxy7DSmO1y4o++y8YdkI0+K3U7HnZqkadHcl"},"_chains":{"BXkrPmVb6lHNb0kGyeNXLOpj0PTbE5X1ihifxiLDKoJj":{"chainKey":{"counter":6,"key":"xip7ugrWE6vPC5R/JYh7pzhPcIDq2bOl/TZRzE7pi70="},"chainType":1,"messageKeys":{}}},"pendingPreKey":{"signedKeyId":7,"baseKey":"BUE5ccIBAO7Oyffk9vlFM5O1I5lc4tfPgdPHzAs31bZR","preKeyId":5382928}}},"version":"v1"}