{"_sessions":{"BWuA7aa15Lp4faXFfiRPzfiyjMOqXPQ3GWWMaC/jZSJ9":{"registrationId":863289246,"currentRatchet":{"ephemeralKeyPair":{"pubKey":"BWICcZXSzEtZ04NW+9t1xoTE3OCktnim7rbLPhCMzJ1H","privKey":"OFaKah6djLgxVkbUxc9MYJMh3tsAEzfuETcov4L142M="},"lastRemoteEphemeralKey":"BQfALDOvhhB69OFZhDZHbY+RH7bh09xdsrxxQCKdbCAs","previousCounter":0,"rootKey":"LW78Ad2CmFnRi9rko3x3G/PtdYWjF6Jq0VByzzkEobg="},"indexInfo":{"baseKey":"BWuA7aa15Lp4faXFfiRPzfiyjMOqXPQ3GWWMaC/jZSJ9","baseKeyType":1,"closed":-1,"used":1706967471974,"created":1706967471974,"remoteIdentityKey":"BaauXdwQoLPUTJunvjbzWp9S1Su23jplmATqMJmMcfgW"},"_chains":{"BWICcZXSzEtZ04NW+9t1xoTE3OCktnim7rbLPhCMzJ1H":{"chainKey":{"counter":6,"key":"V2HAje5yEV49P9mWzuT/spwaaic+3iQiVn9eosQzAGc="},"chainType":1,"messageKeys":{}}},"pendingPreKey":{"signedKeyId":3,"baseKey":"BWuA7aa15Lp4faXFfiRPzfiyjMOqXPQ3GWWMaC/jZSJ9","preKeyId":11027145}}},"version":"v1"}