{"_sessions":{"BWG1+cryFmX/QhrauxuUU7kEcA61ijP24Tq2+9VCt4hk":{"registrationId":1296553448,"currentRatchet":{"ephemeralKeyPair":{"pubKey":"Ba+Mmje2FcbVSDnIHEVaDXXom6QDJ45pps3NJqriMkF9","privKey":"8FUAepGLqGkZq7W3OgZhHKIFQHZ0UC1hIDZnEYhHjWs="},"lastRemoteEphemeralKey":"Bafq2c5tYfKdevalfOjn8NmRC8MjanOU2xFmLglYAJwg","previousCounter":0,"rootKey":"M3vn4yClxfXRdfhnTbgeerNyMsEQoAaoGaK94aPZGTc="},"indexInfo":{"baseKey":"BWG1+cryFmX/QhrauxuUU7kEcA61ijP24Tq2+9VCt4hk","baseKeyType":1,"closed":-1,"used":1706967473504,"created":1706967473504,"remoteIdentityKey":"Batj2bD0psp28Ibm9Y34sN/qIaSzV83HeGvbXt15XsAZ"},"_chains":{"Ba+Mmje2FcbVSDnIHEVaDXXom6QDJ45pps3NJqriMkF9":{"chainKey":{"counter":6,"key":"YRhaQAcB7U3rco4bC89IUzA5rOS3Jai5LiaSlWy3+rI="},"chainType":1,"messageKeys":{}}},"pendingPreKey":{"signedKeyId":13,"baseKey":"BWG1+cryFmX/QhrauxuUU7kEcA61ijP24Tq2+9VCt4hk"}}},"version":"v1"}