{"_sessions":{"BTNjj3dgnkdq7urnwulnT+No2u0GPn+92CP+0CyM9aUi":{"registrationId":320475815,"currentRatchet":{"ephemeralKeyPair":{"pubKey":"BXEmVhLzKP6M+5JoT6FJ8LeBG0H7nIXC6DnLepyArRg7","privKey":"MIOguIwPxPTGYntEjeKdpTrxC71HJWxo4CJTGkSS1n8="},"lastRemoteEphemeralKey":"BUS5BKrGnFxHZKY4kawJ0m9SarpR6RlP4ED/Z0Jy1Rts","previousCounter":0,"rootKey":"oia9Hk9nWJEXADT4BAlFQuToD7lIgG18PEl3AQJ2k/0="},"indexInfo":{"baseKey":"BTNjj3dgnkdq7urnwulnT+No2u0GPn+92CP+0CyM9aUi","baseKeyType":1,"closed":-1,"used":1706967472968,"created":1706967472968,"remoteIdentityKey":"BaK0OQ+E9ktXXN29f7/ePA/eJG17DmVBmY94/0MmyT1u"},"_chains":{"BXEmVhLzKP6M+5JoT6FJ8LeBG0H7nIXC6DnLepyArRg7":{"chainKey":{"counter":6,"key":"zYY6f2Sq/oEyJZ6BhE1Hi/4u2XMlifWMiCUQ03tdpWQ="},"chainType":1,"messageKeys":{}}},"pendingPreKey":{"signedKeyId":13,"baseKey":"BTNjj3dgnkdq7urnwulnT+No2u0GPn+92CP+0CyM9aUi","preKeyId":678251}}},"version":"v1"}