{"_sessions":{"BXSpPNIPNMlSdBYIkTPikj10qmYaWZ3JXG0ycpUpJtkP":{"registrationId":911529867,"currentRatchet":{"ephemeralKeyPair":{"pubKey":"Bd94x5dDVubZulPHG1TB+R+q4qxomTNFYqSmSD2Rt5Ff","privKey":"gNRXDDvZ+7FgzgSpm8wwxFGwZGpGgA51V959kSv7w00="},"lastRemoteEphemeralKey":"BZpCZcjFFsNJRebaCwS36H/di+u1j8nwfX9wRqFV17Rz","previousCounter":0,"rootKey":"eVDLT9/nsQm/7qsGdXsmBAYeJVGUHQoFVIoZy0lDJ6U="},"indexInfo":{"baseKey":"BXSpPNIPNMlSdBYIkTPikj10qmYaWZ3JXG0ycpUpJtkP","baseKeyType":1,"closed":-1,"used":1706967472151,"created":1706967472151,"remoteIdentityKey":"BTcqteeVjuLoi+dB0tx7LylcWuAFRNtNUqHigbmgPpRQ"},"_chains":{"Bd94x5dDVubZulPHG1TB+R+q4qxomTNFYqSmSD2Rt5Ff":{"chainKey":{"counter":6,"key":"u0mxQxtSHPq5J58IF2RPY51ViXHzu1pVFco2VEXNEP8="},"chainType":1,"messageKeys":{}}},"pendingPreKey":{"signedKeyId":3,"baseKey":"BXSpPNIPNMlSdBYIkTPikj10qmYaWZ3JXG0ycpUpJtkP","preKeyId":14609484}}},"version":"v1"}