{"_sessions":{"BQo7UC0bLZmsWQ+Ug7Qvm1fl2qKlqEd1KSjuGPLikfUx":{"registrationId":13,"currentRatchet":{"ephemeralKeyPair":{"pubKey":"BcQycU3Tfqa5aIltoc4+RmGimMPkAfvYs1sW7BZfsqsM","privKey":"cNQXhNyzOvA+8Ia/caVOlJALsOefNuUNJGhufrM/A0M="},"lastRemoteEphemeralKey":"BXJhocJdAUEdVzFtwuWBf0EAAVlth9JamcIj1fg9VoJY","previousCounter":0,"rootKey":"Mnf/b+XJgkJX0mxFximflB7EHiq2lNaTznlcowCKR2o="},"indexInfo":{"baseKey":"BQo7UC0bLZmsWQ+Ug7Qvm1fl2qKlqEd1KSjuGPLikfUx","baseKeyType":1,"closed":-1,"used":1706967471341,"created":1706967471341,"remoteIdentityKey":"BTJdwIkaF6hFiC0o7Dd6OvUq/cWwAEizaJMCol1WAH5P"},"_chains":{"BcQycU3Tfqa5aIltoc4+RmGimMPkAfvYs1sW7BZfsqsM":{"chainKey":{"counter":6,"key":"2JSnnhqMN9aBjQIbTFhW0qoqPw9jZ8gYFIdUU33pVQY="},"chainType":1,"messageKeys":{}}},"pendingPreKey":{"signedKeyId":1,"baseKey":"BQo7UC0bLZmsWQ+Ug7Qvm1fl2qKlqEd1KSjuGPLikfUx"}}},"version":"v1"}