{"_sessions":{"Bd0rjnDl6K5dzkaIrjQ3rkVVBXGj6uW2nkJih1oISkYs":{"registrationId":697355478,"currentRatchet":{"ephemeralKeyPair":{"pubKey":"BSaz0pF6VUFlgHWQy3AA+WII5a2yCQqvxcmVK7aUcXZ8","privKey":"gLLIn4FVKyEuZxhh2wioccNvUmMHvDYmnXPWkRP1ME0="},"lastRemoteEphemeralKey":"BWcHbaxYRPHQjVhUqTldZQ9J1ksJj/GbKhyRZw1pS0NF","previousCounter":0,"rootKey":"FnwkaVPJ7JAx8TpVHvKcQ3WiOYN3BDg+7d1NDBNm5T4="},"indexInfo":{"baseKey":"Bd0rjnDl6K5dzkaIrjQ3rkVVBXGj6uW2nkJih1oISkYs","baseKeyType":1,"closed":-1,"used":1706967473734,"created":1706967473734,"remoteIdentityKey":"BWyXJyb5cwPjpQxUGdvABLP32h9RXSSCPUkHvvaA+Wog"},"_chains":{"BSaz0pF6VUFlgHWQy3AA+WII5a2yCQqvxcmVK7aUcXZ8":{"chainKey":{"counter":6,"key":"KYupCFaj7a2fZHuuphGGJah/1WshQkaSwUB7Q4bw+FI="},"chainType":1,"messageKeys":{}}},"pendingPreKey":{"signedKeyId":18,"baseKey":"Bd0rjnDl6K5dzkaIrjQ3rkVVBXGj6uW2nkJih1oISkYs","preKeyId":9016236}}},"version":"v1"}