{"_sessions":{"BWuwuzRykWV+x6dE0+9k1RNtxLt1RhbpUlzSfEOt2wVF":{"registrationId":173118872,"currentRatchet":{"ephemeralKeyPair":{"pubKey":"BUcElVDar6dQv0WA3oxvjm7kKTFJZmdR3POI7G8Anvp8","privKey":"GLKfvvS46R1wziHoPahCzvsfenlZwx58t8rEAWi3anw="},"lastRemoteEphemeralKey":"BXIS2oOAP7E/y/bsQxSpUKS5AJ87fzGmNtgqUZCkNSgP","previousCounter":0,"rootKey":"Xic7PSnS+6OuUT9OCI7c70Z9Z8sCRf/SIVqmuT+zLeo="},"indexInfo":{"baseKey":"BWuwuzRykWV+x6dE0+9k1RNtxLt1RhbpUlzSfEOt2wVF","baseKeyType":1,"closed":-1,"used":1706967473485,"created":1706967473485,"remoteIdentityKey":"BZSjUoIYO4/qnhb1s6Xq1ZN15KM+5K6I04i6Kr+rgaNR"},"_chains":{"BUcElVDar6dQv0WA3oxvjm7kKTFJZmdR3POI7G8Anvp8":{"chainKey":{"counter":6,"key":"9+X5aTKhmV7FDurKrx8Eu4gTuEQpZwki6xJPt5T9JqM="},"chainType":1,"messageKeys":{}}},"pendingPreKey":{"signedKeyId":21,"baseKey":"BWuwuzRykWV+x6dE0+9k1RNtxLt1RhbpUlzSfEOt2wVF","preKeyId":4346809}}},"version":"v1"}