{"_sessions":{"BQ9sRLTkr/IMYF8Eqcip9/FQAtBlioNzS4EELb0CY5Is":{"registrationId":258317188,"currentRatchet":{"ephemeralKeyPair":{"pubKey":"BRKDnpvvrVG9DLi9gdThsLdVDtcYQaiOWFXaYnDxkkES","privKey":"uHS7ehVZsDyoWxoS3rmbe1bjScrW4Mv3DGdW57yFJkE="},"lastRemoteEphemeralKey":"Bbaar6/g2aBiaI5yLmDJeXPsi2IkWrFK2DWRrKdV3j0y","previousCounter":0,"rootKey":"S1J6Snea1zn/l2Kvcn5aJP9vrliW7sha+Woklp5vptA="},"indexInfo":{"baseKey":"BQ9sRLTkr/IMYF8Eqcip9/FQAtBlioNzS4EELb0CY5Is","baseKeyType":1,"closed":-1,"used":1706967473331,"created":1706967473331,"remoteIdentityKey":"BbiKLETFKWBngnrfHezM98Jewz0HDbYRp89rMoClqtgf"},"_chains":{"BRKDnpvvrVG9DLi9gdThsLdVDtcYQaiOWFXaYnDxkkES":{"chainKey":{"counter":6,"key":"GoE4zgL0Lr3Tn1RuasIEuwlt96F1k/8PkuLXda3WMqA="},"chainType":1,"messageKeys":{}}},"pendingPreKey":{"signedKeyId":2,"baseKey":"BQ9sRLTkr/IMYF8Eqcip9/FQAtBlioNzS4EELb0CY5Is","preKeyId":2146029}}},"version":"v1"}