{"_sessions":{"BRHLdy1kRb7IwKdNaezWi+U0dMj+QLIY6UZ1gXITSGlq":{"registrationId":71491512,"currentRatchet":{"ephemeralKeyPair":{"pubKey":"BSISTldqzMviGnRtDt3qgRJ8PxtnyGc0a20Jfu3JBudH","privKey":"+KE/zqFmDjWXfjOkpCbTpm6XsyNRYV9CBnllRP3IbFc="},"lastRemoteEphemeralKey":"BU6HRcrH5M9P5/sY8cXsdf+FeHiw3S0LAaoIXAftnvwv","previousCounter":0,"rootKey":"sAoeXMpqNVozIjt9ivU17arpX70li81RoAZbmv9GW/E="},"indexInfo":{"baseKey":"BRHLdy1kRb7IwKdNaezWi+U0dMj+QLIY6UZ1gXITSGlq","baseKeyType":1,"closed":-1,"used":1706967473522,"created":1706967473522,"remoteIdentityKey":"BcNVa3BdAFszIeEx10LNjUjn42oYj6OJf3MA+WYaL6xW"},"_chains":{"BSISTldqzMviGnRtDt3qgRJ8PxtnyGc0a20Jfu3JBudH":{"chainKey":{"counter":6,"key":"JPIKFftMn49yYSYDWji77fgoRR9Q1JXj8vbEvC+HQno="},"chainType":1,"messageKeys":{}}},"pendingPreKey":{"signedKeyId":40,"baseKey":"BRHLdy1kRb7IwKdNaezWi+U0dMj+QLIY6UZ1gXITSGlq","preKeyId":3898595}}},"version":"v1"}