{"_sessions":{"BSbWgIMQbZz+KZhlUGtXWFv5/DgPCfjOiLiak0RPvflZ":{"registrationId":1331233341,"currentRatchet":{"ephemeralKeyPair":{"pubKey":"BZAX5Fc3Oxf7S81kuD1MeX9CZQ7T88vRtcFzH3kGugRY","privKey":"mJ3k6SiylchOahR0tRsYZ9Zmc5lyq1ECBGjCEr8hjVY="},"lastRemoteEphemeralKey":"BQnkzrHmafjsJ6KYBWmwF8qAhkEoaUXQ6w2ejD7ze0Nt","previousCounter":0,"rootKey":"UHGqjeq8FEw1AO9SehkL4cAEVhCA3vBwzMxKU1mZlBk="},"indexInfo":{"baseKey":"BSbWgIMQbZz+KZhlUGtXWFv5/DgPCfjOiLiak0RPvflZ","baseKeyType":1,"closed":-1,"used":1706967473379,"created":1706967473379,"remoteIdentityKey":"BR+Y/IRkJXOwoCkdmG9o8UxqUGxRsWIsD6a6mkMtzW0Y"},"_chains":{"BZAX5Fc3Oxf7S81kuD1MeX9CZQ7T88vRtcFzH3kGugRY":{"chainKey":{"counter":6,"key":"tRv1rjp+dGLxJplSj0g5uOX2eySy+BBm8z2RUEh7Cnc="},"chainType":1,"messageKeys":{}}},"pendingPreKey":{"signedKeyId":4,"baseKey":"BSbWgIMQbZz+KZhlUGtXWFv5/DgPCfjOiLiak0RPvflZ","preKeyId":14535882}}},"version":"v1"}