{"_sessions":{"Bd5xUAnAHuZ7JLWg+DNORCRqkDA04sRjSGteK0gY6ZMO":{"registrationId":98470846,"currentRatchet":{"ephemeralKeyPair":{"pubKey":"BR+slwshPAYiJnoXX1i/fTQz7j93Ne9id9A6wYVWpqcY","privKey":"cDPBvZAiE4w26PnC2YRs5MnpXVhseVjfjuj/R5lFSW8="},"lastRemoteEphemeralKey":"BeDqmuFXOFxgIHu3uusrK1CUoD6Q41/ovNYu8TPbl79/","previousCounter":0,"rootKey":"6+M4qUtZq64vdWw0Vs0pYrBjbBwwnEU9kIMJOtgSacw="},"indexInfo":{"baseKey":"Bd5xUAnAHuZ7JLWg+DNORCRqkDA04sRjSGteK0gY6ZMO","baseKeyType":1,"closed":-1,"used":1706967471847,"created":1706967471847,"remoteIdentityKey":"BU3JNmaimfqnYCL+d9PK5JRQxjIuuquWAjVaoogMQuF2"},"_chains":{"BR+slwshPAYiJnoXX1i/fTQz7j93Ne9id9A6wYVWpqcY":{"chainKey":{"counter":6,"key":"j4gywoY7PkZa//7Iz016CGvBCY6qCwEgpabmGp7tnCU="},"chainType":1,"messageKeys":{}}},"pendingPreKey":{"signedKeyId":8347117,"baseKey":"Bd5xUAnAHuZ7JLWg+DNORCRqkDA04sRjSGteK0gY6ZMO","preKeyId":664}}},"version":"v1"}