{"_sessions":{"BctdvL3cgkwOadnk4xXYCF4q6Tz13+2/RWrxo2VgKLN2":{"registrationId":11764,"currentRatchet":{"ephemeralKeyPair":{"pubKey":"BYIbZSaqXQRX2YMotiiH/ja9B66by8C/JAkSbwweBwF5","privKey":"iFNbxWV4oKwEclO/6ByX6diYAZAhlTkcQ73QHZQ8w0I="},"lastRemoteEphemeralKey":"BfjNTF6GwwPuiqe8j5llraCE9Ww3ztviFu1HMQH0Q21w","previousCounter":0,"rootKey":"hy5Dw3mJY0aI7BLo7JDbLTV5J11UBkoqOGVww/Z3oN4="},"indexInfo":{"baseKey":"BctdvL3cgkwOadnk4xXYCF4q6Tz13+2/RWrxo2VgKLN2","baseKeyType":1,"closed":-1,"used":1706967471441,"created":1706967471441,"remoteIdentityKey":"Bb0RdeOIGPs9hkS0KtB8XTlO7XLsiGvdAA1AmlhEhS0S"},"_chains":{"BYIbZSaqXQRX2YMotiiH/ja9B66by8C/JAkSbwweBwF5":{"chainKey":{"counter":6,"key":"k/4Wy+WtU7l7PTfzLVPpTnysPdpGY6LeMU47BxhBSbc="},"chainType":1,"messageKeys":{}}},"pendingPreKey":{"signedKeyId":2,"baseKey":"BctdvL3cgkwOadnk4xXYCF4q6Tz13+2/RWrxo2VgKLN2"}}},"version":"v1"}