{"_sessions":{"BcPNDUfkoAmZ4h1NQL0kMj1pawmG6len+Wu/kXfoAZko":{"registrationId":1425746616,"currentRatchet":{"ephemeralKeyPair":{"pubKey":"BUaoGGffqdhVLg++rde3indcJQn1KKHW0bnytleUpV0r","privKey":"cLbjCGttjoyObUZycmGm69w6SLKKNG1HAJTuY5853GY="},"lastRemoteEphemeralKey":"BVJwob0kR6ioWZ+GCXpo8QelfpR5gM/vjSS8Km4VctZz","previousCounter":0,"rootKey":"sjrCqGZoWN0mmoyLcC9s39FtZ2aa4qSwyOcVH9yMOMw="},"indexInfo":{"baseKey":"BcPNDUfkoAmZ4h1NQL0kMj1pawmG6len+Wu/kXfoAZko","baseKeyType":1,"closed":-1,"used":1706967472498,"created":1706967472498,"remoteIdentityKey":"BYFyCpseuKtawXS7V/Puoegw3TqnANvIndhDdnQRPz1J"},"_chains":{"BUaoGGffqdhVLg++rde3indcJQn1KKHW0bnytleUpV0r":{"chainKey":{"counter":6,"key":"OqtRJIV7GWi5naQkZrPsHq4JcnTktKv5//lb1v2RA3Y="},"chainType":1,"messageKeys":{}}},"pendingPreKey":{"signedKeyId":1,"baseKey":"BcPNDUfkoAmZ4h1NQL0kMj1pawmG6len+Wu/kXfoAZko","preKeyId":2005263}}},"version":"v1"}