{"_sessions":{"BYfYfwUQabQYFYB+MqQ9zpq11stguKw2T9VQdGRrhvpN":{"registrationId":260013586,"currentRatchet":{"ephemeralKeyPair":{"pubKey":"BV5kn3/u15zVOuM5O84mNTy8Q7tJSNZL5LAuKjPh9QxY","privKey":"GO9sZCTPhkQqRLJMNVYfWvR2vFaBETaN67JD1W7akWs="},"lastRemoteEphemeralKey":"BY32jHlCLtxGKNjASo6R5F+/wfdsDIvCqQAji2IMlyJ+","previousCounter":0,"rootKey":"xsF0o7XHRgcbeuFCEkP0LHc/wz4/BXE0vdeBiOy2PYc="},"indexInfo":{"baseKey":"BYfYfwUQabQYFYB+MqQ9zpq11stguKw2T9VQdGRrhvpN","baseKeyType":1,"closed":-1,"used":1706967472873,"created":1706967472873,"remoteIdentityKey":"BUvHE+mwZRw+Arvyxx4ATv34A0gHZN44E2zIY3VYrVIA"},"_chains":{"BV5kn3/u15zVOuM5O84mNTy8Q7tJSNZL5LAuKjPh9QxY":{"chainKey":{"counter":6,"key":"vy5+muDe2sdoZ9sKF/hnti1czRO14iKbBDGBjSNvfpM="},"chainType":1,"messageKeys":{}}},"pendingPreKey":{"signedKeyId":1,"baseKey":"BYfYfwUQabQYFYB+MqQ9zpq11stguKw2T9VQdGRrhvpN","preKeyId":5998679}}},"version":"v1"}