{"_sessions":{"BYfuf7FntIfgM9hzPJTmChpUWMwH0p/9nvp6Hc0LFlVV":{"registrationId":239641612,"currentRatchet":{"ephemeralKeyPair":{"pubKey":"BbqJNt6iGHOVGiV6AFfGYUez+U9Q9mlXE2yh4pKSrxxF","privKey":"qItH+pHsdKymYE29G47YYkCg6CE/Cz7USQcsLFBr13Q="},"lastRemoteEphemeralKey":"Bc4/adZWLj/vZ+xNOVtJW9YHYoPg9+6mQvHZpsTMISQp","previousCounter":0,"rootKey":"m7RU+7omavfAUOF/XlQM3s21JaHgdihtVCTF3HPOP7U="},"indexInfo":{"baseKey":"BYfuf7FntIfgM9hzPJTmChpUWMwH0p/9nvp6Hc0LFlVV","baseKeyType":1,"closed":-1,"used":1706967473980,"created":1706967473980,"remoteIdentityKey":"BSh/Ao6/ctuFUdiKUaA+e8HfUQdjFD4lFzJoEE5bbYQK"},"_chains":{"BbqJNt6iGHOVGiV6AFfGYUez+U9Q9mlXE2yh4pKSrxxF":{"chainKey":{"counter":6,"key":"aG7Io3WCrDP5BDv1pfVue9ine5X2hPXBK8papwXa4b4="},"chainType":1,"messageKeys":{}}},"pendingPreKey":{"signedKeyId":4,"baseKey":"BYfuf7FntIfgM9hzPJTmChpUWMwH0p/9nvp6Hc0LFlVV","preKeyId":7974537}}},"version":"v1"}