{"_sessions":{"BU723c0+EY1Xaw+67hN1RXx+78A5dQiccFmoxMDCXLVS":{"registrationId":939440571,"currentRatchet":{"ephemeralKeyPair":{"pubKey":"Bd/uprahYpXK6LD3V3kjAOT5WkvIsNugMi+y5q597Nku","privKey":"2KAFfaaIlskTMDS9bANt5v/Li4/hOmPa1kIquHc3rW0="},"lastRemoteEphemeralKey":"BSvF0PAGiJiQcfJFr0qHPR5VLBDyVJUydqj0jw5T/LJF","previousCounter":0,"rootKey":"c9jrueq9gsQOpR0NVMND4S97iRGYg3TQcad6Q9Shc0I="},"indexInfo":{"baseKey":"BU723c0+EY1Xaw+67hN1RXx+78A5dQiccFmoxMDCXLVS","baseKeyType":1,"closed":-1,"used":1706967473921,"created":1706967473921,"remoteIdentityKey":"Bf5NknJ98RGCOk02MbByc/1oOkAH06KpiQHirkjFW34G"},"_chains":{"Bd/uprahYpXK6LD3V3kjAOT5WkvIsNugMi+y5q597Nku":{"chainKey":{"counter":6,"key":"5ignKe0GmkjrJS1XkjfkD8O/UCWym4EfHUb+Y/znw3c="},"chainType":1,"messageKeys":{}}},"pendingPreKey":{"signedKeyId":10,"baseKey":"BU723c0+EY1Xaw+67hN1RXx+78A5dQiccFmoxMDCXLVS","preKeyId":16019488}}},"version":"v1"}