{"_sessions":{"BZt2iScs8aMwkqyAAmE74G+EpFzvcqT/+PMNIlGXcjhn":{"registrationId":3329,"currentRatchet":{"ephemeralKeyPair":{"pubKey":"BapnxDOMLZkI5S08rheq2Lo1POSGdfF5JnxeQqHAR6gv","privKey":"iASsSrVG/4x56heQjB0YD21x465bFw7UUCr/m83znVQ="},"lastRemoteEphemeralKey":"BbnljUaO73sbRe8gQvP+KYBRnfCqiSqoPnEdlcZbumk9","previousCounter":0,"rootKey":"lpR6FLKQOZghQZDl/GMwPKi25h3f+QtQGmqVWppwHKY="},"indexInfo":{"baseKey":"BZt2iScs8aMwkqyAAmE74G+EpFzvcqT/+PMNIlGXcjhn","baseKeyType":1,"closed":-1,"used":1706967471584,"created":1706967471584,"remoteIdentityKey":"BUh25clifsmN4wrtDdGsbdRixWB2TslsANWA+Xv5ouAZ"},"_chains":{"BapnxDOMLZkI5S08rheq2Lo1POSGdfF5JnxeQqHAR6gv":{"chainKey":{"counter":6,"key":"WgOOzo3cPDITi7+wryz22pGT5elmBpE7/EJmUtD/JH4="},"chainType":1,"messageKeys":{}}},"pendingPreKey":{"signedKeyId":1,"baseKey":"BZt2iScs8aMwkqyAAmE74G+EpFzvcqT/+PMNIlGXcjhn","preKeyId":482}}},"version":"v1"}