{"_sessions":{"BdPKTzptBlHV1owPaYv4zNXy3SuevORvUC49DX2fAFpF":{"registrationId":100,"currentRatchet":{"ephemeralKeyPair":{"pubKey":"BZxdQITQ75GkEhVT4ALx6oCPanJakTIOJV7zG8+ELig4","privKey":"APmF/oCPL6UTKVgibR1edo2NfMgz2NkjdC01rl1uOlc="},"lastRemoteEphemeralKey":"BepenxJWeCll6YIO0keMbHV/N/JrUpotLExtonNB4IVj","previousCounter":0,"rootKey":"jnoquf4o+esabjTN/E+Z4JRO7YvTTky9orwpdYktL4k="},"indexInfo":{"baseKey":"BdPKTzptBlHV1owPaYv4zNXy3SuevORvUC49DX2fAFpF","baseKeyType":1,"closed":-1,"used":1706967471613,"created":1706967471613,"remoteIdentityKey":"BVYPEuEQXiBzrFuoSTVM1jXaTtTVAxH75rx7/Ztvx2c2"},"_chains":{"BZxdQITQ75GkEhVT4ALx6oCPanJakTIOJV7zG8+ELig4":{"chainKey":{"counter":6,"key":"K8lnGBdq8EV7ErcaENm0Y3KtqOLBBXKRi+ktjueSD4g="},"chainType":1,"messageKeys":{}}},"pendingPreKey":{"signedKeyId":1,"baseKey":"BdPKTzptBlHV1owPaYv4zNXy3SuevORvUC49DX2fAFpF","preKeyId":334}}},"version":"v1"}