{"_sessions":{"BRaH3BgmhRCCyoshmJ8d1pVO1YvQB9lVvQ0v7x9XfExU":{"registrationId":1175439291,"currentRatchet":{"ephemeralKeyPair":{"pubKey":"BTJot0hm5FvBGl5SriCp/JPsNlNXtUREuukuB9gvNxUF","privKey":"GJ7ms0PWKnluGKtBCv4soZZoTwOyMxeCNMyHpmFf8WU="},"lastRemoteEphemeralKey":"BQe9CBoSeCXwUDAa39ZQGzFL17nJcLFOCu1vBnodG1pc","previousCounter":0,"rootKey":"bR4NnHhdu4M5pa7JPJam7nU16AhHvRm8uyN65WANQlI="},"indexInfo":{"baseKey":"BRaH3BgmhRCCyoshmJ8d1pVO1YvQB9lVvQ0v7x9XfExU","baseKeyType":1,"closed":-1,"used":1706967473041,"created":1706967473041,"remoteIdentityKey":"BaIeQ961EwejwW0vpkJA6Me3XFIwrU/4nyPjDeGI71RO"},"_chains":{"BTJot0hm5FvBGl5SriCp/JPsNlNXtUREuukuB9gvNxUF":{"chainKey":{"counter":6,"key":"mbkZXgy4G3dypRDgqMgXCLbx8O22J6R9LCeSQTR8qIA="},"chainType":1,"messageKeys":{}}},"pendingPreKey":{"signedKeyId":2,"baseKey":"BRaH3BgmhRCCyoshmJ8d1pVO1YvQB9lVvQ0v7x9XfExU","preKeyId":9425823}}},"version":"v1"}