{"_sessions":{"BX62HXDJdmngbcBeCbgSrMAegmyZJMmJBp5QoXVSGops":{"registrationId":14475,"currentRatchet":{"ephemeralKeyPair":{"pubKey":"BauNPOToDA/G1sZuqlwjKs2hd9HJ8iLTPxshE6zLYCRp","privKey":"+P2TpFRCTPdH5TN16muIzUi5dfsDBcaA8eREus//93M="},"lastRemoteEphemeralKey":"BR8YatIAx4NJ1TVYcY0V1Fn3VnKdv9BzMNOv9lpHb91y","previousCounter":0,"rootKey":"QEY3+RySvQU3hSD8H+gAq+8PT0QQbSI0ZO1L9yRJnaY="},"indexInfo":{"baseKey":"BX62HXDJdmngbcBeCbgSrMAegmyZJMmJBp5QoXVSGops","baseKeyType":1,"closed":-1,"used":1706967471715,"created":1706967471715,"remoteIdentityKey":"BUnYnu4gdZbJ+WLcCiidlwMATp+/dIlL+dzhCP5+sBJ8"},"_chains":{"BauNPOToDA/G1sZuqlwjKs2hd9HJ8iLTPxshE6zLYCRp":{"chainKey":{"counter":6,"key":"LLl4zNXEou+k/Hafti6L4PVnNxaZ5FvI9XbVeo38uzY="},"chainType":1,"messageKeys":{}}},"pendingPreKey":{"signedKeyId":1,"baseKey":"BX62HXDJdmngbcBeCbgSrMAegmyZJMmJBp5QoXVSGops"}}},"version":"v1"}