{"_sessions":{"BTrsdaBo5TESCO1W8d2UnlEy0GmYNITNfz4mpqjWm1Zl":{"registrationId":79677063,"currentRatchet":{"ephemeralKeyPair":{"pubKey":"BXDlIHxccSEtRcrvKl6jnOPJf39fc3yPHb8tvGHp6uUr","privKey":"+CZNUuAmCDjIqpiWVljGf9lmhme+30790Zfof/YEvEg="},"lastRemoteEphemeralKey":"BQ/Zq0jrH/1w3XmI2wjDVXX6bAnan/2Vr7emdky6cRBQ","previousCounter":0,"rootKey":"P8EqONyT9OH64sLiopfHWxfY18PvBlJ3C98Kge9XpCo="},"indexInfo":{"baseKey":"BTrsdaBo5TESCO1W8d2UnlEy0GmYNITNfz4mpqjWm1Zl","baseKeyType":1,"closed":-1,"used":1706967473530,"created":1706967473530,"remoteIdentityKey":"BXhFHjZJhwdrrvukACX7+hkCkxiXhnqS4GQboxnnb01t"},"_chains":{"BXDlIHxccSEtRcrvKl6jnOPJf39fc3yPHb8tvGHp6uUr":{"chainKey":{"counter":6,"key":"4PoX0T70Zx2lYgFD2Id7I/Czqti/7KuxV99ZE9Jc5oo="},"chainType":1,"messageKeys":{}}},"pendingPreKey":{"signedKeyId":0,"baseKey":"BTrsdaBo5TESCO1W8d2UnlEy0GmYNITNfz4mpqjWm1Zl","preKeyId":6655914}}},"version":"v1"}