{"_sessions":{"BV/QS15YUAlUfa+6fOIygJlDuwo1NWi5A1eJSMIE2dxz":{"registrationId":13322,"currentRatchet":{"ephemeralKeyPair":{"pubKey":"BZ1ZV8ki2aS8Z8QtksRZv6OKYVNt6C8c/9zVp1yIjSl/","privKey":"2LTBLabyLIqpYI6p7JSAy8/IP4rJsnjjvdiShXGYMFY="},"lastRemoteEphemeralKey":"BQNOh+qNBqOcD6HAytZqChUtcK/g+WqM6lxhspbYEd8J","previousCounter":0,"rootKey":"Oaj/rQke5A9VjomhvST/R8Tinq53ZbXE03ihH0NXtlo="},"indexInfo":{"baseKey":"BV/QS15YUAlUfa+6fOIygJlDuwo1NWi5A1eJSMIE2dxz","baseKeyType":1,"closed":-1,"used":1706967471887,"created":1706967471887,"remoteIdentityKey":"BeO7dVWBffmxlEjAORUBa/bRRFq6PUT7MwZQi/Icl6dk"},"_chains":{"BZ1ZV8ki2aS8Z8QtksRZv6OKYVNt6C8c/9zVp1yIjSl/":{"chainKey":{"counter":6,"key":"dQ/Ajy6aQeAK3gGH7XtOgzEzlxGWw5oMiJReGTYo1h8="},"chainType":1,"messageKeys":{}}},"pendingPreKey":{"signedKeyId":1,"baseKey":"BV/QS15YUAlUfa+6fOIygJlDuwo1NWi5A1eJSMIE2dxz"}}},"version":"v1"}