{"_sessions":{"Ba8rzk/J/Hw8lA0vz6IDBrnmoJWBZhVVnD59pvhagNFr":{"registrationId":14829,"currentRatchet":{"ephemeralKeyPair":{"pubKey":"BVfDawErqNpTXBRNuTNXdMC88BZfr4OWf2wXh1n8K6AP","privKey":"cOx9vWOCko3x5UafLKH9BlxG7dalTVLmAOuKyVQODm8="},"lastRemoteEphemeralKey":"BX56/CvLUj0FmxHivwm5iUo5lbYQd++TeKWu9WTboU4P","previousCounter":0,"rootKey":"Mpxsoxiy+mq5udjJuJdqYtJ9Wn5hxSVleMLiQz0Alnw="},"indexInfo":{"baseKey":"Ba8rzk/J/Hw8lA0vz6IDBrnmoJWBZhVVnD59pvhagNFr","baseKeyType":1,"closed":-1,"used":1706967471726,"created":1706967471726,"remoteIdentityKey":"Bd2BSJbmtUIADBCJNj7lMXDbhT9Ii3JgxffDnI0SsqgM"},"_chains":{"BVfDawErqNpTXBRNuTNXdMC88BZfr4OWf2wXh1n8K6AP":{"chainKey":{"counter":6,"key":"9uSssZrRI3uGL9GO6S9cMOIm+mzu552VHB/Uz+v+2l0="},"chainType":1,"messageKeys":{}}},"pendingPreKey":{"signedKeyId":1,"baseKey":"Ba8rzk/J/Hw8lA0vz6IDBrnmoJWBZhVVnD59pvhagNFr"}}},"version":"v1"}