{"_sessions":{"BSEgUqd8/2+Kvuu6qfIU5M3NjgLWGZzyMfrb1lsrs+ca":{"registrationId":1299055777,"currentRatchet":{"ephemeralKeyPair":{"pubKey":"BXg0DhqX3c6xuiOaDBwi9704iIcHaeIN96yD5KlUUZoW","privKey":"gGfgaHCwZ5deHhLpsFAkibXgSX607y4IrRzUcr0ZNUo="},"lastRemoteEphemeralKey":"BZ7clUyXKCA6195Cc/xCUttcHZK6yjCh+aBp4yo65/lq","previousCounter":0,"rootKey":"g3MkK8+rfSXY3qlw+iEzVsr6HaEZvKdPvFfKxbBu0yk="},"indexInfo":{"baseKey":"BSEgUqd8/2+Kvuu6qfIU5M3NjgLWGZzyMfrb1lsrs+ca","baseKeyType":1,"closed":-1,"used":1706967472072,"created":1706967472072,"remoteIdentityKey":"BX5yaYlrnwF/cxrl03ifbSM0sTn9Hhc4KM2GbTdiUztb"},"_chains":{"BXg0DhqX3c6xuiOaDBwi9704iIcHaeIN96yD5KlUUZoW":{"chainKey":{"counter":6,"key":"IircqDx9fBoKLcN2LdEQXRax07+VPQOdkBbexSwjkvs="},"chainType":1,"messageKeys":{}}},"pendingPreKey":{"signedKeyId":0,"baseKey":"BSEgUqd8/2+Kvuu6qfIU5M3NjgLWGZzyMfrb1lsrs+ca","preKeyId":7735899}}},"version":"v1"}