{"_sessions":{"BU1w5rNtThiYxzgmKhnvitCVjesPfQjiLUNDnA54s3ME":{"registrationId":387086411,"currentRatchet":{"ephemeralKeyPair":{"pubKey":"BQelXNi5EppsarDM3vdIl0Zl1Dv0YChQzEC4MuxpnvAU","privKey":"CF9LfJXPX1ACo7XbOFx9M28lv+Hxx7Cb24TeKlAscFc="},"lastRemoteEphemeralKey":"BQV+o2CT8ioMHX0gvwNXaiObFDtvykNASJz0L+cJ4rkP","previousCounter":0,"rootKey":"SUkOXQsGVe/HTfTOS8p4EHQv0tAM9iGXAUi5B0PUIl8="},"indexInfo":{"baseKey":"BU1w5rNtThiYxzgmKhnvitCVjesPfQjiLUNDnA54s3ME","baseKeyType":1,"closed":-1,"used":1706967472205,"created":1706967472205,"remoteIdentityKey":"BVwW0K4IiRng4sCB1FCpNY1RpUJhz+TpA+3b06hxWe85"},"_chains":{"BQelXNi5EppsarDM3vdIl0Zl1Dv0YChQzEC4MuxpnvAU":{"chainKey":{"counter":6,"key":"nOPY3nqCVsDoPqxIXMT9nvE5T0C2lmclYyV/xR0LLYk="},"chainType":1,"messageKeys":{}}},"pendingPreKey":{"signedKeyId":24,"baseKey":"BU1w5rNtThiYxzgmKhnvitCVjesPfQjiLUNDnA54s3ME","preKeyId":13455210}}},"version":"v1"}