{"_sessions":{"BWT1grmKykpvDnNryHuutNDOy7dl59ssLiecJClQ2YEk":{"registrationId":824747047,"currentRatchet":{"ephemeralKeyPair":{"pubKey":"Bf5faogkm6OV0sqXGTL3z3VGpfDy8HgLKIgEeqyrIjhE","privKey":"+A57oTMiewmwYyQ/rOk1eNgCcK04sS9pE7x65bi4nno="},"lastRemoteEphemeralKey":"BcqxmVlKbsa9Otvp6ob+moDpntSJv9EW19u7wHATWrRr","previousCounter":0,"rootKey":"jXhh3FAajQAkkV/jtVMELYQUe/GFWdkY4h8UIXfkLh0="},"indexInfo":{"baseKey":"BWT1grmKykpvDnNryHuutNDOy7dl59ssLiecJClQ2YEk","baseKeyType":1,"closed":-1,"used":1706967473449,"created":1706967473449,"remoteIdentityKey":"BV4EGU6u6fZ/lZsTBsf7Fs2UX3szi4uMPGQnVR3s+d9P"},"_chains":{"Bf5faogkm6OV0sqXGTL3z3VGpfDy8HgLKIgEeqyrIjhE":{"chainKey":{"counter":6,"key":"8rbAgGHEQWsCaGkaRHEU0YLbZSitNoysRdirAqKs8go="},"chainType":1,"messageKeys":{}}},"pendingPreKey":{"signedKeyId":23,"baseKey":"BWT1grmKykpvDnNryHuutNDOy7dl59ssLiecJClQ2YEk","preKeyId":346665}}},"version":"v1"}