{"_sessions":{"BSu354kPCNQeZg13hBZMaw9QtcUu8NUFgyrZYzvXX0Mc":{"registrationId":628465339,"currentRatchet":{"ephemeralKeyPair":{"pubKey":"BRaX6tvpijb58FojlYyv0ksz4eJxl1ohqi0SsbnIoax5","privKey":"mONUkvMoCD/48q24KW75dPOcPwC4GuvcZkntuM8o1FA="},"lastRemoteEphemeralKey":"BQNeZVAvRFjNFirSlsgAJvHbtdjySr12EqaBjiMS9UMg","previousCounter":0,"rootKey":"oQSoCBwSkXstDUjsFhqJaAY6Ys+zj+Bf/q2m6MG+kLw="},"indexInfo":{"baseKey":"BSu354kPCNQeZg13hBZMaw9QtcUu8NUFgyrZYzvXX0Mc","baseKeyType":1,"closed":-1,"used":1706967471947,"created":1706967471947,"remoteIdentityKey":"BXCfMOoHIa8m+3wA4FwOEZ4ml9pnjDFLSnwDk9qbPIpV"},"_chains":{"BRaX6tvpijb58FojlYyv0ksz4eJxl1ohqi0SsbnIoax5":{"chainKey":{"counter":6,"key":"vmgR72c9kCeRZP9ljWPsMKEgHm3pKfvIY0s7Rx6GBTE="},"chainType":1,"messageKeys":{}}},"pendingPreKey":{"signedKeyId":11334472,"baseKey":"BSu354kPCNQeZg13hBZMaw9QtcUu8NUFgyrZYzvXX0Mc","preKeyId":818}}},"version":"v1"}