{"_sessions":{"BTBolwu89iutC7Z2DPAd3h+SzUwkRjKkkuIMWjOxQTx3":{"registrationId":200793019,"currentRatchet":{"ephemeralKeyPair":{"pubKey":"BaERMUaUfZSOaeg5v4a8wR2J+CHf1b1q+VJ15TlRbuhk","privKey":"mLl7jhJxKWUqqWFPrpdSdf6hGwlUPHUGE00hFDfqK3s="},"lastRemoteEphemeralKey":"BeogLIca94F0bZIhmcGHjaxyURCG7P3+T+zxeJYkUAwQ","previousCounter":0,"rootKey":"oG+0KmXL1nidFQKrmFbL4TCFXHL8Gnwm1Lgg+sIXjEw="},"indexInfo":{"baseKey":"BTBolwu89iutC7Z2DPAd3h+SzUwkRjKkkuIMWjOxQTx3","baseKeyType":1,"closed":-1,"used":1706967472565,"created":1706967472565,"remoteIdentityKey":"BZIXV1pcZEoSP4aGWFM1tjJ9EG5B3ceKzgvpAvgdO6JH"},"_chains":{"BaERMUaUfZSOaeg5v4a8wR2J+CHf1b1q+VJ15TlRbuhk":{"chainKey":{"counter":6,"key":"g53I3C8tTPU4urHBdeduj3EvKmDfGpCQ95Z7PtsUeZk="},"chainType":1,"messageKeys":{}}},"pendingPreKey":{"signedKeyId":10,"baseKey":"BTBolwu89iutC7Z2DPAd3h+SzUwkRjKkkuIMWjOxQTx3","preKeyId":2632295}}},"version":"v1"}