{"_sessions":{"BaeKC5xuSKzobw3a+hDUFFHf/uNkKQy0bvOKa2a/emlL":{"registrationId":96503433,"currentRatchet":{"ephemeralKeyPair":{"pubKey":"BTL+vhfF7p9WvumR/qWa1e/e9fwLcERDqQm1yXCrACpZ","privKey":"KLNfvdtNcWxax1U7OcBCarru8UIIHjHDr8KW1vnS/30="},"lastRemoteEphemeralKey":"BaNwz/C9Dkjhj64YZpIq+pHIH2QpTVBqPz4eqrxWJXIb","previousCounter":0,"rootKey":"kiNMs+Vqxo3Oa3/hXuDwVfVpO9fwWOMi+xpnHS3o0pc="},"indexInfo":{"baseKey":"BaeKC5xuSKzobw3a+hDUFFHf/uNkKQy0bvOKa2a/emlL","baseKeyType":1,"closed":-1,"used":1706967472065,"created":1706967472065,"remoteIdentityKey":"BV9Dfxxu2GzqorwdEofIhXrMmHkSqOGYTfIYqbyOXKBx"},"_chains":{"BTL+vhfF7p9WvumR/qWa1e/e9fwLcERDqQm1yXCrACpZ":{"chainKey":{"counter":6,"key":"HMzqhAASO4ev+efCPoIAzR/IdHsq3HSSMnexbze+ZMo="},"chainType":1,"messageKeys":{}}},"pendingPreKey":{"signedKeyId":5,"baseKey":"BaeKC5xuSKzobw3a+hDUFFHf/uNkKQy0bvOKa2a/emlL","preKeyId":13263282}}},"version":"v1"}