{"_sessions":{"BQhcSUFut6nCnt1xX3fL87jFK3dLvZFOe6CxZBflwc0C":{"registrationId":2038304830,"currentRatchet":{"ephemeralKeyPair":{"pubKey":"BbFqFRa4TweXeN/GDvSNzUmTwRhlydjhz3JpOxtvR5VT","privKey":"MP/fo5oHHgqM0E0KLR50pAQE25Iojqvrol5LEU8c+U8="},"lastRemoteEphemeralKey":"Bb7GJStLRQQSr4Nxe/wFrYRvgg6jh4CBqCnuxVZX9ht3","previousCounter":0,"rootKey":"S0Bu6/ODYoj3ec+dyBCm0Sdvu0QMvwmBO8KSky0Yw0w="},"indexInfo":{"baseKey":"BQhcSUFut6nCnt1xX3fL87jFK3dLvZFOe6CxZBflwc0C","baseKeyType":1,"closed":-1,"used":1706967473096,"created":1706967473096,"remoteIdentityKey":"BUj8nCZCKyBS0r9U+wFwmsuJlIxrW/e93d84zxVCZHlS"},"_chains":{"BbFqFRa4TweXeN/GDvSNzUmTwRhlydjhz3JpOxtvR5VT":{"chainKey":{"counter":6,"key":"t2QJwnVEyyQOit5QevDaUZjOK2uss3tTJ+D59npVf48="},"chainType":1,"messageKeys":{}}},"pendingPreKey":{"signedKeyId":7,"baseKey":"BQhcSUFut6nCnt1xX3fL87jFK3dLvZFOe6CxZBflwc0C","preKeyId":5527676}}},"version":"v1"}