{"_sessions":{"BcYenNMgbraeWaHCHhVlrGXLQRsaY0buasyBRFZ6ppA8":{"registrationId":1220276141,"currentRatchet":{"ephemeralKeyPair":{"pubKey":"BT+JoV6/XXmKLWhTBxyeiizoOrQvF89jXN1MgDfbbRId","privKey":"gBvo4CISTjxiMIebxerAIwgzOWVsRdpm77rHnMmp9E0="},"lastRemoteEphemeralKey":"BTc+C83DwpvKYOlHB6TwIIDprcO0J+JpmLHuhdPoofFg","previousCounter":0,"rootKey":"RW6Pmi4qOTnRck7QROqrT2yubgKKzDWQUv2NLvtmIEs="},"indexInfo":{"baseKey":"BcYenNMgbraeWaHCHhVlrGXLQRsaY0buasyBRFZ6ppA8","baseKeyType":1,"closed":-1,"used":1706967472679,"created":1706967472679,"remoteIdentityKey":"BZeGn1HSfl7uk+Kjp1VXKLJqYWZC1HSj2nNRW9ehD+Up"},"_chains":{"BT+JoV6/XXmKLWhTBxyeiizoOrQvF89jXN1MgDfbbRId":{"chainKey":{"counter":6,"key":"HzK/FMRR8cmneWlkofz70rV3rFo+9WthvFdNUqJFuNA="},"chainType":1,"messageKeys":{}}},"pendingPreKey":{"signedKeyId":1,"baseKey":"BcYenNMgbraeWaHCHhVlrGXLQRsaY0buasyBRFZ6ppA8","preKeyId":3863840}}},"version":"v1"}