{"_sessions":{"BYJE5V0a2Zu5VrW+PTmJGF7C8ig/HPnlK9SxBEaah3RK":{"registrationId":741015180,"currentRatchet":{"ephemeralKeyPair":{"pubKey":"BS6i+Sc/hB+MIC3w4829fxyEeZ2MIVtNReoa5Sa0djhZ","privKey":"CIBHiL+VzZrIuUeuzTxk09lNyrPe0OFSY24Fc85NC0M="},"lastRemoteEphemeralKey":"BXMVXMYgTPyTx/CdUq+IbzjzXXkCTcLDG+jrsSiA//0F","previousCounter":0,"rootKey":"bTkEr0YGLE7HcLlyjTyOAnpAtIQ/XJER3G5jHv+nhVo="},"indexInfo":{"baseKey":"BYJE5V0a2Zu5VrW+PTmJGF7C8ig/HPnlK9SxBEaah3RK","baseKeyType":1,"closed":-1,"used":1706967471838,"created":1706967471838,"remoteIdentityKey":"BTNEmaYJLAFMe9oflPfMnmPpsjGwVDWKO9Mun6p/wKpL"},"_chains":{"BS6i+Sc/hB+MIC3w4829fxyEeZ2MIVtNReoa5Sa0djhZ":{"chainKey":{"counter":6,"key":"P/D77JYfYuFVhmYjkCwTfsahr//QRWH1gupKCZiU6bU="},"chainType":1,"messageKeys":{}}},"pendingPreKey":{"signedKeyId":1,"baseKey":"BYJE5V0a2Zu5VrW+PTmJGF7C8ig/HPnlK9SxBEaah3RK","preKeyId":7070617}}},"version":"v1"}