{"_sessions":{"BXI7vuyaRB42XPt45LdKiMSvMZUWX9cuXgMbIgqLN/to":{"registrationId":806055777,"currentRatchet":{"ephemeralKeyPair":{"pubKey":"BSJAPiNe09sWft/b+cJCOO+um7hYBxIOFbK0YRaAaYk4","privKey":"uM3rkcEtj4xaRvYgpZ8hbBuPtTqARCDrzXcHYyYzy00="},"lastRemoteEphemeralKey":"BbD8KkCmlXtD8+jlKvZ+rjZKpBumS9chWzCGA18nOGkL","previousCounter":5,"rootKey":"VVSeuNQobS1fv/tnWazPb287kEJKRCuAcjJhsd27NT0="},"indexInfo":{"baseKey":"BXI7vuyaRB42XPt45LdKiMSvMZUWX9cuXgMbIgqLN/to","baseKeyType":1,"closed":-1,"used":1706967798301,"created":1706967473848,"remoteIdentityKey":"BVwDP9j3+NnuumOUCmJ2U/Uz/chXCZYRmDXfrmUrIs0R"},"_chains":{"BVeCEiZmox4ehBi31RXYKgn1nIQdKlIERh0Qdq5klfsG":{"chainKey":{"counter":1},"chainType":2,"messageKeys":{}},"BbD8KkCmlXtD8+jlKvZ+rjZKpBumS9chWzCGA18nOGkL":{"chainKey":{"counter":0,"key":"94o/PRXJSOWNwQ2XyH7RkeeBVsNzg7BSf673vK7VVnI="},"chainType":2,"messageKeys":{}},"BSJAPiNe09sWft/b+cJCOO+um7hYBxIOFbK0YRaAaYk4":{"chainKey":{"counter":-1,"key":"e7IMHCG8h07stwvhjVroKfKoWFAikZ0cNPmkDagJeDs="},"chainType":1,"messageKeys":{}}}}},"version":"v1"}