{"_sessions":{"BekzNfSRGORT/NXdhHtPhcvFzlV0u09Qg24QeOkPcw0n":{"registrationId":1618574296,"currentRatchet":{"ephemeralKeyPair":{"pubKey":"BX8+fIV/Kp+N7CzSgWpipdfLGIyyAUfur42UFUlMFY8x","privKey":"aPSePNO2Ml8MvCgBMvkSZIDdwWiYuCaGUyglSVFzyFE="},"lastRemoteEphemeralKey":"Bb+3QYzgtRJ+G9tHMycpHHUkh3XhxfaA54E6PrXFw29C","previousCounter":0,"rootKey":"Bwnm+TylBADcRqEaO6nCJnLUZGfF/Vkz8Yc7Gbd0zcA="},"indexInfo":{"baseKey":"BekzNfSRGORT/NXdhHtPhcvFzlV0u09Qg24QeOkPcw0n","baseKeyType":1,"closed":-1,"used":1706967473656,"created":1706967473656,"remoteIdentityKey":"BT75+rJn+9yrzDjcTNWMblrWBVDDIkG6Y92rOep4Gv4A"},"_chains":{"BX8+fIV/Kp+N7CzSgWpipdfLGIyyAUfur42UFUlMFY8x":{"chainKey":{"counter":6,"key":"fM4zgBHQsY+A2Yj2D+PCvryj7WX9P60I3caqY9uYIKo="},"chainType":1,"messageKeys":{}}},"pendingPreKey":{"signedKeyId":6,"baseKey":"BekzNfSRGORT/NXdhHtPhcvFzlV0u09Qg24QeOkPcw0n","preKeyId":1223386}}},"version":"v1"}