{"_sessions":{"BeuCLazO+pwHAu3SJpahwZUi9uN3ZlhgztdYR6ETm+Zi":{"registrationId":856096672,"currentRatchet":{"ephemeralKeyPair":{"pubKey":"BVp/Z0jB7iyQr24XFhZSTLoMY3xomjtmM0hD1Qp0RsRN","privKey":"0O3AhCyWuzdLKJc9QHBsTStTLYdavjjKftxJTTZw4mc="},"lastRemoteEphemeralKey":"Bb6U6mD7038vF5s8/bAfTqJ5nXeGBdgifHEr21Sx2H1+","previousCounter":0,"rootKey":"J71hJqoj5KEFCiICe6UaTjRTQrJ8iErb//x5jHWR7mI="},"indexInfo":{"baseKey":"BeuCLazO+pwHAu3SJpahwZUi9uN3ZlhgztdYR6ETm+Zi","baseKeyType":1,"closed":-1,"used":1706967473820,"created":1706967473820,"remoteIdentityKey":"BXZ+1eWjn0GidYzqKOxhE5L4ADr1H3DsloM89w8apkAZ"},"_chains":{"BVp/Z0jB7iyQr24XFhZSTLoMY3xomjtmM0hD1Qp0RsRN":{"chainKey":{"counter":6,"key":"ELUk/wZR2rBYKs1TOCz9drvDxdclw5OlXyweNkmi7yY="},"chainType":1,"messageKeys":{}}},"pendingPreKey":{"signedKeyId":9,"baseKey":"BeuCLazO+pwHAu3SJpahwZUi9uN3ZlhgztdYR6ETm+Zi","preKeyId":11099461}}},"version":"v1"}