{"_sessions":{"BaX65Vrp+TImdHxcWsr+Fs9hiJu2vJMr01rWOAyxEHtR":{"registrationId":227455886,"currentRatchet":{"ephemeralKeyPair":{"pubKey":"BTZ6WghFseDt3RyW/qmJrY1FtO4OpUm3xuiLN1RgVOxo","privKey":"ELchsDJDrEF0bsOUkpFKKbIONq7NOe3BThpbaTR4N2c="},"lastRemoteEphemeralKey":"BZDyukvTa6V8CMCsEpVfcdSKl0bx6r9Rqj6IjTK6rnBZ","previousCounter":0,"rootKey":"uJObD3SLuL0bu9/o4Ds0cGz+NgFeUIJnLEWeAa/7N9s="},"indexInfo":{"baseKey":"BaX65Vrp+TImdHxcWsr+Fs9hiJu2vJMr01rWOAyxEHtR","baseKeyType":1,"closed":-1,"used":1706967472280,"created":1706967472280,"remoteIdentityKey":"BYSt9HZPFF+4xqeDXsvqh7i7Q9Rcc0wLuciF4HDRGl4c"},"_chains":{"BTZ6WghFseDt3RyW/qmJrY1FtO4OpUm3xuiLN1RgVOxo":{"chainKey":{"counter":6,"key":"H9GPkRSnbooUfaMDi/dT9epjoSxZEi/ZvimIRW4dmRM="},"chainType":1,"messageKeys":{}}},"pendingPreKey":{"signedKeyId":0,"baseKey":"BaX65Vrp+TImdHxcWsr+Fs9hiJu2vJMr01rWOAyxEHtR","preKeyId":10471869}}},"version":"v1"}