{"_sessions":{"BejhKOMU58S1y/nohTIkl9oXmIqOc1F4xxTltDcRR/AE":{"registrationId":257797823,"currentRatchet":{"ephemeralKeyPair":{"pubKey":"BXsVseCWFGaYEvpA0Vj2SW/sKYV4Z9tO0tMGX3kJFnZZ","privKey":"uFiz3vURheSXH7QPdnoDrn1kkIKK001Jnee+Bgro+H4="},"lastRemoteEphemeralKey":"Bd+lRcREKpSfr/317vzdd3+773Trhm37zQpFAaFT4tt7","previousCounter":0,"rootKey":"+lPSE/GIkrEbtwq/MJ8hlFJSZZ1fpMyn2rMObwCG4VE="},"indexInfo":{"baseKey":"BejhKOMU58S1y/nohTIkl9oXmIqOc1F4xxTltDcRR/AE","baseKeyType":1,"closed":-1,"used":1706967473416,"created":1706967473416,"remoteIdentityKey":"BXhadlebAbJA8GYjzWG/vpb4uZRX9CPNvWGVrxiW9JVE"},"_chains":{"BXsVseCWFGaYEvpA0Vj2SW/sKYV4Z9tO0tMGX3kJFnZZ":{"chainKey":{"counter":6,"key":"aR2VskpRfuulA1npjzq+1WappRw4+CPeWIfwJbL8JoE="},"chainType":1,"messageKeys":{}}},"pendingPreKey":{"signedKeyId":3,"baseKey":"BejhKOMU58S1y/nohTIkl9oXmIqOc1F4xxTltDcRR/AE","preKeyId":3251069}}},"version":"v1"}