{"_sessions":{"BTNHPVRFzUAyfD5SeRAcf3mIm/lAfQOKM3jUMiKEuA58":{"registrationId":1845899487,"currentRatchet":{"ephemeralKeyPair":{"pubKey":"BWTyT4XIjjzPuXu8ZBDuBPgXdMjRK819R/CkQMTfmgBX","privKey":"cCY9tJJlyeOmB1egRkDmaYnKBOeyv0KHc6Nwuv9k4lY="},"lastRemoteEphemeralKey":"BSowouGEVHxUDmElGxJfCFxQONPKpMsIz1ns+dIni7w5","previousCounter":0,"rootKey":"wWzVhJEpEFm+JYYFNRExsPAVwh29XpYep+zuQAgLJ8s="},"indexInfo":{"baseKey":"BTNHPVRFzUAyfD5SeRAcf3mIm/lAfQOKM3jUMiKEuA58","baseKeyType":1,"closed":-1,"used":1706967472089,"created":1706967472089,"remoteIdentityKey":"BZYivEL9BtQF6inbYF3pWXPwZnK1yiuC1F617jGiOr4U"},"_chains":{"BWTyT4XIjjzPuXu8ZBDuBPgXdMjRK819R/CkQMTfmgBX":{"chainKey":{"counter":6,"key":"J/Fxo6f2/Mg1VpkV8plfHczbdi3QbkSJbLdiunp96yc="},"chainType":1,"messageKeys":{}}},"pendingPreKey":{"signedKeyId":15,"baseKey":"BTNHPVRFzUAyfD5SeRAcf3mIm/lAfQOKM3jUMiKEuA58","preKeyId":11510534}}},"version":"v1"}