{"_sessions":{"BXX0S7w37eqlyU6uyw7Q9sF1JwBSFv2I8VazNRWn9et+":{"registrationId":1444832078,"currentRatchet":{"ephemeralKeyPair":{"pubKey":"BbLephguo57um+vSE8r8H1VAECWz9b06kQOWNLpmTMQS","privKey":"+DRB/sgm67N1ddINk2hkQHHIE225updoCaLOmowTnnU="},"lastRemoteEphemeralKey":"BX1sP9eD/BElcG9H2IUtOGcROJod4oLk4JW0js8NDm0K","previousCounter":0,"rootKey":"L0U4dC75O1dFnMIobCX/nlcxOJX0+kxPByCqv/qD7tw="},"indexInfo":{"baseKey":"BXX0S7w37eqlyU6uyw7Q9sF1JwBSFv2I8VazNRWn9et+","baseKeyType":1,"closed":-1,"used":1706967473295,"created":1706967473295,"remoteIdentityKey":"BV8VyDI0G6WLwKK/PVTVcSo/x1UJMP9DYeY83QL06EYw"},"_chains":{"BbLephguo57um+vSE8r8H1VAECWz9b06kQOWNLpmTMQS":{"chainKey":{"counter":6,"key":"LPDBfJV8HX6aIvX1cWa5BPP4R5u0T3eIOb57gq8b4TU="},"chainType":1,"messageKeys":{}}},"pendingPreKey":{"signedKeyId":1,"baseKey":"BXX0S7w37eqlyU6uyw7Q9sF1JwBSFv2I8VazNRWn9et+","preKeyId":6070961}}},"version":"v1"}