{"_sessions":{"BaXh6r5Z74d2RXKbuuWnBbyi38vJwT0x9AImrNNpXhBO":{"registrationId":717381320,"currentRatchet":{"ephemeralKeyPair":{"pubKey":"BWhs6Ch7CsczoD1JksTplRqfAGhDZPTTMv30F4FbEzRM","privKey":"CPDhWHK7X039NT60c6VqCbI/BWUwLEEpoKfkcuVo0Uk="},"lastRemoteEphemeralKey":"BSFiyK5l6bzYz7LCR/QoVgJyNffJtZysOmnpK7+Gw2RX","previousCounter":0,"rootKey":"66YjarB+vv7dZRZpabB+aE0fnemdA9FLRpFUVNhLHUU="},"indexInfo":{"baseKey":"BaXh6r5Z74d2RXKbuuWnBbyi38vJwT0x9AImrNNpXhBO","baseKeyType":1,"closed":-1,"used":1706967472528,"created":1706967472528,"remoteIdentityKey":"BTKqG1Qph5Ms+LoYl/3IWttz8pxZvCPtc+v9FBtjemRO"},"_chains":{"BWhs6Ch7CsczoD1JksTplRqfAGhDZPTTMv30F4FbEzRM":{"chainKey":{"counter":6,"key":"9Mcdq7PdskvKyYSQBoXg5CR/Vk/IuvF9Upu4g4jfNi4="},"chainType":1,"messageKeys":{}}},"pendingPreKey":{"signedKeyId":19,"baseKey":"BaXh6r5Z74d2RXKbuuWnBbyi38vJwT0x9AImrNNpXhBO","preKeyId":2331658}}},"version":"v1"}