{"_sessions":{"BXOCdJbGkvOwe9asIvxh46Ul5MGAD/Js9EmPtuoTqQJ6":{"registrationId":1597045435,"currentRatchet":{"ephemeralKeyPair":{"pubKey":"Be4S3F794Qm4fY/8WR75Ipq8Q28AZNklfZ/wTwwspHRB","privKey":"oKcwPaa/LxSRFkqGf8u+gq2RwV/f3b71RGa9AKGw93Q="},"lastRemoteEphemeralKey":"Bb5ofzSdbKkZgwxdYvkSkikL316jc+lJMgU03FGVfw4O","previousCounter":0,"rootKey":"ut+x5xSedi2JVkqRN0wtqQ7G9yM1SZsBjyPtuVPiSFA="},"indexInfo":{"baseKey":"BXOCdJbGkvOwe9asIvxh46Ul5MGAD/Js9EmPtuoTqQJ6","baseKeyType":1,"closed":-1,"used":1706967472706,"created":1706967472706,"remoteIdentityKey":"BadFBq8c3f24QHjPZvdENLdGWlmEpm2w02if+yRTe1ZI"},"_chains":{"Be4S3F794Qm4fY/8WR75Ipq8Q28AZNklfZ/wTwwspHRB":{"chainKey":{"counter":6,"key":"ftlZPe3FN50KGG/7PgGXkvYhsUR4yfFIpcj/zjBk/Zc="},"chainType":1,"messageKeys":{}}},"pendingPreKey":{"signedKeyId":5,"baseKey":"BXOCdJbGkvOwe9asIvxh46Ul5MGAD/Js9EmPtuoTqQJ6","preKeyId":16400927}}},"version":"v1"}