{"_sessions":{"BWV1U65yrBaqXJ+I8OPiQT00haCunFC/Lo3EKS3qhn8m":{"registrationId":11776,"currentRatchet":{"ephemeralKeyPair":{"pubKey":"BSTStxKdBmmqit2Dmcu85dbQL9u1DeeX87CPmx71yac2","privKey":"8PH6PDrJihH+bcccoNL+aQOUKAN/JTo76alp+VB+SVA="},"lastRemoteEphemeralKey":"BXAEa7f7ia5foikqU5VRCFJqWJdGNmz0oHeaoZqhERJh","previousCounter":0,"rootKey":"5gIi3TGue1sgJs+P5hBUia6wDUMZu2sVHqt3JH8+Afw="},"indexInfo":{"baseKey":"BWV1U65yrBaqXJ+I8OPiQT00haCunFC/Lo3EKS3qhn8m","baseKeyType":1,"closed":-1,"used":1706967471619,"created":1706967471619,"remoteIdentityKey":"BWmS7DmInXlq2mYCETnSlg3dinxlbQ01G5CGFL2G1tEg"},"_chains":{"BSTStxKdBmmqit2Dmcu85dbQL9u1DeeX87CPmx71yac2":{"chainKey":{"counter":6,"key":"i9y5PFFA4GgCddOvAtJp38TmY+qS0ybs8VM1Tdrf4sk="},"chainType":1,"messageKeys":{}}},"pendingPreKey":{"signedKeyId":1,"baseKey":"BWV1U65yrBaqXJ+I8OPiQT00haCunFC/Lo3EKS3qhn8m"}}},"version":"v1"}