{"_sessions":{"BS6vHYjZHLRHRbmqhWG6I3pUA6tDGGTPhU16MJTTe+tZ":{"registrationId":27518245,"currentRatchet":{"ephemeralKeyPair":{"pubKey":"BVmtyQE0X8h4qshumXEOB5CpD+adiJ27Z1t6YGC0z/4b","privKey":"GDcNEUm4FIqS0n9CuDA/znlsa+xX4qUQriQ1WfABRn4="},"lastRemoteEphemeralKey":"BdGkQS3yKTFPbiHZtdq6Z7lDWQvIpQhRPLZxmz9NoNQD","previousCounter":0,"rootKey":"ERhNFf9dYah16/VYJTlapsBAES99cW9kM8n9OrBeZSo="},"indexInfo":{"baseKey":"BS6vHYjZHLRHRbmqhWG6I3pUA6tDGGTPhU16MJTTe+tZ","baseKeyType":1,"closed":-1,"used":1706967472013,"created":1706967472013,"remoteIdentityKey":"BT70ZlNUYW8Su5oZLWmEG1CCRj1PcZJAHQgn9fjoeBRV"},"_chains":{"BVmtyQE0X8h4qshumXEOB5CpD+adiJ27Z1t6YGC0z/4b":{"chainKey":{"counter":6,"key":"vdme9/W9CU9vGbuKErGERLDEvcLMRxvAwHObPj8jtpA="},"chainType":1,"messageKeys":{}}},"pendingPreKey":{"signedKeyId":6,"baseKey":"BS6vHYjZHLRHRbmqhWG6I3pUA6tDGGTPhU16MJTTe+tZ","preKeyId":3416502}}},"version":"v1"}