{"_sessions":{"BUH0+SLnmpaJbEjxKijSiViwni0ICgZwtN95SiT/Kjl9":{"registrationId":13592,"currentRatchet":{"ephemeralKeyPair":{"pubKey":"BVkk2MjKCITJ5TmoY7Hp9YWPFaC0/5nT/vG+iFMV0kUT","privKey":"cCQi3Es2gPZz7EvTO15zFjHgBg0Vn4gVIcsnGBhHVFs="},"lastRemoteEphemeralKey":"BXZEPgmGXo5lGRu6R1sJoc1QpzJ+kvEU3EeeJkjVt5BH","previousCounter":0,"rootKey":"l+rEh32taXSqAXI+xsMh4waa/mfb36elAqPW+M6KD5c="},"indexInfo":{"baseKey":"BUH0+SLnmpaJbEjxKijSiViwni0ICgZwtN95SiT/Kjl9","baseKeyType":1,"closed":-1,"used":1706967471525,"created":1706967471525,"remoteIdentityKey":"BRbrEXJpyBOk4Anrkhr2jH/pO8BjSpeAklmwfi0S4AFH"},"_chains":{"BVkk2MjKCITJ5TmoY7Hp9YWPFaC0/5nT/vG+iFMV0kUT":{"chainKey":{"counter":6,"key":"qLZfpvGtHun5yqLyN/wQAX8GN7wihIxOYjNwvKPNOUc="},"chainType":1,"messageKeys":{}}},"pendingPreKey":{"signedKeyId":3,"baseKey":"BUH0+SLnmpaJbEjxKijSiViwni0ICgZwtN95SiT/Kjl9","preKeyId":3793}}},"version":"v1"}