{"_sessions":{"BX5I/pWl3TQ2KIu7dWsQMhobMwG8T4gT/iv4rDg5w8FS":{"registrationId":78821941,"currentRatchet":{"ephemeralKeyPair":{"pubKey":"Bahe/3vHl4yuPOSfroAjxQNEpN1ZAnU3YheXlYmejy1q","privKey":"YLcpIBBNfNI0FdaUstT5SJy8sHa7HlJfQWlSTM/a7Xc="},"lastRemoteEphemeralKey":"BVHWWBNAnoujlNjsU3wvJwwv8BJ5rzac0xNH9sfkuDxm","previousCounter":0,"rootKey":"fiDsnSKqnWFkkpavTjXVS+xL6YWRcswIOF9aRrkDM0I="},"indexInfo":{"baseKey":"BX5I/pWl3TQ2KIu7dWsQMhobMwG8T4gT/iv4rDg5w8FS","baseKeyType":1,"closed":-1,"used":1706967471756,"created":1706967471756,"remoteIdentityKey":"BZ/A6D13H5yNRN8KdskTw3/6yS4j92TgK5k67IADp3NY"},"_chains":{"Bahe/3vHl4yuPOSfroAjxQNEpN1ZAnU3YheXlYmejy1q":{"chainKey":{"counter":6,"key":"iVIW79jvJLGuoALrcWkD2YE0D9QmDa/gjRXGkkJ0hWc="},"chainType":1,"messageKeys":{}}},"pendingPreKey":{"signedKeyId":1,"baseKey":"BX5I/pWl3TQ2KIu7dWsQMhobMwG8T4gT/iv4rDg5w8FS","preKeyId":8559883}}},"version":"v1"}