{"_sessions":{"BdT3enHtpVbHKJCqHzZVIuM4Yk+UNfgzqdFZfX3E1L8u":{"registrationId":2030207633,"currentRatchet":{"ephemeralKeyPair":{"pubKey":"BaauwBrocoG8C+AY0Dtw4KplxKfq1EMwzA0bsS5kwZsD","privKey":"mAtrxQ9wjnAvvL0Da38FGMgjCaEX0Szy26ptxYLJC1E="},"lastRemoteEphemeralKey":"BX+1ZQa+jX+4qI98SJAPEZb4Z54IHVFmthp6x8uwRf0q","previousCounter":0,"rootKey":"yiwz6VcKDCIiIq9jKlVdsFLSmCT8gND2eTGn5P6Tik8="},"indexInfo":{"baseKey":"BdT3enHtpVbHKJCqHzZVIuM4Yk+UNfgzqdFZfX3E1L8u","baseKeyType":1,"closed":-1,"used":1706967474175,"created":1706967474175,"remoteIdentityKey":"BS2WjDIORiqt/9A1rbMxsNZNbDZ+avwdZ87rK7QV38Ex"},"_chains":{"BaauwBrocoG8C+AY0Dtw4KplxKfq1EMwzA0bsS5kwZsD":{"chainKey":{"counter":6,"key":"8qTGTkLAHhP+DI8qHWUI2Cp7FpLuykYYZD6hUOjyF6Q="},"chainType":1,"messageKeys":{}}},"pendingPreKey":{"signedKeyId":13,"baseKey":"BdT3enHtpVbHKJCqHzZVIuM4Yk+UNfgzqdFZfX3E1L8u","preKeyId":6795251}}},"version":"v1"}