{"_sessions":{"BYokUf+9XYApx4T5NZC5qJLemMjSyeLbkHjLNQ9bph4O":{"registrationId":1134575598,"currentRatchet":{"ephemeralKeyPair":{"pubKey":"BSOY7Iw8Fhr8t2jdeHiv+sjmWgPy6cN6/Khs8b6JaToL","privKey":"8CPtmDDsN3UtoTWA+I8k27SKXlciESItD8jLNsIzJX8="},"lastRemoteEphemeralKey":"BQNiMpROHcedYk3ELwYCfjb0ABeDJl5BCO4UVWLu+Fc4","previousCounter":0,"rootKey":"J84N+PDekad/nLTpD5dRH7riC5fS6BgUT6+53y0BtVU="},"indexInfo":{"baseKey":"BYokUf+9XYApx4T5NZC5qJLemMjSyeLbkHjLNQ9bph4O","baseKeyType":1,"closed":-1,"used":1706967473234,"created":1706967473234,"remoteIdentityKey":"BTOgeoaHgtyopsqGGHC8xoOekEpETzaTN8WRUTVDNlg2"},"_chains":{"BSOY7Iw8Fhr8t2jdeHiv+sjmWgPy6cN6/Khs8b6JaToL":{"chainKey":{"counter":6,"key":"t7UjPNKJWzUt0S2g8oD/T6AEygjOXwb14ntZ7zo2yb4="},"chainType":1,"messageKeys":{}}},"pendingPreKey":{"signedKeyId":2,"baseKey":"BYokUf+9XYApx4T5NZC5qJLemMjSyeLbkHjLNQ9bph4O"}}},"version":"v1"}