{"_sessions":{"BWj9xEv3j1AUoNlEWeqk/ZUBeMDcHFjpWXfe8UHPl8oN":{"registrationId":1568353324,"currentRatchet":{"ephemeralKeyPair":{"pubKey":"BQdZerShI7RpiHSdiA/uJukTPLIXr4xpCbdbCFaT2qR0","privKey":"sJzM+A8pylHXF4OlqjbaSfkNjCDMzp1sMyq0NyX8q3E="},"lastRemoteEphemeralKey":"BUDsw1irx2W3TQcLnXd2474SNVK967uk54XHdA735Ds/","previousCounter":0,"rootKey":"hclJmJnsSmHPhGh6KhJIMotYwO7gFHJVhJKrIpi/+Kw="},"indexInfo":{"baseKey":"BWj9xEv3j1AUoNlEWeqk/ZUBeMDcHFjpWXfe8UHPl8oN","baseKeyType":1,"closed":-1,"used":1706967471920,"created":1706967471920,"remoteIdentityKey":"BTsQLi5QEoSyEZfJXh70hMtso8OgA9AFlRp5t8OaN3tS"},"_chains":{"BQdZerShI7RpiHSdiA/uJukTPLIXr4xpCbdbCFaT2qR0":{"chainKey":{"counter":6,"key":"ws3gZyrsCiJN7rUy8y2/1Xy8iW0W9jXBX3vXsm6ThA4="},"chainType":1,"messageKeys":{}}},"pendingPreKey":{"signedKeyId":48,"baseKey":"BWj9xEv3j1AUoNlEWeqk/ZUBeMDcHFjpWXfe8UHPl8oN","preKeyId":4254982}}},"version":"v1"}