{"_sessions":{"Bag3NlHfIiRDMMdQOOuoDPPScrIyl2vRfAUFC+Nz8S0N":{"registrationId":416,"currentRatchet":{"ephemeralKeyPair":{"pubKey":"BU9iVpizmIZQ3b+XxIX9NbOFHj6b/xBPEoqj5b5nFpwI","privKey":"ELAh5Vo0vdxSnQVG1OCQ3Q9m4WqpOt8E8Nv/T671UVE="},"lastRemoteEphemeralKey":"BXGEPzf9GvJo9edehwuyqflQAHWHwU5sGRDNTr7LkE9G","previousCounter":0,"rootKey":"RxEULZ0LuPBNVOgSJOk/lzEebeEuM7MPzwM+QHzv1jE="},"indexInfo":{"baseKey":"Bag3NlHfIiRDMMdQOOuoDPPScrIyl2vRfAUFC+Nz8S0N","baseKeyType":1,"closed":-1,"used":1706967471722,"created":1706967471722,"remoteIdentityKey":"BYBKo9VslI/jwzvpUnk4+D1f1mxPM5ExSneDNr5YB1E/"},"_chains":{"BU9iVpizmIZQ3b+XxIX9NbOFHj6b/xBPEoqj5b5nFpwI":{"chainKey":{"counter":6,"key":"QTgJVLkEdmK0oGun/ZCt4LPneXetbWVUYjvi8s2japw="},"chainType":1,"messageKeys":{}}},"pendingPreKey":{"signedKeyId":1,"baseKey":"Bag3NlHfIiRDMMdQOOuoDPPScrIyl2vRfAUFC+Nz8S0N"}}},"version":"v1"}