{"_sessions":{"BTK7p03iOVdTQBSvHtcoPtVKLJ7soVQEXNQ8YJ07J28r":{"registrationId":9752,"currentRatchet":{"ephemeralKeyPair":{"pubKey":"BcRiuanMW0sYgUBJzt+KUokCcYLVHzimm1zW8V5B/RMx","privKey":"SLq4FosTvPH73dqLlsDJmQFzg6dL4+cevHks2W0MTGg="},"lastRemoteEphemeralKey":"BdywWGtzJYhSJ1DWOaz3O4n5npAtJ/dM4XB8nSkxhMsn","previousCounter":0,"rootKey":"j8JtVAMUasZxbXHp5pUEoOIl79h5mHkSOa/P0VJgKNc="},"indexInfo":{"baseKey":"BTK7p03iOVdTQBSvHtcoPtVKLJ7soVQEXNQ8YJ07J28r","baseKeyType":1,"closed":-1,"used":1706967471515,"created":1706967471515,"remoteIdentityKey":"BdxpwX7iKY1SsJPom2WXop+tAEFdDho6B2u9gn4FK5Ec"},"_chains":{"BcRiuanMW0sYgUBJzt+KUokCcYLVHzimm1zW8V5B/RMx":{"chainKey":{"counter":6,"key":"jE9gkYrId2DmiljxDL8FLPnucghKiifg1pkfuuUvCkU="},"chainType":1,"messageKeys":{}}},"pendingPreKey":{"signedKeyId":1,"baseKey":"BTK7p03iOVdTQBSvHtcoPtVKLJ7soVQEXNQ8YJ07J28r"}}},"version":"v1"}