{"_sessions":{"BW1duNt4BYEbAOnV3ZK2oTCuyFh7XF5p4dKEC0/WqdNN":{"registrationId":341756180,"currentRatchet":{"ephemeralKeyPair":{"pubKey":"BVOyfBjeCWX06STWTvP5owwGctqxfuyxX/y8uSdDmDRJ","privKey":"MISHM4k3AKo0R+qg/CXcFSLRg0KpAxjImZUml1FQLlM="},"lastRemoteEphemeralKey":"BcWTcK2zkGm+MTZTg5LgvnK6gkDJtmlhi0DcqCRHAwgE","previousCounter":0,"rootKey":"I9yR4l71I7qG1j7tqOEUy4PEoGFmzt9TSxcvRLqE+vk="},"indexInfo":{"baseKey":"BW1duNt4BYEbAOnV3ZK2oTCuyFh7XF5p4dKEC0/WqdNN","baseKeyType":1,"closed":-1,"used":1706967472533,"created":1706967472533,"remoteIdentityKey":"BbXTRQe9nt1YLs7lcpojyUgNrce28aWVgoK4GOxPnA5S"},"_chains":{"BVOyfBjeCWX06STWTvP5owwGctqxfuyxX/y8uSdDmDRJ":{"chainKey":{"counter":6,"key":"OBPPjfptYypSG0jEqC6OTQHCrtp0oEThqIp33YsYxZM="},"chainType":1,"messageKeys":{}}},"pendingPreKey":{"signedKeyId":7,"baseKey":"BW1duNt4BYEbAOnV3ZK2oTCuyFh7XF5p4dKEC0/WqdNN","preKeyId":9752094}}},"version":"v1"}