{"_sessions":{"BYBnHLoLWP13F1m+QiTN2+cZjfFkcuCHnhfDsVZt3mIa":{"registrationId":1115117792,"currentRatchet":{"ephemeralKeyPair":{"pubKey":"BchCjyDXQ95xU8X8J58csEpqHqwGZ+9XIpljGP5StiwQ","privKey":"KPgw7aCKyj36Gu0ZrTXiqflcKmSLppr60XjJdekJGno="},"lastRemoteEphemeralKey":"BW5svorc6RJGLnjcH+DueTaXPJYLS7angHMfXiO/UTEU","previousCounter":0,"rootKey":"ONK309VL+ngCYXn9/HcJ6Mg45rXdgAZqXf6nmYQbbvc="},"indexInfo":{"baseKey":"BYBnHLoLWP13F1m+QiTN2+cZjfFkcuCHnhfDsVZt3mIa","baseKeyType":1,"closed":-1,"used":1706967113050,"created":1706967113050,"remoteIdentityKey":"BZqsUd5fIyPlJJBbS8urT9JxGSCnS8WHmFJbM8aTdz1H"},"_chains":{"BchCjyDXQ95xU8X8J58csEpqHqwGZ+9XIpljGP5StiwQ":{"chainKey":{"counter":35,"key":"s1zCSv64riJNzHOOHy08PPYDTnQy6sVoctMwSjnD+Ls="},"chainType":1,"messageKeys":{}}},"pendingPreKey":{"signedKeyId":2,"baseKey":"BYBnHLoLWP13F1m+QiTN2+cZjfFkcuCHnhfDsVZt3mIa","preKeyId":7760646}}},"version":"v1"}