{"_sessions":{"BS7IslhXWHK2MR8ldjNzNk663gT9Z5ecOh+H1uhpVFJm":{"registrationId":834306198,"currentRatchet":{"ephemeralKeyPair":{"pubKey":"BVD6eGRWpO6JxBVIRZOj0keC1q1yWdFj2YkzMUhRd183","privKey":"QBrdLYiDjqmYgNPxaaPNiE4GCMRLUDktCzDpru6K230="},"lastRemoteEphemeralKey":"BXbVZcQSK/8miBVt0iQIc9UDg1uQy6YCsAeIDK2Em2Zp","previousCounter":0,"rootKey":"IGIipO6bFkHm3g70czmXfkBadhD0V/VuRjnaht7P5oI="},"indexInfo":{"baseKey":"BS7IslhXWHK2MR8ldjNzNk663gT9Z5ecOh+H1uhpVFJm","baseKeyType":1,"closed":-1,"used":1706967473464,"created":1706967473464,"remoteIdentityKey":"BamV99RC2EVzg+wR5HHrUcYKv+zpVsGBARwwJ6hqqR9d"},"_chains":{"BVD6eGRWpO6JxBVIRZOj0keC1q1yWdFj2YkzMUhRd183":{"chainKey":{"counter":6,"key":"Dm2TNz2ZhN1R5J+l0HuGC5p3cESY2ZThjnGTxKwyt/k="},"chainType":1,"messageKeys":{}}},"pendingPreKey":{"signedKeyId":4,"baseKey":"BS7IslhXWHK2MR8ldjNzNk663gT9Z5ecOh+H1uhpVFJm","preKeyId":3279792}}},"version":"v1"}