{"_sessions":{"BRq1tvnTSLjbVgvQG6p21T/Nmp8CIhgBV7vzRgUeV885":{"registrationId":810508360,"currentRatchet":{"ephemeralKeyPair":{"pubKey":"BWyXdw7yo/0LWUePJN/y4ZoaONr6SCXD+vqwb5N0UG9r","privKey":"SKrLdPteYle6eZCn7YJZXck/zPE4Yw9ZInSp0qb/IXc="},"lastRemoteEphemeralKey":"BekFBDDq6UuK2CUNSDe+y553dMPZjQbaK++vEEuUGcES","previousCounter":0,"rootKey":"/bChMv1avOKa7gOMIXOkXRORSqAknhwumOz/oBHuZKc="},"indexInfo":{"baseKey":"BRq1tvnTSLjbVgvQG6p21T/Nmp8CIhgBV7vzRgUeV885","baseKeyType":1,"closed":-1,"used":1706967474077,"created":1706967474077,"remoteIdentityKey":"BUNIq7xwOLJmyPDUy08sMAZqMc07Y75fEPb+GG2r+Kkx"},"_chains":{"BWyXdw7yo/0LWUePJN/y4ZoaONr6SCXD+vqwb5N0UG9r":{"chainKey":{"counter":6,"key":"8UFM6jAxLfVNu67teBU9wnsbeMPpn/uS/5c4NcKl1XY="},"chainType":1,"messageKeys":{}}},"pendingPreKey":{"signedKeyId":0,"baseKey":"BRq1tvnTSLjbVgvQG6p21T/Nmp8CIhgBV7vzRgUeV885"}}},"version":"v1"}