{"_sessions":{"BfgMBXl0JaKfUbqWtz51VOazhNZ8oowPjpyxzCkLE9sO":{"registrationId":720378455,"currentRatchet":{"ephemeralKeyPair":{"pubKey":"BdcqegFpnG+V2kdI23Xwlwf5tUX1iy6vjjKr7ed3wiNh","privKey":"MBtEEK1b/VYPrMywt4QNNh4OBoGHWdAXprg6zolIvUQ="},"lastRemoteEphemeralKey":"BRgt72zFwQo/PviifCwIVZSa3icMqs+9psmuV45M/CUJ","previousCounter":0,"rootKey":"0m0BeF8JWODIWUSxPUG2soKxpk3gO5y+QwopdtTZs1k="},"indexInfo":{"baseKey":"BfgMBXl0JaKfUbqWtz51VOazhNZ8oowPjpyxzCkLE9sO","baseKeyType":1,"closed":-1,"used":1706967472611,"created":1706967472611,"remoteIdentityKey":"Bce7trbhZaxWdVf4oW3gVRXqKdF+a16jcvsPJG0oLO5v"},"_chains":{"BdcqegFpnG+V2kdI23Xwlwf5tUX1iy6vjjKr7ed3wiNh":{"chainKey":{"counter":6,"key":"xLSkDdkWiSPI7SfoQvAe3IJWBO7+XpynsDaK2rO0tiQ="},"chainType":1,"messageKeys":{}}},"pendingPreKey":{"signedKeyId":6,"baseKey":"BfgMBXl0JaKfUbqWtz51VOazhNZ8oowPjpyxzCkLE9sO","preKeyId":9098182}}},"version":"v1"}