{"_sessions":{"BdDrX6xAWI+Shbx9+zU5n4T16+68nATQ+XfifmAIUxx5":{"registrationId":2071758939,"currentRatchet":{"ephemeralKeyPair":{"pubKey":"BbcSt/p6kyHR3jgxvSJQIWtttJBgVIZv3NnO8EIXYCMz","privKey":"UDtUDaLZ3k5HcARaNHv3c5S9MV8MtCk4V184YaZMl3s="},"lastRemoteEphemeralKey":"BSDHvgNPNo3iBCkpWnXPUT80bW5MjjRR9S8abD0q1zES","previousCounter":0,"rootKey":"Rh98J6znuf4vw6aGHl1pSxgzN7mK70VlzNc0HoOoVlM="},"indexInfo":{"baseKey":"BdDrX6xAWI+Shbx9+zU5n4T16+68nATQ+XfifmAIUxx5","baseKeyType":1,"closed":-1,"used":1706967472345,"created":1706967472345,"remoteIdentityKey":"BV2lqNYNVlinBYd3JBXgp7s7Jr2H9tggzUh/8lZYZ0Zh"},"_chains":{"BbcSt/p6kyHR3jgxvSJQIWtttJBgVIZv3NnO8EIXYCMz":{"chainKey":{"counter":6,"key":"qOCnTaxTQCEgkVHPPSBM+nSWVa6igxcbjATwK5gu/T4="},"chainType":1,"messageKeys":{}}},"pendingPreKey":{"signedKeyId":0,"baseKey":"BdDrX6xAWI+Shbx9+zU5n4T16+68nATQ+XfifmAIUxx5","preKeyId":10980810}}},"version":"v1"}