{"_sessions":{"Ba6N+DEdiHv7hdtC/Ybd9/dBAnT5RJmQvSIlUZtRBUIW":{"registrationId":456095839,"currentRatchet":{"ephemeralKeyPair":{"pubKey":"BXidovz2pMBrCLnWRo2fRijFOkcma6rVtaT2D/my6gZK","privKey":"IM8W+MHumg5rXt7FUQZGQk142knxI2CabmvUTepMamk="},"lastRemoteEphemeralKey":"BV4GxDD3O9WXQUXpHEkFV/BlVfI4BHQ41Wc2IazjwY4u","previousCounter":0,"rootKey":"CwhngPiO62M4fk75HCFvKATC1xiKN0Z/3i8Bcgg95bA="},"indexInfo":{"baseKey":"Ba6N+DEdiHv7hdtC/Ybd9/dBAnT5RJmQvSIlUZtRBUIW","baseKeyType":1,"closed":-1,"used":1706967472255,"created":1706967472255,"remoteIdentityKey":"BSWLzifJHw1hueWYX9Nwi9MGGTTjSmmR6R1WBZyXS7pS"},"_chains":{"BXidovz2pMBrCLnWRo2fRijFOkcma6rVtaT2D/my6gZK":{"chainKey":{"counter":6,"key":"K4vkhs9gb6iy7YZmi4DdL3jK/Q1aK78aK31tB7sdfsY="},"chainType":1,"messageKeys":{}}},"pendingPreKey":{"signedKeyId":4,"baseKey":"Ba6N+DEdiHv7hdtC/Ybd9/dBAnT5RJmQvSIlUZtRBUIW","preKeyId":12234197}}},"version":"v1"}