{"_sessions":{"BeMxKU9N7Z3T7MFQzSSJdWFUg/bWqZecKQXLdctD+fVV":{"registrationId":1085103434,"currentRatchet":{"ephemeralKeyPair":{"pubKey":"Bfuqxihh9ihE39sgSrSAzp4UY9RsefZEaIEg1DYpr/Nl","privKey":"WANR+nnafyIJOOFbmCJMOxvFUv6Nd4hk7ve4MplmPV8="},"lastRemoteEphemeralKey":"BQ6ADt0Dj6Kl4ENdJ11RCMoZ0X0OZ2zokjIAoLNfyygD","previousCounter":0,"rootKey":"WnKmTB86FfBeCV/HLyUCieXLTlEhoA6+XOm0I7SCTCc="},"indexInfo":{"baseKey":"BeMxKU9N7Z3T7MFQzSSJdWFUg/bWqZecKQXLdctD+fVV","baseKeyType":1,"closed":-1,"used":1706967473834,"created":1706967473834,"remoteIdentityKey":"Bdvmcu2tZpcSfwE+qW3/3g3NHqfsSDUb39E7tK1AGLpt"},"_chains":{"Bfuqxihh9ihE39sgSrSAzp4UY9RsefZEaIEg1DYpr/Nl":{"chainKey":{"counter":6,"key":"zUpyiI/8XjX0kMqsUpKlKoHUmT0CL3No1Nv80aKrNNk="},"chainType":1,"messageKeys":{}}},"pendingPreKey":{"signedKeyId":12,"baseKey":"BeMxKU9N7Z3T7MFQzSSJdWFUg/bWqZecKQXLdctD+fVV","preKeyId":4817496}}},"version":"v1"}