{"_sessions":{"BZicCzU7XAi2efOgTlUp6JkCs2/9xZKVI6zpM/DxHs0m":{"registrationId":1076767733,"currentRatchet":{"ephemeralKeyPair":{"pubKey":"BTZ/uJ2z/8iIx+yyccuK1PofHqdESGreVVDsHT92hCBe","privKey":"YL4Pnn+FZdvZZh/G3W+k/S5CBdX0jTuTmKXc0+vP1Xg="},"lastRemoteEphemeralKey":"BTPll7Hmx5Um5HVPlQIIwNiqzFJky/imBwEJ8VRl0AIK","previousCounter":0,"rootKey":"NmHvYx8YfCwdUJ/jmW3GwdyrNIAoG8zxxZSuUqZy9Dk="},"indexInfo":{"baseKey":"BZicCzU7XAi2efOgTlUp6JkCs2/9xZKVI6zpM/DxHs0m","baseKeyType":1,"closed":-1,"used":1706967472247,"created":1706967472247,"remoteIdentityKey":"Bf9Lo300HR2zpQh8WbNboX8A46lVWIofD7yVjAto6v5m"},"_chains":{"BTZ/uJ2z/8iIx+yyccuK1PofHqdESGreVVDsHT92hCBe":{"chainKey":{"counter":6,"key":"zcRVzwJs9ZR1Vz8shX4ffIwwiQlhwqtDpCvMkpFIuNM="},"chainType":1,"messageKeys":{}}},"pendingPreKey":{"signedKeyId":2,"baseKey":"BZicCzU7XAi2efOgTlUp6JkCs2/9xZKVI6zpM/DxHs0m","preKeyId":11656509}}},"version":"v1"}