{"_sessions":{"BXidwBhCmn/J+6MaSqhmQpvaIAYyoVKBXnk0A4a4dPBu":{"registrationId":2114744403,"currentRatchet":{"ephemeralKeyPair":{"pubKey":"BfFW17mcNzJ+wikhviKePXwbePLmI6kh6r8mcL9ZxlgT","privKey":"iArATarF8Nm8/Q082TwmTdTwyS2EQ93lSKMYGrfLMXg="},"lastRemoteEphemeralKey":"BQ+6DaiL0P0bQ8+ksgUcZIDhX1p3XreiHnvrW5cQjdhb","previousCounter":0,"rootKey":"IVOIyoaZqq+XI7Uyj4/XPrJ4r/wQ5ZaFaD5pPhnXh1Q="},"indexInfo":{"baseKey":"BXidwBhCmn/J+6MaSqhmQpvaIAYyoVKBXnk0A4a4dPBu","baseKeyType":1,"closed":-1,"used":1706967472606,"created":1706967472606,"remoteIdentityKey":"BZBOvLlED2H1/yqJluX7h2/ZHPw2ZCppK+SQnfoSyhoa"},"_chains":{"BfFW17mcNzJ+wikhviKePXwbePLmI6kh6r8mcL9ZxlgT":{"chainKey":{"counter":6,"key":"DPPzockv3VdUSXNuec/p4Dfoa0Xpq0Nr0V0ysRNr6W4="},"chainType":1,"messageKeys":{}}},"pendingPreKey":{"signedKeyId":10,"baseKey":"BXidwBhCmn/J+6MaSqhmQpvaIAYyoVKBXnk0A4a4dPBu","preKeyId":8969909}}},"version":"v1"}