{"_sessions":{"BbGPitgm8jXhMtaNenxukKPIhjJFL6KwVHc9bP5REkYP":{"registrationId":1823601090,"currentRatchet":{"ephemeralKeyPair":{"pubKey":"Bf356CRoP+Sbjm1VH2dlaLK5qHrlnWCdZjEBDajAkelF","privKey":"uPiTZ8f01OSnkLtwXKbDiGkqeoP4bgzG8aYs/Kdbw10="},"lastRemoteEphemeralKey":"BXWqV88Qiur4t6JCyd1LN4pNMSKhJmwUsfgoNHW8iLBb","previousCounter":0,"rootKey":"FEUYSAt5VjxiZam4nhJNjWZDRMWy0hkkoPORZ9vZf2E="},"indexInfo":{"baseKey":"BbGPitgm8jXhMtaNenxukKPIhjJFL6KwVHc9bP5REkYP","baseKeyType":1,"closed":-1,"used":1706967473662,"created":1706967473662,"remoteIdentityKey":"Be8k2bT184nvt1ugkvf4di8h1nG766BoN7sfmSb0A8Yq"},"_chains":{"Bf356CRoP+Sbjm1VH2dlaLK5qHrlnWCdZjEBDajAkelF":{"chainKey":{"counter":6,"key":"jzZ6fvPMrDyguQxKv6zO2pyWwjwoxGyUXKwIC+07C6I="},"chainType":1,"messageKeys":{}}},"pendingPreKey":{"signedKeyId":1,"baseKey":"BbGPitgm8jXhMtaNenxukKPIhjJFL6KwVHc9bP5REkYP","preKeyId":5645094}}},"version":"v1"}