{"_sessions":{"BV+TyW6KNvjxMYAdhJVpBqUu0sl6CB7xuK+Fg41cqAxJ":{"registrationId":863512506,"currentRatchet":{"ephemeralKeyPair":{"pubKey":"BW1Q7jn6vZ5lK5LtZ786CMaDcECBu7BZlMmbaGe9VPgL","privKey":"+NIyVn+ABFBXWXeEFIDz6jRrxrmFMqdzMAfkRTHtC3E="},"lastRemoteEphemeralKey":"Bbc2HpM/i8DRzv+Vi2lCv4myNmsLF27pCSst7WLw0JUs","previousCounter":0,"rootKey":"9W+6c9Ds6XVn5NX8drqrqm4oxZxDrazaHXXAoPrlof4="},"indexInfo":{"baseKey":"BV+TyW6KNvjxMYAdhJVpBqUu0sl6CB7xuK+Fg41cqAxJ","baseKeyType":1,"closed":-1,"used":1706967473259,"created":1706967473259,"remoteIdentityKey":"BQdGFbmxNSGdnXXMvAPQ1Z9XwQKK/w9wriX2tP+lXl8C"},"_chains":{"BW1Q7jn6vZ5lK5LtZ786CMaDcECBu7BZlMmbaGe9VPgL":{"chainKey":{"counter":6,"key":"o3lUacGjfkbum+qZ6s42SzspfaB40Bqz8OaEYC7PT7A="},"chainType":1,"messageKeys":{}}},"pendingPreKey":{"signedKeyId":9,"baseKey":"BV+TyW6KNvjxMYAdhJVpBqUu0sl6CB7xuK+Fg41cqAxJ","preKeyId":7863319}}},"version":"v1"}