{"_sessions":{"BYsduQMZ1q7gCT/ECYZ/27bD18krNZgy5pGnJasOfdpL":{"registrationId":926659988,"currentRatchet":{"ephemeralKeyPair":{"pubKey":"BW2OiMDp1mTs0GlRq0ZZO5bMiK8fIRdrO4bquFuUKyFh","privKey":"cAMT2mu0dt/tRIVwT58F08mmWTM6DTlwt7Cz1lzezFY="},"lastRemoteEphemeralKey":"BVcEXWUE1VO7Ustm8blrpVxxAYj2MboZWsnCIE0B0Ecn","previousCounter":0,"rootKey":"Ql+O6Qpi7yCR+wRd5tvW7agNCtx69KhuIqytnWtkXEI="},"indexInfo":{"baseKey":"BYsduQMZ1q7gCT/ECYZ/27bD18krNZgy5pGnJasOfdpL","baseKeyType":1,"closed":-1,"used":1706967473680,"created":1706967473680,"remoteIdentityKey":"BQzewri5vP+lx19yJLEW3R2kj60IJ62rJgU5iN4qtpEM"},"_chains":{"BW2OiMDp1mTs0GlRq0ZZO5bMiK8fIRdrO4bquFuUKyFh":{"chainKey":{"counter":6,"key":"b80uTebNcj06eFQqdglXb37zuAhqZ3RfBfm6aWvksZU="},"chainType":1,"messageKeys":{}}},"pendingPreKey":{"signedKeyId":9,"baseKey":"BYsduQMZ1q7gCT/ECYZ/27bD18krNZgy5pGnJasOfdpL","preKeyId":8555023}}},"version":"v1"}