{"_sessions":{"BZDRDx7YRuGGxZfNUqIsB4B0qOTUHqDOFYXOULmD1alQ":{"registrationId":940213745,"currentRatchet":{"ephemeralKeyPair":{"pubKey":"Bbda3lZm+urOFPqfCBx+cyPH1DGHjNjeDYEgaHuqeSda","privKey":"iOI7rzuyaL0Hidmu8Hd8NQP2JMrerQashsQ1lP+auE0="},"lastRemoteEphemeralKey":"BSoOiUScU7sThiSqTo3vNaHC9SlsFF+tcqqtEQEMdlYE","previousCounter":0,"rootKey":"qPMyIw6EA3uNtS7sX1jfqVlxhTB5OchimwQa2N7wNDA="},"indexInfo":{"baseKey":"BZDRDx7YRuGGxZfNUqIsB4B0qOTUHqDOFYXOULmD1alQ","baseKeyType":1,"closed":-1,"used":1706967471933,"created":1706967471933,"remoteIdentityKey":"BcSoinzK5h39kT9aCVYZ6t7TBBWbDjwiugP4nayuDcoj"},"_chains":{"Bbda3lZm+urOFPqfCBx+cyPH1DGHjNjeDYEgaHuqeSda":{"chainKey":{"counter":6,"key":"3ONDSlnR61DlvprRasv+S6OJF31bc6pNnHEX1SgMYhU="},"chainType":1,"messageKeys":{}}},"pendingPreKey":{"signedKeyId":16,"baseKey":"BZDRDx7YRuGGxZfNUqIsB4B0qOTUHqDOFYXOULmD1alQ","preKeyId":12910691}}},"version":"v1"}