{"_sessions":{"Bb9/Equ8SqJ0B41jOGuDTpz4+8d+sfNgyy/QL+KUuGk3":{"registrationId":1214851306,"currentRatchet":{"ephemeralKeyPair":{"pubKey":"BYq3xmrFQBbMhcaYVtwwMjSvhM+jYCG271j/t9znyIpO","privKey":"SOb+kXxdQsdeT3obg6/bFFNi6VjGiLKsadHdXrMO62U="},"lastRemoteEphemeralKey":"BW5yCEgSARb7FGSkeFE2KLYjR2U/+CWZNgemCOEFBmFq","previousCounter":0,"rootKey":"fmWfxp6Ump9UAq/UjAUtBrilWcB0trheNoF5fi9cJxs="},"indexInfo":{"baseKey":"Bb9/Equ8SqJ0B41jOGuDTpz4+8d+sfNgyy/QL+KUuGk3","baseKeyType":1,"closed":-1,"used":1706967472814,"created":1706967472814,"remoteIdentityKey":"BZByUct2gOv4dyyQMadLnMq6TpOwyO/UBCh9tLvhwO9+"},"_chains":{"BYq3xmrFQBbMhcaYVtwwMjSvhM+jYCG271j/t9znyIpO":{"chainKey":{"counter":6,"key":"rDsGCER+ZFIb1E+9VsTIcyjzkYil4+zyTyXMs79L3Us="},"chainType":1,"messageKeys":{}}},"pendingPreKey":{"signedKeyId":1,"baseKey":"Bb9/Equ8SqJ0B41jOGuDTpz4+8d+sfNgyy/QL+KUuGk3","preKeyId":15782756}}},"version":"v1"}