{"_sessions":{"BT+ES/Vob9Ka6SrGlJseWTsqsA9NtfiDLFlT/kR2sSkn":{"registrationId":713861109,"currentRatchet":{"ephemeralKeyPair":{"pubKey":"BSYVFIj6H7m2qZOHzMDFwxD2/ToLv2y4NoUBLRWbSclG","privKey":"OBr0gaBX7VHzONFvOlo9RNa0JBjZ9kWQylDBqZQh5kc="},"lastRemoteEphemeralKey":"BQNIb54xjqDITABI4js8xsnkA9Fe4wCPqUGR+cfeuexT","previousCounter":0,"rootKey":"fxpJOmPpRXKRkH9ldBynDCD0TmWfJOssIrOIA+FLgLw="},"indexInfo":{"baseKey":"BT+ES/Vob9Ka6SrGlJseWTsqsA9NtfiDLFlT/kR2sSkn","baseKeyType":1,"closed":-1,"used":1706967472785,"created":1706967472785,"remoteIdentityKey":"BRHUgBk3MSL+RLObr4WVqkL1hW/mfXuD47lgjpWtL8QN"},"_chains":{"BSYVFIj6H7m2qZOHzMDFwxD2/ToLv2y4NoUBLRWbSclG":{"chainKey":{"counter":6,"key":"wdDAjzKLxE2f4BM5K0pXLJb50A0/IwSPjpTPLju7/M8="},"chainType":1,"messageKeys":{}}},"pendingPreKey":{"signedKeyId":6,"baseKey":"BT+ES/Vob9Ka6SrGlJseWTsqsA9NtfiDLFlT/kR2sSkn","preKeyId":1976482}}},"version":"v1"}