{"_sessions":{"BYdamlFLnPF7ycNXDfX88rSiOMUmEvhZ5a7yjtzIQUot":{"registrationId":3123,"currentRatchet":{"ephemeralKeyPair":{"pubKey":"BQQ5PYWiekS2u03TSRavvkPbmmTafIIou3Xq5Xz57q1G","privKey":"6MjhXw/58L0EK1SUZUAj3dxnD7yA+MVXUp/gAhohC1w="},"lastRemoteEphemeralKey":"BRsQz3Yka4dO1kS8yUTTUxO5cJbg98LJplyfBkO9kSQI","previousCounter":0,"rootKey":"U8/GMhMlN/AfITrhv+Yb1Ivb5UIUbQo1fNl7XQiWBns="},"indexInfo":{"baseKey":"BYdamlFLnPF7ycNXDfX88rSiOMUmEvhZ5a7yjtzIQUot","baseKeyType":1,"closed":-1,"used":1706967471812,"created":1706967471812,"remoteIdentityKey":"BTs5vhdK5vftLrmzdF+BjZ1f5OiDOsoVlcyqrAa6ujRO"},"_chains":{"BQQ5PYWiekS2u03TSRavvkPbmmTafIIou3Xq5Xz57q1G":{"chainKey":{"counter":6,"key":"cxkixxg/kO/DXHsea6USeGhR7fYkMsmB15ppgAWOv4M="},"chainType":1,"messageKeys":{}}},"pendingPreKey":{"signedKeyId":1,"baseKey":"BYdamlFLnPF7ycNXDfX88rSiOMUmEvhZ5a7yjtzIQUot"}}},"version":"v1"}