{"_sessions":{"BczjRR6qjjMbKiMMdu5USGBoGPNwlDzYoBGA72uYLTRt":{"registrationId":869240903,"currentRatchet":{"ephemeralKeyPair":{"pubKey":"BRodsk+dcZfXb3248rip0hGYOc+Bz/Jtp5SZ8SeN1HcT","privKey":"oHAVLRh94Yl9q/0K22te/n5RZShCeT8bA38Zfy/IlVk="},"lastRemoteEphemeralKey":"BZ381zFuhvsg4bqjjuvdhuzIMySMS7MenD9a1/xM33cS","previousCounter":0,"rootKey":"6CqhrrDZi6jbSNgxJAZnJrnnmNLqu/MnMYrnO4+e25Q="},"indexInfo":{"baseKey":"BczjRR6qjjMbKiMMdu5USGBoGPNwlDzYoBGA72uYLTRt","baseKeyType":1,"closed":-1,"used":1706967472820,"created":1706967472820,"remoteIdentityKey":"Ba5C4SBXvldhzU5P55zOfIHBZ774z4qZg7huBmHx+ZZB"},"_chains":{"BRodsk+dcZfXb3248rip0hGYOc+Bz/Jtp5SZ8SeN1HcT":{"chainKey":{"counter":6,"key":"RjgFaPWtmTHjFincaWJmpCliMpjydg8RYRP/UzEMZ7o="},"chainType":1,"messageKeys":{}}},"pendingPreKey":{"signedKeyId":1,"baseKey":"BczjRR6qjjMbKiMMdu5USGBoGPNwlDzYoBGA72uYLTRt","preKeyId":9537991}}},"version":"v1"}