{"_sessions":{"BW5nMO/dnjFfyFstHFbmyRu/Inomyi0S0tF6cTaWbTUV":{"registrationId":158978006,"currentRatchet":{"ephemeralKeyPair":{"pubKey":"BYV8Gu5b6IQpJD/KYdhMFEY+laYcvfwZrKqHUGxy1wd3","privKey":"wGU3xgU43fQkErUNedNJMthJr0rGywlFHX0ZF1BtU0g="},"lastRemoteEphemeralKey":"Bfb7Cjz/I8qA0N6tME8+CBRClRdPRlMS4auULO7qkVNu","previousCounter":0,"rootKey":"4tbUmVSlytTGs9qk1Nb5kPh3R15wxB/IVSDgxAem7Pc="},"indexInfo":{"baseKey":"BW5nMO/dnjFfyFstHFbmyRu/Inomyi0S0tF6cTaWbTUV","baseKeyType":1,"closed":-1,"used":1706967472903,"created":1706967472903,"remoteIdentityKey":"BUNUofJijOfnZmEUslfZxUJ/qWE6VsIi0bq8RCRMJ307"},"_chains":{"BYV8Gu5b6IQpJD/KYdhMFEY+laYcvfwZrKqHUGxy1wd3":{"chainKey":{"counter":6,"key":"4pu6IIQO5EyvbYPYrPKHYDNrTTbsU/pCSi8NDZW1NpY="},"chainType":1,"messageKeys":{}}},"pendingPreKey":{"signedKeyId":1,"baseKey":"BW5nMO/dnjFfyFstHFbmyRu/Inomyi0S0tF6cTaWbTUV","preKeyId":10164201}}},"version":"v1"}