{"_sessions":{"BcpLNz7w4VeWV6V44Q1Z9AEieAXfynOSugxoWkflAL4p":{"registrationId":1513415218,"currentRatchet":{"ephemeralKeyPair":{"pubKey":"BeCu9waf8fi1mWEKc1ZHGubi3cDS5ttioGNrMv74ma5P","privKey":"eBpQhOSnMRU9em6s7XXY2wjXboD1orDCY3tUjELKnEQ="},"lastRemoteEphemeralKey":"Bb+mSCdmvicnNqOl0ImwcdspsawKfJ3lT3JCuZVhOfAU","previousCounter":0,"rootKey":"TE5gzE2fwrizPfJm3Q2hFzpgIVSlIPm4626S9IT2XQI="},"indexInfo":{"baseKey":"BcpLNz7w4VeWV6V44Q1Z9AEieAXfynOSugxoWkflAL4p","baseKeyType":1,"closed":-1,"used":1706967471731,"created":1706967471731,"remoteIdentityKey":"BZTFnwobm0Qgo3sVB4XsaeX1VY6jRrWeIhP8KKCGFFwr"},"_chains":{"BeCu9waf8fi1mWEKc1ZHGubi3cDS5ttioGNrMv74ma5P":{"chainKey":{"counter":6,"key":"mM6ofhaJE+GAlNaHnCXJv7X1vPPyfsb9cEao0BETeJU="},"chainType":1,"messageKeys":{}}},"pendingPreKey":{"signedKeyId":0,"baseKey":"BcpLNz7w4VeWV6V44Q1Z9AEieAXfynOSugxoWkflAL4p","preKeyId":16292438}}},"version":"v1"}