{"_sessions":{"BZS0+V7FvtV2NoWxydL5IzEOZIo6vOPM78sMjMtw6uVn":{"registrationId":1375106579,"currentRatchet":{"ephemeralKeyPair":{"pubKey":"BSQz+bSspHSfmB9Wj0an3Id8wb60IzYZAe/XVRcx5LUw","privKey":"UM1T+gszb7WtEk7ei7TQFzV4uvkDPM7AH6YkOKSApnk="},"lastRemoteEphemeralKey":"BQDXekSaMdm0JR1u754eb1mJ7bA7t1HcuD5eGY6LZaoi","previousCounter":0,"rootKey":"NiqETg07i3rbzVQ3fQqa2/0RfDrmhcjkDJpZgQHQ7Xc="},"indexInfo":{"baseKey":"BZS0+V7FvtV2NoWxydL5IzEOZIo6vOPM78sMjMtw6uVn","baseKeyType":1,"closed":-1,"used":1706967473439,"created":1706967473439,"remoteIdentityKey":"BQAIRauQRRlmXbsTNAgcrsKAhz121Lm3tHmEfXstvCE7"},"_chains":{"BSQz+bSspHSfmB9Wj0an3Id8wb60IzYZAe/XVRcx5LUw":{"chainKey":{"counter":6,"key":"I8F5MUFbGOF+dQQLv2YZSIqtz6zcI8KChL9I4FkZ0lU="},"chainType":1,"messageKeys":{}}},"pendingPreKey":{"signedKeyId":18,"baseKey":"BZS0+V7FvtV2NoWxydL5IzEOZIo6vOPM78sMjMtw6uVn","preKeyId":4790276}}},"version":"v1"}