{"_sessions":{"BctM3D8jejzCj7qWMwjA/gwxl/yo9ARXzqC298UfQE0D":{"registrationId":7061,"currentRatchet":{"ephemeralKeyPair":{"pubKey":"BfpCRT0xUkvUGrNM7pBWZY7am1lDVTrxlt6xxEFEvCY6","privKey":"2Kov6+e9mlfdIB0a823PNyMHWvb52CnlurL1TPnhN1Q="},"lastRemoteEphemeralKey":"BXu1EDefxn8mV287SDC6NwO9bZqz5P/U7LfkbUNx+rxG","previousCounter":0,"rootKey":"2ZUDCITH0diAQ6Wnt83uBlrWrYpLQyMD6fbzvPdlbPo="},"indexInfo":{"baseKey":"BctM3D8jejzCj7qWMwjA/gwxl/yo9ARXzqC298UfQE0D","baseKeyType":1,"closed":-1,"used":1706967471667,"created":1706967471667,"remoteIdentityKey":"BdSN5BLnjZYatoG1PFE9VlkAlZOpenskqJJvjpW7FLYk"},"_chains":{"BfpCRT0xUkvUGrNM7pBWZY7am1lDVTrxlt6xxEFEvCY6":{"chainKey":{"counter":6,"key":"FlX8Mq4VN50PTzs/vQMTSiq3ixDYc/e/11idx+6UH5g="},"chainType":1,"messageKeys":{}}},"pendingPreKey":{"signedKeyId":1,"baseKey":"BctM3D8jejzCj7qWMwjA/gwxl/yo9ARXzqC298UfQE0D"}}},"version":"v1"}