{"_sessions":{"BU1mFvTjupy9dhFztAQ/m0eQVU2Xk8KW2YS4OpCIiCZA":{"registrationId":1439389374,"currentRatchet":{"ephemeralKeyPair":{"pubKey":"BSs7fNQROMuSm48FRJKjfNkmvgRiVg6KZvesLbwSrztr","privKey":"qKKQGnl/znOAlfD/zk/EIIUU637cFcc9MgqI1mVDVUw="},"lastRemoteEphemeralKey":"BUII/iYcNh89ZbGWpV1nAWl9nNJqJKZRJWo10YpI1518","previousCounter":0,"rootKey":"JcZ+J5LQYrjIqIzHp62c0XK8lZtFx2P1TaTma7XfdGU="},"indexInfo":{"baseKey":"BU1mFvTjupy9dhFztAQ/m0eQVU2Xk8KW2YS4OpCIiCZA","baseKeyType":1,"closed":-1,"used":1706967473581,"created":1706967473581,"remoteIdentityKey":"BbdDwtQpFsf62JflKpfO8ommCSCFY4sfztoQfuc1iipx"},"_chains":{"BSs7fNQROMuSm48FRJKjfNkmvgRiVg6KZvesLbwSrztr":{"chainKey":{"counter":6,"key":"mMR47Ex4tLOQ5lOfG4xed5AZYtz+RGvFI8HdL7YMXUo="},"chainType":1,"messageKeys":{}}},"pendingPreKey":{"signedKeyId":4,"baseKey":"BU1mFvTjupy9dhFztAQ/m0eQVU2Xk8KW2YS4OpCIiCZA"}}},"version":"v1"}