{"_sessions":{"BTa395Zxn0GGGWGzFR/Jk1Yac1Kycg2CPJHiLD2Jlo4d":{"registrationId":1058406632,"currentRatchet":{"ephemeralKeyPair":{"pubKey":"BcUcyfK1DpUJj8hm52PX1wkLHX4CilB7Pvxlo5CivBoy","privKey":"WIvhqJDwdzd6LDDMXpd0sXHyiuXT5cgoITl1remdcFM="},"lastRemoteEphemeralKey":"Bas36qruCk6h3vombuyFNiYQ4fvVO6AVKcYEFsYcULEt","previousCounter":0,"rootKey":"UJ0+j+fEE47dUVatz0xXl2GEReLGqLrettvwAPV/01U="},"indexInfo":{"baseKey":"BTa395Zxn0GGGWGzFR/Jk1Yac1Kycg2CPJHiLD2Jlo4d","baseKeyType":1,"closed":-1,"used":1706967473649,"created":1706967473649,"remoteIdentityKey":"BerZpupxDcBnCbSUaeLu3jalGM2/nl+H+My6d1eogf03"},"_chains":{"BcUcyfK1DpUJj8hm52PX1wkLHX4CilB7Pvxlo5CivBoy":{"chainKey":{"counter":6,"key":"wxdTB1CweT2FFtUHZ3O9/ixQTe+SuFUDQO45XxS8Xns="},"chainType":1,"messageKeys":{}}},"pendingPreKey":{"signedKeyId":3,"baseKey":"BTa395Zxn0GGGWGzFR/Jk1Yac1Kycg2CPJHiLD2Jlo4d","preKeyId":855424}}},"version":"v1"}