{"_sessions":{"BecvJJCQQ7znEm4Urq0l2FDbm8Etz3eNFt01vBsylI8u":{"registrationId":1256956957,"currentRatchet":{"ephemeralKeyPair":{"pubKey":"BZIAZH+fvLaAZBbVud/Rh6bLy32WPYq4Iw4d4g2HPkZR","privKey":"KOXRIkQ6Lcb/cIEIXzvCCDP1y2aVMWvryzepXdJCzHk="},"lastRemoteEphemeralKey":"BfrulhSiZrvucCf3Zx6OVeG37XnHlbs9TN1tj6wp2rch","previousCounter":0,"rootKey":"mJBRxOyfnq9LaZmI98YlHWTL8XBEXgBCL8K1JTtvjiM="},"indexInfo":{"baseKey":"BecvJJCQQ7znEm4Urq0l2FDbm8Etz3eNFt01vBsylI8u","baseKeyType":1,"closed":-1,"used":1706967473877,"created":1706967473877,"remoteIdentityKey":"BToXz8HSEhINP+9Pfk1CwN1oJwGyPI2bXse9UmbixDY0"},"_chains":{"BZIAZH+fvLaAZBbVud/Rh6bLy32WPYq4Iw4d4g2HPkZR":{"chainKey":{"counter":6,"key":"hFoGGJcOiGCyhbsJQdRCOOAJ1vLRWXDTtxsuY8O3LJE="},"chainType":1,"messageKeys":{}}},"pendingPreKey":{"signedKeyId":11,"baseKey":"BecvJJCQQ7znEm4Urq0l2FDbm8Etz3eNFt01vBsylI8u","preKeyId":16020649}}},"version":"v1"}