{"_sessions":{"BVwSZe1YC0JhQXI0sEpvAFQi17p5fOaP/3kFz4+fel99":{"registrationId":1503942851,"currentRatchet":{"ephemeralKeyPair":{"pubKey":"BdtTqVq2sBZLAHaj7wY6qf2Z2z38Riguz14FJhFIKEBh","privKey":"wDNKadKrjjkFUitTpwV55SKbdz0pi3/ZhwmA3mgioVs="},"lastRemoteEphemeralKey":"BeCfSUTWWVD7Z0odQxUX1FLovkEI5zlhpfyTcmVVvpk2","previousCounter":0,"rootKey":"xT7g9KwmF9RBTR/P+NuuYhaPYjRd9gHtekwPAXex3gQ="},"indexInfo":{"baseKey":"BVwSZe1YC0JhQXI0sEpvAFQi17p5fOaP/3kFz4+fel99","baseKeyType":1,"closed":-1,"used":1706967472976,"created":1706967472976,"remoteIdentityKey":"BWmiweCpoxiCeoTk8OPHp3Gx5gE8I7oysaPtY8Ngrwsq"},"_chains":{"BdtTqVq2sBZLAHaj7wY6qf2Z2z38Riguz14FJhFIKEBh":{"chainKey":{"counter":6,"key":"CLytjFux2opF2BUitkzXIbVUyeU2s1KjAl8TIhWFZFQ="},"chainType":1,"messageKeys":{}}},"pendingPreKey":{"signedKeyId":21,"baseKey":"BVwSZe1YC0JhQXI0sEpvAFQi17p5fOaP/3kFz4+fel99","preKeyId":8379094}}},"version":"v1"}