{"_sessions":{"BSv8nak6Kfai28nFSx0g+Y9jIjcJvQAwS0tSValqJqgI":{"registrationId":2061438231,"currentRatchet":{"ephemeralKeyPair":{"pubKey":"BSVaZMyQkQ1yrolG9RA04nILo3JjSc6ajULL9tDYiLJy","privKey":"ODq6HehB9g9df5CjT97vtbmpjReNwlGfj16Vc7G7/VU="},"lastRemoteEphemeralKey":"Bdm3RiUnQxNfNoTiEzcdtrdEg1O1yNUcg7WuT0N6Qoh3","previousCounter":0,"rootKey":"85OvFyD3iIoniJp2UB8uXG8k45lT1hUvanshFuD7qO8="},"indexInfo":{"baseKey":"BSv8nak6Kfai28nFSx0g+Y9jIjcJvQAwS0tSValqJqgI","baseKeyType":1,"closed":-1,"used":1706967471437,"created":1706967471437,"remoteIdentityKey":"BcAFjSVfDxFxgW6fkYMLuaq2oSVz4YYVrrKJjbs2adFt"},"_chains":{"BSVaZMyQkQ1yrolG9RA04nILo3JjSc6ajULL9tDYiLJy":{"chainKey":{"counter":6,"key":"2T447QeYArI7t3qlrpYL4uRIlEoPs07DV7XCKhLWFa0="},"chainType":1,"messageKeys":{}}},"pendingPreKey":{"signedKeyId":1,"baseKey":"BSv8nak6Kfai28nFSx0g+Y9jIjcJvQAwS0tSValqJqgI","preKeyId":1750281}}},"version":"v1"}