{"_sessions":{"BbUDrVRLUji11YCvKVcEuVCKwy1qIgu7YpOy1J0ya1Nm":{"registrationId":975250154,"currentRatchet":{"ephemeralKeyPair":{"pubKey":"BbZwu1lexB+jC42nu3mFhp+h7HL2LCLSD5VGbol7UqUU","privKey":"wPrk1+Bd5nvTaWUetmSkPO3+oCt8jszDxPTrdfpdU0Q="},"lastRemoteEphemeralKey":"BSzBtIn7Bxs54XrgpJ6Y5mQWKlvQkqMEeNon7F41lHMO","previousCounter":0,"rootKey":"Xd8yYK/SLDbly9kgxewZDMNk61lBI+7xGhL+IdTYyis="},"indexInfo":{"baseKey":"BbUDrVRLUji11YCvKVcEuVCKwy1qIgu7YpOy1J0ya1Nm","baseKeyType":1,"closed":-1,"used":1706967472140,"created":1706967472140,"remoteIdentityKey":"BeKs0S2LnuscNAmVsJlE57c6RBYi635Q/f+d8Dwt/jxp"},"_chains":{"BbZwu1lexB+jC42nu3mFhp+h7HL2LCLSD5VGbol7UqUU":{"chainKey":{"counter":6,"key":"S6xL8heT74jSFg8awFD+Zosauuii6cjK1aug0R4XxFM="},"chainType":1,"messageKeys":{}}},"pendingPreKey":{"signedKeyId":13,"baseKey":"BbUDrVRLUji11YCvKVcEuVCKwy1qIgu7YpOy1J0ya1Nm","preKeyId":12412035}}},"version":"v1"}