{"_sessions":{"BYjmv5kT4PdpujRjcWpEuqyHq5eXn0DMsmSbEOzMDx8E":{"registrationId":689181304,"currentRatchet":{"ephemeralKeyPair":{"pubKey":"BSG3LfASkDQhuO094MyekjV7WOBA47Oj8qHAvxbXGK46","privKey":"iAkHrVfUacfP2V1EFT/i3qox0wM7e7BMHHbgBNUuQEw="},"lastRemoteEphemeralKey":"BdJpPd+7wn3GpCW5zp25ekuxoIEEbqlFIasi0VCZPzJM","previousCounter":0,"rootKey":"yIO8SMxtEdNpbtjFfX9P7uFd8gixJEUSlS52XKtGysc="},"indexInfo":{"baseKey":"BYjmv5kT4PdpujRjcWpEuqyHq5eXn0DMsmSbEOzMDx8E","baseKeyType":1,"closed":-1,"used":1706967472541,"created":1706967472541,"remoteIdentityKey":"BZ5s2TWFtX+Idl4GJOnBFE+3WI0jf9lm0SIezbVQH+Zz"},"_chains":{"BSG3LfASkDQhuO094MyekjV7WOBA47Oj8qHAvxbXGK46":{"chainKey":{"counter":6,"key":"HUNwzWrVKqSbCcMotlIjNwx7BTQej9a/q+7XtX82cv4="},"chainType":1,"messageKeys":{}}},"pendingPreKey":{"signedKeyId":20,"baseKey":"BYjmv5kT4PdpujRjcWpEuqyHq5eXn0DMsmSbEOzMDx8E","preKeyId":3695993}}},"version":"v1"}