{"_sessions":{"BQqk2jmggrJfzSUWhulLfyL4T//td8dmH7KvZ5oq4UIx":{"registrationId":63304969,"currentRatchet":{"ephemeralKeyPair":{"pubKey":"BaVePLrr1Yk1oa4D1C8rSM2rHxAk1zyvXkSRVA5GActl","privKey":"qABk/T+HKUZ8PLno2kvWueAIt3d7lRQYI2Aemaco2ng="},"lastRemoteEphemeralKey":"Ba9Z+JM8Y4WJOBQSDPtBXKjR3ozOW2HcP2W1fjLma3c6","previousCounter":0,"rootKey":"mHLhf2CDRCrEgL2OXC02hTUoF8RSt5oRK5xJLr/9HHk="},"indexInfo":{"baseKey":"BQqk2jmggrJfzSUWhulLfyL4T//td8dmH7KvZ5oq4UIx","baseKeyType":1,"closed":-1,"used":1706967473065,"created":1706967473065,"remoteIdentityKey":"BezytvJevx7RqvmAovScWuPOQTAy1ccd7FBdKHzmVdN3"},"_chains":{"BaVePLrr1Yk1oa4D1C8rSM2rHxAk1zyvXkSRVA5GActl":{"chainKey":{"counter":6,"key":"nafRXuGmiUNDfyR5+Q8WJ/fAc6eSvKbf9/84woVjJvs="},"chainType":1,"messageKeys":{}}},"pendingPreKey":{"signedKeyId":22,"baseKey":"BQqk2jmggrJfzSUWhulLfyL4T//td8dmH7KvZ5oq4UIx","preKeyId":13978463}}},"version":"v1"}