{"_sessions":{"BYPyld/B21/xSS5QtIDaKPIArK46x5MDnUL3AQ36z9EH":{"registrationId":601906219,"currentRatchet":{"ephemeralKeyPair":{"pubKey":"Bdq2xaF/r5tYLfoJaIRzT/b51RzG6d7xt4IlWt4E2E8C","privKey":"iEiw5zGuAYjiGA5jYKZHhE1VjoCeQMba85cVjF85nXw="},"lastRemoteEphemeralKey":"BZvSzN3ELtNO1VhBzbPCbVpyjtjSXnr/+pF19Ugtpcs/","previousCounter":0,"rootKey":"BkVQNS4y2gcLKRrKIfIE4wDDsu8sZjg/fGM4522GSEE="},"indexInfo":{"baseKey":"BYPyld/B21/xSS5QtIDaKPIArK46x5MDnUL3AQ36z9EH","baseKeyType":1,"closed":-1,"used":1706967473586,"created":1706967473586,"remoteIdentityKey":"BXCW2rrw4koH5Qm4tBDnf/DsuGcZF6cs2z+GVP06dH8D"},"_chains":{"Bdq2xaF/r5tYLfoJaIRzT/b51RzG6d7xt4IlWt4E2E8C":{"chainKey":{"counter":6,"key":"jseWcZqXJRagikKTWDT/jcsckZQ3mKqw4Z63XFFFjkI="},"chainType":1,"messageKeys":{}}},"pendingPreKey":{"signedKeyId":9,"baseKey":"BYPyld/B21/xSS5QtIDaKPIArK46x5MDnUL3AQ36z9EH","preKeyId":5258782}}},"version":"v1"}