{"_sessions":{"BRgQ59YF5Dw3rk7XzWDdiVLzNo9RbGbf1HKtSblWaFhq":{"registrationId":1947047213,"currentRatchet":{"ephemeralKeyPair":{"pubKey":"BfYVgyhuS9aSWRp3kL16/LRKkqthsR5NRFN801x3D5w7","privKey":"iIohrB1q0uS5xaVXUcexlGEeD9BvpactCtkW7U1zPGQ="},"lastRemoteEphemeralKey":"Bau77UIIT3+C5qjKTJNd/eK3cm1WzyWUC8JEmO315q9j","previousCounter":0,"rootKey":"ISh+eN6gofHixB3+gDQZTF0GF+Qg9a3LUDO6+1zeMe4="},"indexInfo":{"baseKey":"BRgQ59YF5Dw3rk7XzWDdiVLzNo9RbGbf1HKtSblWaFhq","baseKeyType":1,"closed":-1,"used":1706967473287,"created":1706967473287,"remoteIdentityKey":"BcrXYWvPi1Qwoobd6sH5OvjFsPegtC4R08XpIxTK4JVO"},"_chains":{"BfYVgyhuS9aSWRp3kL16/LRKkqthsR5NRFN801x3D5w7":{"chainKey":{"counter":6,"key":"qJb1DjbBUTEuiJm1Vy9IjAfiL4Rbqhfm0dA7Dc5OaOU="},"chainType":1,"messageKeys":{}}},"pendingPreKey":{"signedKeyId":1,"baseKey":"BRgQ59YF5Dw3rk7XzWDdiVLzNo9RbGbf1HKtSblWaFhq","preKeyId":4806253}}},"version":"v1"}