{"_sessions":{"BaVfKjMhpC+uKoc/0MiNMgp2m5/aUrj0Up4r72MfU3sl":{"registrationId":1803989127,"currentRatchet":{"ephemeralKeyPair":{"pubKey":"BUC5OzXgpU220tkHu4sq9k4A4uYL0yPvqdMC1OMMHrJh","privKey":"KJWAJuLOsU2XKKez/L4wJgTFfhdIzV/jgwErw0C3ElI="},"lastRemoteEphemeralKey":"BZeVkt8zx8fi2URMiK+WUgGh1tz1b7yuFvjrK+VXmVpX","previousCounter":0,"rootKey":"JJRjjIRdaKRpkxlc/p9LQoJ50vjGvGx6PnWoOC1ikIo="},"indexInfo":{"baseKey":"BaVfKjMhpC+uKoc/0MiNMgp2m5/aUrj0Up4r72MfU3sl","baseKeyType":1,"closed":-1,"used":1706967473563,"created":1706967473563,"remoteIdentityKey":"BWw07jVmhmxu753LTwDRS5Ofp3xxTypfWfvnM4DhTw5K"},"_chains":{"BUC5OzXgpU220tkHu4sq9k4A4uYL0yPvqdMC1OMMHrJh":{"chainKey":{"counter":6,"key":"2EprnAXQLR2YGB6NBadxMPTRoQp39PEVAsunHUUcP0A="},"chainType":1,"messageKeys":{}}},"pendingPreKey":{"signedKeyId":10,"baseKey":"BaVfKjMhpC+uKoc/0MiNMgp2m5/aUrj0Up4r72MfU3sl","preKeyId":12127941}}},"version":"v1"}