{"_sessions":{"BbKSgPASjmNTfx1e/BlvKxquZ/cbAGbOiMxLvZCBaPU7":{"registrationId":1178867386,"currentRatchet":{"ephemeralKeyPair":{"pubKey":"BT6gQgvzUzkP3ZgRTTDzFk5Y/QDe9DvAEWAq7T6SmAk1","privKey":"WIWsKgfCDYNWpHXS+LRr9wEg0Glgcf4dwWi8cysHO2Y="},"lastRemoteEphemeralKey":"BcTugET/6hjrSBvjJUlsp68GdV4zFLqxGVwYhZcaThY0","previousCounter":0,"rootKey":"WxMv4D3xgl4vwBl2t9dfpsA1qOv1HnYGp1vkXJ31uFY="},"indexInfo":{"baseKey":"BbKSgPASjmNTfx1e/BlvKxquZ/cbAGbOiMxLvZCBaPU7","baseKeyType":1,"closed":-1,"used":1706967472415,"created":1706967472415,"remoteIdentityKey":"Bd7Utmx2alFAW0EkyJvkB8mle/mI4hsusP0+xTdMlpIt"},"_chains":{"BT6gQgvzUzkP3ZgRTTDzFk5Y/QDe9DvAEWAq7T6SmAk1":{"chainKey":{"counter":6,"key":"0gLo2b4kZsQTu53pWIHB9BOIUr7EJgLnf1vcMa4CYbY="},"chainType":1,"messageKeys":{}}},"pendingPreKey":{"signedKeyId":37,"baseKey":"BbKSgPASjmNTfx1e/BlvKxquZ/cbAGbOiMxLvZCBaPU7","preKeyId":16221323}}},"version":"v1"}