{"_sessions":{"BW267CNKAgkPEXacNkxxMRRzJmlTYNbTDN+MFlKtuYUC":{"registrationId":1081317685,"currentRatchet":{"ephemeralKeyPair":{"pubKey":"BTLzZjsfZp9DyYaWXJos3ft64REgg8NTz91Dz7UbDexR","privKey":"+HX4PQwpxyFZMhoERE1mjhnIXDbRw1+b6giXkwnzIFg="},"lastRemoteEphemeralKey":"BQwDmgeJTSj1i5zuQExiP24gm1X52KmAfhS2P0Xc4q8/","previousCounter":0,"rootKey":"7yyxsn6LDojYNR9ARDOsj8M8O1AJnPuUK9DPDl0rpCU="},"indexInfo":{"baseKey":"BW267CNKAgkPEXacNkxxMRRzJmlTYNbTDN+MFlKtuYUC","baseKeyType":1,"closed":-1,"used":1706967511582,"created":1706967503904,"remoteIdentityKey":"BYvkiOG6WvJ5EF4dOf8lpm7CN1KGdzNObv8F/tPIJh0z"},"_chains":{"BQwDmgeJTSj1i5zuQExiP24gm1X52KmAfhS2P0Xc4q8/":{"chainKey":{"counter":0,"key":"Bd2vCWv7wE0+QumqrdlZ71lI0Uo4D/Lud9ghfAh2OWs="},"chainType":2,"messageKeys":{}},"BTLzZjsfZp9DyYaWXJos3ft64REgg8NTz91Dz7UbDexR":{"chainKey":{"counter":4,"key":"T6w/S/C46lQuxh7xGDWVTjpUxkztJxVVNmpDfUdXgak="},"chainType":1,"messageKeys":{}}}}},"version":"v1"}