{"_sessions":{"BUu2aZZEvRSnj3EJdkYoj5fFF3a2rMRgM79/Bj/n9jd8":{"registrationId":1167409240,"currentRatchet":{"ephemeralKeyPair":{"pubKey":"BbYe5lD4wuhdSHksVbMyjP2DZPI/YMS8Sum7waw8ZiB7","privKey":"OCE83UluDYyQVQTLO8RxLmIs7fZR2aSqrtCq1ZsZHmo="},"lastRemoteEphemeralKey":"BQqBBd3b7cB5IR4PM0CJUPN2DFWuteZGNkKT2pqy1Pcn","previousCounter":0,"rootKey":"3Ku4SWUuBkYyF0zZd2Xi0/m/Dujg2mdFnqH7sEAcwI0="},"indexInfo":{"baseKey":"BUu2aZZEvRSnj3EJdkYoj5fFF3a2rMRgM79/Bj/n9jd8","baseKeyType":1,"closed":-1,"used":1706967474152,"created":1706967474152,"remoteIdentityKey":"BfjYvFlpeIZZKAQvyv5bAIvMvogu4vExmbCQVdaJGmsH"},"_chains":{"BbYe5lD4wuhdSHksVbMyjP2DZPI/YMS8Sum7waw8ZiB7":{"chainKey":{"counter":6,"key":"9PZau2cZMnL5c9rUIq0GQh2Ys64L3M6WXOlj6yrQEaM="},"chainType":1,"messageKeys":{}}},"pendingPreKey":{"signedKeyId":17,"baseKey":"BUu2aZZEvRSnj3EJdkYoj5fFF3a2rMRgM79/Bj/n9jd8","preKeyId":16277093}}},"version":"v1"}