{"_sessions":{"BWvGRnL/P1DgojecyrTy8w05rO9OWeCrCiHjkdJdLc1p":{"registrationId":632205922,"currentRatchet":{"ephemeralKeyPair":{"pubKey":"BSVN51pmrVTyam3U6e4kegyoTT5AlEs5mEQVakAHQ0lL","privKey":"oBsMTpdHcvabDYELVl803JLqCthpZlPQWHSqFr29JFA="},"lastRemoteEphemeralKey":"BVsC0SMvHyJg1No+n9s1bv+btNaNBaQE+mc8eJYnVvh+","previousCounter":0,"rootKey":"YlXlRGhNZX6s98fRLw1D9ukhtVEZxnFmeJDYqW2g/Rs="},"indexInfo":{"baseKey":"BWvGRnL/P1DgojecyrTy8w05rO9OWeCrCiHjkdJdLc1p","baseKeyType":1,"closed":-1,"used":1706967474031,"created":1706967474031,"remoteIdentityKey":"BXZP2XACozifPYnJORh2Vc/5oxNjuiUex8OM8zt+nWAU"},"_chains":{"BSVN51pmrVTyam3U6e4kegyoTT5AlEs5mEQVakAHQ0lL":{"chainKey":{"counter":6,"key":"vKQmVNvwuO8rYnDHKHpDhw7gFJ1CO4tSWqyj+GmeZG4="},"chainType":1,"messageKeys":{}}},"pendingPreKey":{"signedKeyId":21,"baseKey":"BWvGRnL/P1DgojecyrTy8w05rO9OWeCrCiHjkdJdLc1p","preKeyId":5243339}}},"version":"v1"}