{"_sessions":{"BfORfbx+qtndBfydEzvBc4RST4YpJLkjKqtg7J8peEgk":{"registrationId":1030252504,"currentRatchet":{"ephemeralKeyPair":{"pubKey":"Bd+3/nUjGfY7udwja57pGKPmYAoUw3ObPId3H6F1ImsX","privKey":"8PNVjzWaDyeG5LWI5i7Kdw3XVK9J08665I7NEJhysmI="},"lastRemoteEphemeralKey":"BTm1rxMpR1nPcy4Tg01cGEpSvw9k3yEJ/t+CC9FHxmBz","previousCounter":0,"rootKey":"Ie46Gsf2gMjP1e7uTMcXwA7XpergVcahJAwIPj0XT64="},"indexInfo":{"baseKey":"BfORfbx+qtndBfydEzvBc4RST4YpJLkjKqtg7J8peEgk","baseKeyType":1,"closed":-1,"used":1706967473828,"created":1706967473828,"remoteIdentityKey":"BRwZZyqvJXKTJUL3NWyU2JL13ixSGuoP8xlA+r9bt2EX"},"_chains":{"Bd+3/nUjGfY7udwja57pGKPmYAoUw3ObPId3H6F1ImsX":{"chainKey":{"counter":6,"key":"ef3uwl500wQrtV6Xfqf3xzOUBvVf65gZYFnvbSIgnaU="},"chainType":1,"messageKeys":{}}},"pendingPreKey":{"signedKeyId":3,"baseKey":"BfORfbx+qtndBfydEzvBc4RST4YpJLkjKqtg7J8peEgk","preKeyId":15409740}}},"version":"v1"}