{"_sessions":{"BS44E/DYAOHA49g1I+ImzLy9o1a0OyLpuXmt695EqHw7":{"registrationId":1584085914,"currentRatchet":{"ephemeralKeyPair":{"pubKey":"BSutvYiRjUr7hz6J4aB+TTb5S2LN+DySEcb4LwtuDCZF","privKey":"MDs2SMxWmeD3z4IwNbEB01njvzjQk1vNRGy1i0qBf2w="},"lastRemoteEphemeralKey":"Ba5ccqtRi9p2zY3PZine8hTYTTWvkay8FNn7RG1OqgNB","previousCounter":0,"rootKey":"B+ZiFS5zT9kxUrPUHJ0c5Fjr0tWnesLw3t9ieE6XtYo="},"indexInfo":{"baseKey":"BS44E/DYAOHA49g1I+ImzLy9o1a0OyLpuXmt695EqHw7","baseKeyType":1,"closed":-1,"used":1706967472045,"created":1706967472045,"remoteIdentityKey":"BdfaeNptgWcKGgMz0QIaPPvJhdvgZeqa8cuBpBkFJhoz"},"_chains":{"BSutvYiRjUr7hz6J4aB+TTb5S2LN+DySEcb4LwtuDCZF":{"chainKey":{"counter":6,"key":"maL3s/SHBaFfsbE14h5BV8KCjPMyEkSY7iVzx2qXViY="},"chainType":1,"messageKeys":{}}},"pendingPreKey":{"signedKeyId":1192734,"baseKey":"BS44E/DYAOHA49g1I+ImzLy9o1a0OyLpuXmt695EqHw7","preKeyId":9753}}},"version":"v1"}