{"_sessions":{"BVXMY7rZGEc+tBtlKX3uS2ZsMl78NNqMAyW6zE0tXz1+":{"registrationId":15331,"currentRatchet":{"ephemeralKeyPair":{"pubKey":"BZigKq/6wXIg9hSFmxaCWmRQ13DSg7/LD+pKdQPiNBVD","privKey":"CCm24OfG7bgfToFe9ZwV28T4CXsinufkB8x+yWCQJ0U="},"lastRemoteEphemeralKey":"BStY6ORqdNHqx2jd+lGbTX5H51bZG30LEyqSnyXSXJIY","previousCounter":0,"rootKey":"dU48kLvEbuEhNjpTQ00X6woDLFZaSquCUjBtCvinN7o="},"indexInfo":{"baseKey":"BVXMY7rZGEc+tBtlKX3uS2ZsMl78NNqMAyW6zE0tXz1+","baseKeyType":1,"closed":-1,"used":1706967471855,"created":1706967471855,"remoteIdentityKey":"BbEhx/IABRoQmGgB0hBJ4Qs+WNvkX9ZeZp4d84lCseUC"},"_chains":{"BZigKq/6wXIg9hSFmxaCWmRQ13DSg7/LD+pKdQPiNBVD":{"chainKey":{"counter":6,"key":"mVNTBS9H3Jh18UhmmnrM+R5RwrwlLE7aA/oMDJkZDFc="},"chainType":1,"messageKeys":{}}},"pendingPreKey":{"signedKeyId":2,"baseKey":"BVXMY7rZGEc+tBtlKX3uS2ZsMl78NNqMAyW6zE0tXz1+","preKeyId":2251}}},"version":"v1"}