{"_sessions":{"BcNZie0uM4L36lll+qekqAsdtrTjqS/bcXlfSBYkF4ZK":{"registrationId":1337874554,"currentRatchet":{"ephemeralKeyPair":{"pubKey":"BWucOyFt6Iwbiqmx2s9aRuPZ6jMyWf+hZkAd9nzfFSsP","privKey":"GI+L8TrDjmDvkvi1pMGOxxHJQxscnpSL29/zOvx4Hm8="},"lastRemoteEphemeralKey":"BZcTi9ujgzIWDQPHcNyN6Ti5sQw/rQSmV89OoGXHvMIF","previousCounter":0,"rootKey":"vZ9P4JFr/kjMAPH6KjD3xm7jm5gPubINzPDk0QRW5pM="},"indexInfo":{"baseKey":"BcNZie0uM4L36lll+qekqAsdtrTjqS/bcXlfSBYkF4ZK","baseKeyType":1,"closed":-1,"used":1706967473915,"created":1706967473915,"remoteIdentityKey":"BQBWIQQz4BV1wD/eGDVJWdjrI27h9nqFWDt15xDvmQAg"},"_chains":{"BWucOyFt6Iwbiqmx2s9aRuPZ6jMyWf+hZkAd9nzfFSsP":{"chainKey":{"counter":6,"key":"t1eBhzO0FLn3Yu5LeVXGhNw5SyIxDVEdLsB8ai6eUag="},"chainType":1,"messageKeys":{}}},"pendingPreKey":{"signedKeyId":0,"baseKey":"BcNZie0uM4L36lll+qekqAsdtrTjqS/bcXlfSBYkF4ZK"}}},"version":"v1"}