{"_sessions":{"BY/Wtmc6AOF1Jm2RB3nBehI3KZA8FfXWQevb1xEdsztA":{"registrationId":11417,"currentRatchet":{"ephemeralKeyPair":{"pubKey":"BR8EMeQc5tsetsP7Mr7BcUVfRnEha7TibvtVinfQBTQY","privKey":"MP+LpyZ/Bj8bCxWZ1mnGtz6DrlRv29r+hig8ee8gZG0="},"lastRemoteEphemeralKey":"BTs1K68zD57TP/2gg1TZXTLgE3GOdZHS4PgWSepqKgIJ","previousCounter":0,"rootKey":"AfAGBtlT5gPYBsBPtsHNAXmY3T+crSKX96IpOLKvrDY="},"indexInfo":{"baseKey":"BY/Wtmc6AOF1Jm2RB3nBehI3KZA8FfXWQevb1xEdsztA","baseKeyType":1,"closed":-1,"used":1706967471827,"created":1706967471827,"remoteIdentityKey":"BSkDrPpRWW6fF6VXJwm8kk+kusCwlyAuq1y9yLktk0oD"},"_chains":{"BR8EMeQc5tsetsP7Mr7BcUVfRnEha7TibvtVinfQBTQY":{"chainKey":{"counter":6,"key":"jYzVDNLYtYAdJFdoVVn4c1iuObsctj7oxgq5oFFz4WA="},"chainType":1,"messageKeys":{}}},"pendingPreKey":{"signedKeyId":1,"baseKey":"BY/Wtmc6AOF1Jm2RB3nBehI3KZA8FfXWQevb1xEdsztA"}}},"version":"v1"}