{"_sessions":{"BXl39dc0Gen1D+Gf3e6K5zYI8ZTghd+dvW36jdDuIgVn":{"registrationId":1735100142,"currentRatchet":{"ephemeralKeyPair":{"pubKey":"BT8ipUb65riC+zbuyrevLJOE9EZM1TlShGD3OnnXu/Rn","privKey":"kMq0Ti+XqIqV9PUKpCDqOWHEtDS5ttiMl1BARQkYYWU="},"lastRemoteEphemeralKey":"BalpGptO/DzyYubcpmMGWehz/71f8gJ2URIJj3Zx9mZ+","previousCounter":0,"rootKey":"Mzaja+f2BxqpyEA09WnWUMUJxfN28W+1PTit/tNEJTQ="},"indexInfo":{"baseKey":"BXl39dc0Gen1D+Gf3e6K5zYI8ZTghd+dvW36jdDuIgVn","baseKeyType":1,"closed":-1,"used":1706967472391,"created":1706967472391,"remoteIdentityKey":"BatIcXxT6yGWQxGwlIPJ91Yv4Hz8EFS09PzcvGAUV1Rq"},"_chains":{"BT8ipUb65riC+zbuyrevLJOE9EZM1TlShGD3OnnXu/Rn":{"chainKey":{"counter":6,"key":"MjErDYnvEDUHSxI3eHuY/2nV9C1EV+b33t67yIioPxU="},"chainType":1,"messageKeys":{}}},"pendingPreKey":{"signedKeyId":41,"baseKey":"BXl39dc0Gen1D+Gf3e6K5zYI8ZTghd+dvW36jdDuIgVn","preKeyId":13899247}}},"version":"v1"}