{"_sessions":{"BVhnSwaO6o9z45EPPIJTk+2MirED0YPEeKhsfBzSSlt8":{"registrationId":1961700183,"currentRatchet":{"ephemeralKeyPair":{"pubKey":"BflmIVnTp33QfdKScIXMQrM2+IqXatm4hcw2y3hrhgEM","privKey":"cNdTMQLdvMsQRBEOqqTPuAfKWyiJPUqUX09oW2vna28="},"lastRemoteEphemeralKey":"BRRbvoVPDVls+IkWRqMm6ushKIXucgnZHEGkhSoAbu8V","previousCounter":0,"rootKey":"Bd4IExdsEpRKGvqIBeuBkm/YhRFwkczgx42c2lE2NSI="},"indexInfo":{"baseKey":"BVhnSwaO6o9z45EPPIJTk+2MirED0YPEeKhsfBzSSlt8","baseKeyType":1,"closed":-1,"used":1706967472560,"created":1706967472560,"remoteIdentityKey":"BdgJIOwgo0oCgSKPUN+cIOFJW/la4sVtBLvAYh+EwdR2"},"_chains":{"BflmIVnTp33QfdKScIXMQrM2+IqXatm4hcw2y3hrhgEM":{"chainKey":{"counter":6,"key":"9n4JaCLlepJpp7p/OappPIQVEWABQlMmlkrCPDuAU1k="},"chainType":1,"messageKeys":{}}},"pendingPreKey":{"signedKeyId":29,"baseKey":"BVhnSwaO6o9z45EPPIJTk+2MirED0YPEeKhsfBzSSlt8","preKeyId":14503971}}},"version":"v1"}