{"_sessions":{"Bd/mvJKO13nB0Qj/DQ2wDAPVqyL7P+n1XA189rWmsgss":{"registrationId":789387807,"currentRatchet":{"ephemeralKeyPair":{"pubKey":"BSaS6clKYQ0qzO3IrH+ZkTlkawyWBAGB0Vih0nLbNbkh","privKey":"kC0NcZHF3KLxe0hzxzjy1KoStqCyN4CLqrswzP33jm0="},"lastRemoteEphemeralKey":"BS5VOMX4AAu4rnTFiTEGSNjY5J/xHGVWtUJEXUgpBgZP","previousCounter":0,"rootKey":"ekcuqm6so95HhkbIHUT0WXdNolua5XBN1PSQIH974HA="},"indexInfo":{"baseKey":"Bd/mvJKO13nB0Qj/DQ2wDAPVqyL7P+n1XA189rWmsgss","baseKeyType":1,"closed":-1,"used":1706967471899,"created":1706967471899,"remoteIdentityKey":"BVxA7BlreFqAmfi9zxuk35hAfy0Ki7aCZctXbIT+QDdL"},"_chains":{"BSaS6clKYQ0qzO3IrH+ZkTlkawyWBAGB0Vih0nLbNbkh":{"chainKey":{"counter":6,"key":"ATvbmqhujT+VbY8uZ2hAkkHvWLJgIsnaReBOy0iUxLY="},"chainType":1,"messageKeys":{}}},"pendingPreKey":{"signedKeyId":10,"baseKey":"Bd/mvJKO13nB0Qj/DQ2wDAPVqyL7P+n1XA189rWmsgss","preKeyId":13180124}}},"version":"v1"}