{"_sessions":{"BUiLP+Ej3Mf8wXVrToTK+n+wJvNLCVOJQ+HCDMfT/JN5":{"registrationId":1868942814,"currentRatchet":{"ephemeralKeyPair":{"pubKey":"BfXBgCnTkStdmnWhgFiZIaEI63vz3qudKpkAkoAcabhC","privKey":"WDqaEtvqwPBsEiHkqBkJfGINRAailUH2ZWsomP450WA="},"lastRemoteEphemeralKey":"BQHC2YYsPLaWvfxsgp2XMEJFkCcOVadinE18lkPy3i8H","previousCounter":0,"rootKey":"QNxYBi3pAG/sLhf/4Lt28tSnadawoZKkDVZ5VLWuyZI="},"indexInfo":{"baseKey":"BUiLP+Ej3Mf8wXVrToTK+n+wJvNLCVOJQ+HCDMfT/JN5","baseKeyType":1,"closed":-1,"used":1706967473444,"created":1706967473444,"remoteIdentityKey":"BX4yagi4OVZSy+CXSwDi49OcS1rMYkUs7/47D/YTSn02"},"_chains":{"BfXBgCnTkStdmnWhgFiZIaEI63vz3qudKpkAkoAcabhC":{"chainKey":{"counter":6,"key":"ZlClgi34X4BVoXk4u1ccLm0o1vqW+/3NWX4OJUs4p/Q="},"chainType":1,"messageKeys":{}}},"pendingPreKey":{"signedKeyId":2,"baseKey":"BUiLP+Ej3Mf8wXVrToTK+n+wJvNLCVOJQ+HCDMfT/JN5","preKeyId":14903099}}},"version":"v1"}