{"_sessions":{"BdxrCPAWgiXk7KrYCl+shPVonalWZJ5oZSQ0qlUUwug7":{"registrationId":87992666,"currentRatchet":{"ephemeralKeyPair":{"pubKey":"BVj4COvzHiTM1A7NYOcBbngJPv/MKowpLn6mOAD2DXlL","privKey":"QDKczBwqyEHvpT4/n2Ye4TNNFXf1yBxMn2ogjbm+5U4="},"lastRemoteEphemeralKey":"BXL0AGBuAh/HT3BMMRg3xjhUOuCKzaGqLNbvrgU3LpUe","previousCounter":0,"rootKey":"/lADlJudFnqGT4iSo8tL8XmAFVvM9D74e/mkgJqyQ98="},"indexInfo":{"baseKey":"BdxrCPAWgiXk7KrYCl+shPVonalWZJ5oZSQ0qlUUwug7","baseKeyType":1,"closed":-1,"used":1706967472293,"created":1706967472293,"remoteIdentityKey":"BYnr+9FYP3FYBFY7dBjXv7YEYFpBkshXVx/o2MaASe0o"},"_chains":{"BVj4COvzHiTM1A7NYOcBbngJPv/MKowpLn6mOAD2DXlL":{"chainKey":{"counter":6,"key":"cAA+kugGvvorejhJlLfSlgdGxv5S4j0l9UTGcXaYbiU="},"chainType":1,"messageKeys":{}}},"pendingPreKey":{"signedKeyId":26,"baseKey":"BdxrCPAWgiXk7KrYCl+shPVonalWZJ5oZSQ0qlUUwug7","preKeyId":7817593}}},"version":"v1"}