{"_sessions":{"BffYYGehNzxiX5tJNZRjqK+qMXTW/L+Ssov1vVJPXjk+":{"registrationId":223109970,"currentRatchet":{"ephemeralKeyPair":{"pubKey":"BVThLNf+BZuC1KFqq3BTsSPTsT5rZE7TDKfQ9TaH5M1D","privKey":"AGp+ZSh762Rh6zPhOH/UjDyEs46L7FbGoU/HKt/CKH0="},"lastRemoteEphemeralKey":"BSHHcEPw+cvsU4FgPFFhd8dgML9rvhJ6VeNs22T3gFEU","previousCounter":0,"rootKey":"KVLPXGWHZ8823XZVpIsZCWiq/y6xMjlEhggVo8R9ios="},"indexInfo":{"baseKey":"BffYYGehNzxiX5tJNZRjqK+qMXTW/L+Ssov1vVJPXjk+","baseKeyType":1,"closed":-1,"used":1706967472145,"created":1706967472145,"remoteIdentityKey":"BU9j+PJHHYcF2GVuuRUZ32x9j0CIKPK50fWtnNIR9B8A"},"_chains":{"BVThLNf+BZuC1KFqq3BTsSPTsT5rZE7TDKfQ9TaH5M1D":{"chainKey":{"counter":6,"key":"9l0uO5yr2NcrBoCRil7TrhjagoVnMHTHnEtZDDc4ZCg="},"chainType":1,"messageKeys":{}}},"pendingPreKey":{"signedKeyId":56,"baseKey":"BffYYGehNzxiX5tJNZRjqK+qMXTW/L+Ssov1vVJPXjk+","preKeyId":15361805}}},"version":"v1"}