{"_sessions":{"BTY9sXPLynPJD9GTJ0oCl1EAlpzESdfbwX6FlW5iktV5":{"registrationId":13819,"currentRatchet":{"ephemeralKeyPair":{"pubKey":"BXfUOf5ReYgNtVtBFk3Mz4LaL7FvOqNoiPRSwCSJWIZH","privKey":"2DtoGn7GPfKydlnaOMbQm+aTOG+STRtafdM+cuUIZmk="},"lastRemoteEphemeralKey":"Bftdwg9lcFBfcpmZINmv8675BZ2zpApVngY48aTEAdEk","previousCounter":0,"rootKey":"KFbKoqQvLQTjt6IZBWIXJMpWq9gwTCbTFfbP5GmT8XY="},"indexInfo":{"baseKey":"BTY9sXPLynPJD9GTJ0oCl1EAlpzESdfbwX6FlW5iktV5","baseKeyType":1,"closed":-1,"used":1706967471710,"created":1706967471710,"remoteIdentityKey":"BU1BRVAmuF6Jc1sXmZQE00fYbC46K0JwtAIcWrdtyClJ"},"_chains":{"BXfUOf5ReYgNtVtBFk3Mz4LaL7FvOqNoiPRSwCSJWIZH":{"chainKey":{"counter":6,"key":"5034OkAm+oT1GVVdQKDP2G0UQXvJWSMJKBPRB/1waIw="},"chainType":1,"messageKeys":{}}},"pendingPreKey":{"signedKeyId":1,"baseKey":"BTY9sXPLynPJD9GTJ0oCl1EAlpzESdfbwX6FlW5iktV5","preKeyId":374}}},"version":"v1"}