{"_sessions":{"BYyfzygscYvx92qCbzqKSQO1j4dNAGjjFZpSuGvCzxwS":{"registrationId":616713792,"currentRatchet":{"ephemeralKeyPair":{"pubKey":"BepoMCkjZXaOedZeZI313rV3yD7H4LnPDB656woC/koD","privKey":"SMmzq0slnH1kKsy4F4bbQvFtFL6wJeIfsfeQMh6/wmU="},"lastRemoteEphemeralKey":"BXgbUEmByEbtiyBmuaak7b/hl0HYF8+H4kZ2jv6Q3DQp","previousCounter":0,"rootKey":"G4cEiOmu7DaJ9QcAmCbYzChVHySfbD0tNkOe1GHq6Sk="},"indexInfo":{"baseKey":"BYyfzygscYvx92qCbzqKSQO1j4dNAGjjFZpSuGvCzxwS","baseKeyType":1,"closed":-1,"used":1706967472167,"created":1706967472167,"remoteIdentityKey":"BdQ+jl8MLIZmYDYWQjEu4vCOehHhZomzPmLuOSPUtX8d"},"_chains":{"BepoMCkjZXaOedZeZI313rV3yD7H4LnPDB656woC/koD":{"chainKey":{"counter":6,"key":"fYf0NLSJ9oPJEC0CkFWr8S+hmHL/VlhwH1YNEsJBYO8="},"chainType":1,"messageKeys":{}}},"pendingPreKey":{"signedKeyId":5,"baseKey":"BYyfzygscYvx92qCbzqKSQO1j4dNAGjjFZpSuGvCzxwS","preKeyId":5279459}}},"version":"v1"}