{"_sessions":{"BZTuZpwZx7dPA+lH6x6cmLi/GnNI0QWcnLeHjyeLd9xi":{"registrationId":1045684230,"currentRatchet":{"ephemeralKeyPair":{"pubKey":"BbqfjdPlndpSTDh3i3iSdVd4AgNrshOEU8rO7LIn3pBi","privKey":"GEbWAuw5a3cO/LwDQaloylkqEDZYhbz52SHAMp/bink="},"lastRemoteEphemeralKey":"BU1wIWP8ZxK0SHl0qvJm3/33VUNCX0mReYNK+d1VxYEU","previousCounter":0,"rootKey":"lstf9Ef745dCUyODLp+LdLtKJwb2MeIXZ13KGl6Ddow="},"indexInfo":{"baseKey":"BZTuZpwZx7dPA+lH6x6cmLi/GnNI0QWcnLeHjyeLd9xi","baseKeyType":1,"closed":-1,"used":1706967473176,"created":1706967473176,"remoteIdentityKey":"BZ2KTcfn3SF/d6jHGxTwEl2TsCIh83dxneNy29Ptd5Ar"},"_chains":{"BbqfjdPlndpSTDh3i3iSdVd4AgNrshOEU8rO7LIn3pBi":{"chainKey":{"counter":5,"key":"n/PRmeC2uInEaKWHOIPA7AuAl5nIGHDFzBUV12nR6bE="},"chainType":1,"messageKeys":{}}},"pendingPreKey":{"signedKeyId":30,"baseKey":"BZTuZpwZx7dPA+lH6x6cmLi/GnNI0QWcnLeHjyeLd9xi","preKeyId":13249151}}},"version":"v1"}