{"_sessions":{"BSGzSlJ6oVM377mzYPwS8I66+4X1Vu4kCxq7DiP+Mm1j":{"registrationId":1683419960,"currentRatchet":{"ephemeralKeyPair":{"pubKey":"BV7UQJnYKnZSKyg9afrUc2ae+bccOnrQHJnw142aa0YG","privKey":"ePZ/yi7dn+fewr5PX2gWF538B2dbZVqW3zS906OqxEQ="},"lastRemoteEphemeralKey":"BZupwUiX6REbl1KjHkbcsv9Vz3GUXalxrZWlDKoTNctn","previousCounter":0,"rootKey":"pN33b73OYzObsNc+cJgAzRfLOaue1k9EDhSlRC+lrT8="},"indexInfo":{"baseKey":"BSGzSlJ6oVM377mzYPwS8I66+4X1Vu4kCxq7DiP+Mm1j","baseKeyType":1,"closed":-1,"used":1706967473630,"created":1706967473630,"remoteIdentityKey":"BbWbdwsOwuL1GhuIDzivhu2H/6vmUubgDW3yM1oyHFwE"},"_chains":{"BV7UQJnYKnZSKyg9afrUc2ae+bccOnrQHJnw142aa0YG":{"chainKey":{"counter":6,"key":"J1Wp51StC9hBT7zRmKPB/KICVGsDCGoT5DpdMMe+H+M="},"chainType":1,"messageKeys":{}}},"pendingPreKey":{"signedKeyId":0,"baseKey":"BSGzSlJ6oVM377mzYPwS8I66+4X1Vu4kCxq7DiP+Mm1j","preKeyId":6290813}}},"version":"v1"}