{"_sessions":{"BXxzFFIHgaGQpd/AvrW+bFZkYdM0UUIk62zidR1Dhuxd":{"registrationId":8966,"currentRatchet":{"ephemeralKeyPair":{"pubKey":"BW+oLOO3FFjnkWnNkB7psCYJ5xpwzEmW7Gxzsaj/aShn","privKey":"4HQz+nmK+86UFUUQwj+H52cILIVKKILD1O4ypWPMpmI="},"lastRemoteEphemeralKey":"BRI99Vqf8n3oujOYRdCmPaul5cbfzaXfhx0xIIek/Lta","previousCounter":0,"rootKey":"kQMbPVmy5PdFdS/5ebBbioJl0zL7xUyC3rZYzYDPx3Y="},"indexInfo":{"baseKey":"BXxzFFIHgaGQpd/AvrW+bFZkYdM0UUIk62zidR1Dhuxd","baseKeyType":1,"closed":-1,"used":1706967471571,"created":1706967471571,"remoteIdentityKey":"Bc1TySWG05zxVQ+fyPcdEG/PmKUWvkX2snzerDXrXKUo"},"_chains":{"BW+oLOO3FFjnkWnNkB7psCYJ5xpwzEmW7Gxzsaj/aShn":{"chainKey":{"counter":6,"key":"l+nQye7qoTepd8aeEIRORMUeCBlofcOX08Np+gbalII="},"chainType":1,"messageKeys":{}}},"pendingPreKey":{"signedKeyId":1,"baseKey":"BXxzFFIHgaGQpd/AvrW+bFZkYdM0UUIk62zidR1Dhuxd"}}},"version":"v1"}