{"_sessions":{"BS3MiYnKCbJvB4gvCjc00w20j1GHqwFG8Q1OJUfklERj":{"registrationId":98347609,"currentRatchet":{"ephemeralKeyPair":{"pubKey":"BZRwfqi/MMKiSOckbXuMoSXwGf2EFjb2Gl5b30OPQvsy","privKey":"AHum0KQ1UewcpTTLvgd7Up1zo392kA+daxV9VxE7c3Y="},"lastRemoteEphemeralKey":"BSnELC0Em9H3oArJJuPuG1OZw5S2jb7lLKYhlkrXjq0c","previousCounter":0,"rootKey":"yJbIOQ5IuZCJgwywOki5VO6Q4tTi1Ac29OpbDAyznFQ="},"indexInfo":{"baseKey":"BS3MiYnKCbJvB4gvCjc00w20j1GHqwFG8Q1OJUfklERj","baseKeyType":1,"closed":-1,"used":1706967473570,"created":1706967473570,"remoteIdentityKey":"BRs/49j70XIYksC1A8qVr60aN+bC5wXFYUoG5FyCMIhO"},"_chains":{"BZRwfqi/MMKiSOckbXuMoSXwGf2EFjb2Gl5b30OPQvsy":{"chainKey":{"counter":6,"key":"uVu9jxsRyhPTNFLw+Z3ui5iNMUVeXVw+MJ5oC+pr4Z4="},"chainType":1,"messageKeys":{}}},"pendingPreKey":{"signedKeyId":4000565,"baseKey":"BS3MiYnKCbJvB4gvCjc00w20j1GHqwFG8Q1OJUfklERj","preKeyId":36445}}},"version":"v1"}