{"_sessions":{"BTxuZS/vDPt9V9s8wQaey6aZP9ApR7p1/gdInYffpJRp":{"registrationId":1148424232,"currentRatchet":{"ephemeralKeyPair":{"pubKey":"BbWtUPeVAmzyM39Qyi6gcM+/dGdPI3M0s2Yee8XN8mwE","privKey":"2INpkRzwSX1LXMNFGOb4ADbgSuWJvW9VaZ6A70zDkmo="},"lastRemoteEphemeralKey":"BSxzh/qsDzvrGchjxLUirEeuJpBaV09YwNZWbu9qe5F8","previousCounter":0,"rootKey":"htPi2YZa/YB7J0QovlRGv4CZA1Majcpc0+Bku085qY4="},"indexInfo":{"baseKey":"BTxuZS/vDPt9V9s8wQaey6aZP9ApR7p1/gdInYffpJRp","baseKeyType":1,"closed":-1,"used":1706967472838,"created":1706967472838,"remoteIdentityKey":"BVem0X6PnCzK8P1YwRPC65SL6VztOH07XHd03Be5Nndh"},"_chains":{"BbWtUPeVAmzyM39Qyi6gcM+/dGdPI3M0s2Yee8XN8mwE":{"chainKey":{"counter":6,"key":"9be5W9SdRrpON1+Pc1L+mUotZjkfR1ZAM4BwyNBgRt8="},"chainType":1,"messageKeys":{}}},"pendingPreKey":{"signedKeyId":1,"baseKey":"BTxuZS/vDPt9V9s8wQaey6aZP9ApR7p1/gdInYffpJRp","preKeyId":13189522}}},"version":"v1"}