{"_sessions":{"Be64A0PCa4cE2bR5qR30vXCRZ+tOyUAXUbaZSxFciRZF":{"registrationId":9177,"currentRatchet":{"ephemeralKeyPair":{"pubKey":"BSKh63jYP663sKimpIoRawJ41vFi8wo15LrdHxKbNcBo","privKey":"eE8dTMTGVweX7+WVNPJQ5jNRWv+9IcLdZU5r81//+mk="},"lastRemoteEphemeralKey":"BVHtrheakGXUflZfPbgr0nicNM01LGRYmTojv1Nm3vcN","previousCounter":0,"rootKey":"KqbwgSyNEwuHknVSMBDgwLbcB3IymXDv6JLsyEwgkwA="},"indexInfo":{"baseKey":"Be64A0PCa4cE2bR5qR30vXCRZ+tOyUAXUbaZSxFciRZF","baseKeyType":1,"closed":-1,"used":1706967471353,"created":1706967471353,"remoteIdentityKey":"BW+yQeQdWgf3SWehjGKjochJoO5I+1uB0TbpGE6w1y0s"},"_chains":{"BSKh63jYP663sKimpIoRawJ41vFi8wo15LrdHxKbNcBo":{"chainKey":{"counter":6,"key":"LEu2WKgmYvGmMbxkH7OsswYjkbLs90hs3GPEx/PoVHY="},"chainType":1,"messageKeys":{}}},"pendingPreKey":{"signedKeyId":1,"baseKey":"Be64A0PCa4cE2bR5qR30vXCRZ+tOyUAXUbaZSxFciRZF"}}},"version":"v1"}