{"_sessions":{"BSJbzDnlxaE2ubq1r0NetfkSfQvVVyHDL7HwTLwiMmpR":{"registrationId":2027841494,"currentRatchet":{"ephemeralKeyPair":{"pubKey":"Bbipge/OY/y2FGzOPIoPyPMwe/iQuqYFLwK2iKc/3LBs","privKey":"uAIS6Qz9NexVyUaQP+ENiO2Z9h6uenwG9K1Lql/voXY="},"lastRemoteEphemeralKey":"BTwZQTxLlYco+ClCU3T9ZHthL9EEn1NhwEJmKuGV5+JF","previousCounter":0,"rootKey":"Kmiufwj4hQg1QrDmm4FbZ6vOFkt/sv7a9PwPxLdttX0="},"indexInfo":{"baseKey":"BSJbzDnlxaE2ubq1r0NetfkSfQvVVyHDL7HwTLwiMmpR","baseKeyType":1,"closed":-1,"used":1706967471692,"created":1706967471692,"remoteIdentityKey":"BdkhDnuGCqZZUbJMJeMvD3lAuaf5AsnGsYP9uUDtML8G"},"_chains":{"Bbipge/OY/y2FGzOPIoPyPMwe/iQuqYFLwK2iKc/3LBs":{"chainKey":{"counter":6,"key":"3zxE7vivnPx0JYWBpaKsrhe9jvI+JpdATxariH3VR9I="},"chainType":1,"messageKeys":{}}},"pendingPreKey":{"signedKeyId":4,"baseKey":"BSJbzDnlxaE2ubq1r0NetfkSfQvVVyHDL7HwTLwiMmpR"}}},"version":"v1"}