{"_sessions":{"BaUwVRzppLG+s9RlW3w7OWoMfzhh8e+UIw9rVaxQcfxK":{"registrationId":1016210061,"currentRatchet":{"ephemeralKeyPair":{"pubKey":"BVe4Iok5XS+qThHuh8hMck2Akh6Qt6JrI1InWvMhhasF","privKey":"YKJ4uAZ2YaWeGQh4WF1JcvCTwXorshqWQsWhV76e12Y="},"lastRemoteEphemeralKey":"BWZCBugLLXNidnKQ6QerHfcWCkRv47pgXXm99gIkIHB4","previousCounter":0,"rootKey":"0K7V3/zSum4uQkmjkBYBaBCxA4ltUnzXl/oDzmwt7ns="},"indexInfo":{"baseKey":"BaUwVRzppLG+s9RlW3w7OWoMfzhh8e+UIw9rVaxQcfxK","baseKeyType":1,"closed":-1,"used":1706967472298,"created":1706967472298,"remoteIdentityKey":"Bda5tJLVnJ021gbFvtvhfiZ3RnCBraJzZsS1RKmsrPIA"},"_chains":{"BVe4Iok5XS+qThHuh8hMck2Akh6Qt6JrI1InWvMhhasF":{"chainKey":{"counter":6,"key":"bibyQ+wkabkHTm1melxj+AaAMN6ryur3N2pcVVNYYk8="},"chainType":1,"messageKeys":{}}},"pendingPreKey":{"signedKeyId":33,"baseKey":"BaUwVRzppLG+s9RlW3w7OWoMfzhh8e+UIw9rVaxQcfxK","preKeyId":5389137}}},"version":"v1"}