{"_sessions":{"BSKQRgRYekek1QsdVwjs1qAQKZyyfbPFGNln+Pv4iXsf":{"registrationId":2026,"currentRatchet":{"ephemeralKeyPair":{"pubKey":"BXpjRF+ZYjv0UmxFEzZO9YTH1F8y25Fr0BMMqulPU6Ri","privKey":"+Cje8ZLgs96P78o9kWOvD4i6UEfUwsQL8EfDoBzAAXk="},"lastRemoteEphemeralKey":"BcjwHZKsG/uWlsCg4I186rAeXJRpCRKdKL/R9bXZ6t4+","previousCounter":0,"rootKey":"5d3s+Ur8d6ysIc97TF/RwqtHQPByof0gAvj/+LhAupY="},"indexInfo":{"baseKey":"BSKQRgRYekek1QsdVwjs1qAQKZyyfbPFGNln+Pv4iXsf","baseKeyType":1,"closed":-1,"used":1706967471415,"created":1706967471415,"remoteIdentityKey":"BadmlReHoUyWLf4NfFLlNpZ2jK0fGPR+7ftQ9f2nSrQ6"},"_chains":{"BXpjRF+ZYjv0UmxFEzZO9YTH1F8y25Fr0BMMqulPU6Ri":{"chainKey":{"counter":6,"key":"8cW77MpgqlmEbt5vHHQHg/g4Msscb99EFi9umYMNzpw="},"chainType":1,"messageKeys":{}}},"pendingPreKey":{"signedKeyId":2,"baseKey":"BSKQRgRYekek1QsdVwjs1qAQKZyyfbPFGNln+Pv4iXsf","preKeyId":1694}}},"version":"v1"}