{"_sessions":{"BVVC48J9NUZuLKnJTp2vvlwT8eaGVfYqQo28pQceVp04":{"registrationId":178267295,"currentRatchet":{"ephemeralKeyPair":{"pubKey":"BdhanZximz+CvFfZZdvG1nAV9sUtlnoCw9Cv3n+Ai2x4","privKey":"UISxY/WkzY3mBlenrCMkiCwD7cJbjbz0+jSNavIcxnU="},"lastRemoteEphemeralKey":"BaEeThuE+/4gz6+aqBTd2YrDzLQUAR2l+AlvXm6It+VN","previousCounter":0,"rootKey":"7+fh5X1uW7amiNNgpK00irC3i3Al6F6SNm1YqpoPpkY="},"indexInfo":{"baseKey":"BVVC48J9NUZuLKnJTp2vvlwT8eaGVfYqQo28pQceVp04","baseKeyType":1,"closed":-1,"used":1706967472553,"created":1706967472553,"remoteIdentityKey":"BYMTGO8RgKi57DUKvNr/RTdVIyso6rM9jGMDlysAyBZe"},"_chains":{"BdhanZximz+CvFfZZdvG1nAV9sUtlnoCw9Cv3n+Ai2x4":{"chainKey":{"counter":6,"key":"gRY8RZSI2wcsbUjUENuFJ5KbXq1VM+32jRRDz1uKIB0="},"chainType":1,"messageKeys":{}}},"pendingPreKey":{"signedKeyId":8,"baseKey":"BVVC48J9NUZuLKnJTp2vvlwT8eaGVfYqQo28pQceVp04","preKeyId":15418451}}},"version":"v1"}