{"_sessions":{"BWjYC2P1ogVx7a6CemSb11PTdn58gBFvHnnmdTcc/DQ8":{"registrationId":61051294,"currentRatchet":{"ephemeralKeyPair":{"pubKey":"BbLujr1y2lKHHIcjE4mqV/mQg0tCYqIiL5aXg/tml1cl","privKey":"0N0sixSAuo6k1/O8b0uk3KMUs6zmj4kBFffiincPm2E="},"lastRemoteEphemeralKey":"BVYa21ulmM58oF4dtLgHlmK0SBwYzWwhK4nIbVED/S8s","previousCounter":0,"rootKey":"ty3m4SSks6kSr0cFOy37cqbUmM/IDobasY24DnBbt+Q="},"indexInfo":{"baseKey":"BWjYC2P1ogVx7a6CemSb11PTdn58gBFvHnnmdTcc/DQ8","baseKeyType":1,"closed":-1,"used":1706967473269,"created":1706967473269,"remoteIdentityKey":"BZ3gSUZ/thDzmRsyJQ/chPgRYZjD40psrFI/SpBSvgx6"},"_chains":{"BbLujr1y2lKHHIcjE4mqV/mQg0tCYqIiL5aXg/tml1cl":{"chainKey":{"counter":6,"key":"AbHw+waRtfbfXNI7hGK+gYYafVnnXiMO83IgyuXXjMo="},"chainType":1,"messageKeys":{}}},"pendingPreKey":{"signedKeyId":37,"baseKey":"BWjYC2P1ogVx7a6CemSb11PTdn58gBFvHnnmdTcc/DQ8","preKeyId":2456354}}},"version":"v1"}