{"_sessions":{"BcmJdzvwNYUlcrCtl6pj/yos1X56vuaMHqGoGgtK4d91":{"registrationId":776,"currentRatchet":{"ephemeralKeyPair":{"pubKey":"BXwRV+IIVSJRzAAYSYAEywtpYS2f/NZmGDqKi3AChaQs","privKey":"AFnJ1Ue0mWIZwiVdGuu/oUaoox9wJVLaKjlJImw7EkA="},"lastRemoteEphemeralKey":"Bdkm9cEpV2I0ZWy5yMPiqIyV1EEHgQ6Eu3IwbbfZo4AU","previousCounter":0,"rootKey":"hgkxYtmtHr1wwZFRsZ7iVvCm9Up6gtYAJJyVtgYvP4w="},"indexInfo":{"baseKey":"BcmJdzvwNYUlcrCtl6pj/yos1X56vuaMHqGoGgtK4d91","baseKeyType":1,"closed":-1,"used":1706967471808,"created":1706967471808,"remoteIdentityKey":"Bf/6HTFetWapob+FYv1O499w4fePcMNk9PynpVDFKPcx"},"_chains":{"BXwRV+IIVSJRzAAYSYAEywtpYS2f/NZmGDqKi3AChaQs":{"chainKey":{"counter":6,"key":"yRG7INeOZm64qdtSHPuyT2QXpAg7GLY208E8ZFe1nHI="},"chainType":1,"messageKeys":{}}},"pendingPreKey":{"signedKeyId":1,"baseKey":"BcmJdzvwNYUlcrCtl6pj/yos1X56vuaMHqGoGgtK4d91"}}},"version":"v1"}