{"_sessions":{"BcPoRqStbhiBJH7V7d6sJ9n15KI+S5GaZjfH9ToOldY5":{"registrationId":1310257342,"currentRatchet":{"ephemeralKeyPair":{"pubKey":"BfNlrkiPGMvUYH3crU6CmaJn5AMpz6U3Wnxex1NAbVMq","privKey":"4EHa1uqHzARRpPIqcv5pJ3Vyn3Xo66mU6aShsMfnTXg="},"lastRemoteEphemeralKey":"BXsiI8xHMEf5yW0RtgW9NqmP2lbn37kJ9y+Ke6d9H5Ac","previousCounter":0,"rootKey":"tjxBYjWt+YdzItcR+H1UZ07jwwWxrEvmXzypSz6Jroc="},"indexInfo":{"baseKey":"BcPoRqStbhiBJH7V7d6sJ9n15KI+S5GaZjfH9ToOldY5","baseKeyType":1,"closed":-1,"used":1706967472030,"created":1706967472030,"remoteIdentityKey":"BXA46S5nHTo+KLpyqnPUx2fnxRlUkEP8GD+hD7FNw4Jc"},"_chains":{"BfNlrkiPGMvUYH3crU6CmaJn5AMpz6U3Wnxex1NAbVMq":{"chainKey":{"counter":6,"key":"Bo467QlLzhx3z1X0CXjVHMPQNw2WrscQ8lMT1t7TG84="},"chainType":1,"messageKeys":{}}},"pendingPreKey":{"signedKeyId":4659326,"baseKey":"BcPoRqStbhiBJH7V7d6sJ9n15KI+S5GaZjfH9ToOldY5","preKeyId":1050}}},"version":"v1"}