{"_sessions":{"BSTWHXxvyzjuIJDD2CqA+Fzd6Ux6OIGXnHOKBPA1+OZS":{"registrationId":2085136852,"currentRatchet":{"ephemeralKeyPair":{"pubKey":"BfWEdii1DE8cv8j7zRy6g55hFisNHtEnNpJIqBXXNSsP","privKey":"oIugBOvFwYpggT7Fe3/d/ketLK9SUVC6r7Hz5RXvtkM="},"lastRemoteEphemeralKey":"BdYeyKACyj0REXMr8iPi4OnraS8xZmNFPWCXL99h/fE8","previousCounter":0,"rootKey":"SA6zD9BDHt3gyfBWn8vH7JBWjKiI8WhGECAi2XlrdPI="},"indexInfo":{"baseKey":"BSTWHXxvyzjuIJDD2CqA+Fzd6Ux6OIGXnHOKBPA1+OZS","baseKeyType":1,"closed":-1,"used":1706967473954,"created":1706967473954,"remoteIdentityKey":"BZjGO2q6Ygr3l2OvL23gqZSX5380Mdx2CnnKQoad0mFj"},"_chains":{"BfWEdii1DE8cv8j7zRy6g55hFisNHtEnNpJIqBXXNSsP":{"chainKey":{"counter":6,"key":"l3ayi9YlIAMHyiF3smVoE6QjMcjwgs5AKR4XO9rVANk="},"chainType":1,"messageKeys":{}}},"pendingPreKey":{"signedKeyId":22,"baseKey":"BSTWHXxvyzjuIJDD2CqA+Fzd6Ux6OIGXnHOKBPA1+OZS","preKeyId":3022857}}},"version":"v1"}