{"_sessions":{"BZ3PZ9j0nsNF2LgHJDFToEtotsx4IyuCuHeXiDdVkvRo":{"registrationId":667991184,"currentRatchet":{"ephemeralKeyPair":{"pubKey":"BU6OwURFPD443TWrOgbPgAHouh6VieH4O0gLx3CnuWIT","privKey":"OEvOJKbCPnK2lugX77m6RDehPbcl+Ip9V1qxocNoVnA="},"lastRemoteEphemeralKey":"BYOOzOxSooPz/PRBCWXiBXyDostpemekINUNkGQJsrlO","previousCounter":0,"rootKey":"/IAvDXkCrcTRTOMQXV7r1RTi86l0KawphmmZXvi1zSc="},"indexInfo":{"baseKey":"BZ3PZ9j0nsNF2LgHJDFToEtotsx4IyuCuHeXiDdVkvRo","baseKeyType":1,"closed":-1,"used":1706967472778,"created":1706967472778,"remoteIdentityKey":"BYmVa1HDPeL7hqH2D2Y7KlimU7476i9DHVWm9FmwpMlF"},"_chains":{"BU6OwURFPD443TWrOgbPgAHouh6VieH4O0gLx3CnuWIT":{"chainKey":{"counter":6,"key":"1AkaWx95pyp0jGyybjldmx8FuTnpQvhvdf8gL7Wen7M="},"chainType":1,"messageKeys":{}}},"pendingPreKey":{"signedKeyId":5,"baseKey":"BZ3PZ9j0nsNF2LgHJDFToEtotsx4IyuCuHeXiDdVkvRo","preKeyId":11943926}}},"version":"v1"}