{"_sessions":{"Bei1Yo9CHM1CgedT3CJbNRcZERyHAJVAlOb54M0nq2Fu":{"registrationId":1797143136,"currentRatchet":{"ephemeralKeyPair":{"pubKey":"Bez3ZMGqkXOQN/JGjcDcybDLoCeunY3TTbCMez2KOJEM","privKey":"WK+XRS6pZVIRttRjGczSTT8Pj0s6Jwp91x0z3XjquX8="},"lastRemoteEphemeralKey":"BUPlCRsXiqS61xoZuGisOoChg3JzJAfX5ov7t4TyMikf","previousCounter":0,"rootKey":"0HdnPc9IU3tfwl/MGJ7Fr3KbI9cHV5MeeCtoIb5yIZ8="},"indexInfo":{"baseKey":"Bei1Yo9CHM1CgedT3CJbNRcZERyHAJVAlOb54M0nq2Fu","baseKeyType":1,"closed":-1,"used":1706967472880,"created":1706967472880,"remoteIdentityKey":"BYazZXt+qwuizOCGFGmgBaYPXE2tjw8niG/wMh1G5dxk"},"_chains":{"Bez3ZMGqkXOQN/JGjcDcybDLoCeunY3TTbCMez2KOJEM":{"chainKey":{"counter":6,"key":"wt35rrDUt1i8gdJ3z0ZJRVLLGeyKM1m2f2avGfdf8cU="},"chainType":1,"messageKeys":{}}},"pendingPreKey":{"signedKeyId":9,"baseKey":"Bei1Yo9CHM1CgedT3CJbNRcZERyHAJVAlOb54M0nq2Fu","preKeyId":14733880}}},"version":"v1"}