{"_sessions":{"Ba0r6ramg9cS8UdLNSiMCkd3+EK5ae29tdz15nXH0FRT":{"registrationId":1501110022,"currentRatchet":{"ephemeralKeyPair":{"pubKey":"Bfu9YH6biFyjqzRck5ae3o97m45JkxbzwCJYQUr9L18q","privKey":"4LW6y4UMn2DU0Lb9R3YIor1MTd+TBFWAmSgvFXijIm0="},"lastRemoteEphemeralKey":"BZ6LwvHjBly2V1oHB1hQBVAw67kWvqnDy/KXEORRcJ06","previousCounter":0,"rootKey":"yjcjQVXw4W/XaJ3ACORBd6aeCvKajus1WZ8D+RFFcaI="},"indexInfo":{"baseKey":"Ba0r6ramg9cS8UdLNSiMCkd3+EK5ae29tdz15nXH0FRT","baseKeyType":1,"closed":-1,"used":1706967473499,"created":1706967473499,"remoteIdentityKey":"BUceo5T5mXarMOTlczOyuO5K3KXNNlSptaTDxiRkiEwB"},"_chains":{"Bfu9YH6biFyjqzRck5ae3o97m45JkxbzwCJYQUr9L18q":{"chainKey":{"counter":6,"key":"5oHJTbRU/7LOlbGGtgd1WtWMcf3CHaZ1gTz4RuE7LvY="},"chainType":1,"messageKeys":{}}},"pendingPreKey":{"signedKeyId":14217755,"baseKey":"Ba0r6ramg9cS8UdLNSiMCkd3+EK5ae29tdz15nXH0FRT","preKeyId":6441}}},"version":"v1"}