{"_sessions":{"BQYetTUhnradl4rbduaqYS8bD5aARQdtgjnKGsZBMyZy":{"registrationId":176454890,"currentRatchet":{"ephemeralKeyPair":{"pubKey":"BRMWFAm4HWWfBruT7dUgX3yfshgSMkbjaCjikrQ893d4","privKey":"YGnlvGVvi+n1PoGjLcp0Z+x9ttst1Rj7wU25RbhGBFM="},"lastRemoteEphemeralKey":"BUIulMrg5yQpym4qBOWiyRQQxtIy/hJ0BFmzhVHJ8KsU","previousCounter":0,"rootKey":"TK+bzNvy0tHQlJHRPYMsDp23TNan49qr0MVPwYK/H3w="},"indexInfo":{"baseKey":"BQYetTUhnradl4rbduaqYS8bD5aARQdtgjnKGsZBMyZy","baseKeyType":1,"closed":-1,"used":1706967472595,"created":1706967472595,"remoteIdentityKey":"BW+v2QHaVIjrg29Ql0wEnEXJsWusCi0/vx6HtDQph49h"},"_chains":{"BRMWFAm4HWWfBruT7dUgX3yfshgSMkbjaCjikrQ893d4":{"chainKey":{"counter":6,"key":"V7flyQqK2h1wTfGE24VZshsVUcRAfZL6fcBxsVv2Sis="},"chainType":1,"messageKeys":{}}},"pendingPreKey":{"signedKeyId":7,"baseKey":"BQYetTUhnradl4rbduaqYS8bD5aARQdtgjnKGsZBMyZy","preKeyId":1998311}}},"version":"v1"}