{"_sessions":{"BZA+WcfHnXXTTE62pgfvFsbNcMTGwmtx0HVFj6KCTXgF":{"registrationId":7302,"currentRatchet":{"ephemeralKeyPair":{"pubKey":"BWsAAicFzX4NcRY89LJZSWcpu1NJujFswX7yE/xi0o8h","privKey":"KB5DgF03DvCsrvbJo9pxh0U6rCR6FjkBRht0iOTHgVg="},"lastRemoteEphemeralKey":"BVY8W5tnILFHRkQ/w5iozIt5JtlVdKZZgQMkrYEbEUEc","previousCounter":0,"rootKey":"7sMC2HH8g4lcpdXJKwX3w98+W3DTf6jIczXYBtScG0w="},"indexInfo":{"baseKey":"BZA+WcfHnXXTTE62pgfvFsbNcMTGwmtx0HVFj6KCTXgF","baseKeyType":1,"closed":-1,"used":1706967471595,"created":1706967471595,"remoteIdentityKey":"BfC+VQVDYeHJe7faR8ytvUAJb9RLsuHH1t5Lsa5St28x"},"_chains":{"BWsAAicFzX4NcRY89LJZSWcpu1NJujFswX7yE/xi0o8h":{"chainKey":{"counter":6,"key":"RPvkXbA3qXHaSzhdO/3zRV8gKurcyOzq0dOiFrNIfaU="},"chainType":1,"messageKeys":{}}},"pendingPreKey":{"signedKeyId":1,"baseKey":"BZA+WcfHnXXTTE62pgfvFsbNcMTGwmtx0HVFj6KCTXgF"}}},"version":"v1"}