{"_sessions":{"BfbH7XWEVnO6CgibVIlVINEtlDbfQjGRytiPsUftpx92":{"registrationId":1684132732,"currentRatchet":{"ephemeralKeyPair":{"pubKey":"BZnrGXp2QtzBTwf1Za/TXxIIoRGv/Tdgdunj5fQFlANC","privKey":"eL8hmEJuYbU4ITS9WBC0wdQ6lwFiPKZWA+ZQhNz9gVQ="},"lastRemoteEphemeralKey":"BbHHe++PrGkCZQvW/tOHiMly+kHIRwcsK9C3af7O9IBo","previousCounter":0,"rootKey":"DprA1eeLMUKPdaNnc8kSgsZv9ZIZDWkZySOHh2g7Bjk="},"indexInfo":{"baseKey":"BfbH7XWEVnO6CgibVIlVINEtlDbfQjGRytiPsUftpx92","baseKeyType":1,"closed":-1,"used":1706967473998,"created":1706967473998,"remoteIdentityKey":"BZFEAjZjUw7PAawaiKubGtYs/1Nle9XsI/3rFYstQIkG"},"_chains":{"BZnrGXp2QtzBTwf1Za/TXxIIoRGv/Tdgdunj5fQFlANC":{"chainKey":{"counter":6,"key":"z6P3pnlUiNrD9zN9hs7/s33g0Lwl/9uSzbWtGu3ASU8="},"chainType":1,"messageKeys":{}}},"pendingPreKey":{"signedKeyId":1,"baseKey":"BfbH7XWEVnO6CgibVIlVINEtlDbfQjGRytiPsUftpx92"}}},"version":"v1"}