{"_sessions":{"BaaDoettmkMeKorV66UFhtRX8Rksr0neI8LLM3Z3WkR5":{"registrationId":1988310265,"currentRatchet":{"ephemeralKeyPair":{"pubKey":"BQmueHedjZP1NBcBWBi9ZmEHKqXXFXdVHVKRKSvoU044","privKey":"mOEna7PUg/CuYztjnPGfwBQQBWOe20vmb6Y7M9brVWI="},"lastRemoteEphemeralKey":"BQxkefMsmL8pot9cOvMROoGXeTi+IpxVQq6amX8cECQ0","previousCounter":0,"rootKey":"WceqxspQ0k74FqGf+q0B7N351d6UwJD1tnKzQc5bOO4="},"indexInfo":{"baseKey":"BaaDoettmkMeKorV66UFhtRX8Rksr0neI8LLM3Z3WkR5","baseKeyType":1,"closed":-1,"used":1706967474163,"created":1706967474163,"remoteIdentityKey":"BTBKB9o/Gc8Fm4biE/ZovTUpO0H2JCIFO8IBp3bl+FMf"},"_chains":{"BQmueHedjZP1NBcBWBi9ZmEHKqXXFXdVHVKRKSvoU044":{"chainKey":{"counter":6,"key":"uPDlkO8zCQBcO4R+WV4Oj5MizBAPfn8BTx5d7VKANis="},"chainType":1,"messageKeys":{}}},"pendingPreKey":{"signedKeyId":0,"baseKey":"BaaDoettmkMeKorV66UFhtRX8Rksr0neI8LLM3Z3WkR5"}}},"version":"v1"}