{"_sessions":{"BcOmoabl/VD0f5GdyCzorUWGbYp9F1RK5DRJGIMyEXsA":{"registrationId":2017,"currentRatchet":{"ephemeralKeyPair":{"pubKey":"BRtqeJrRGzovCM3hsy20udnKn1tcDkRYfCa2FNoHMNNN","privKey":"OEQrlGvZu8mlcENY+DVS75GFpu5rvPzf2kpT/ErkYHU="},"lastRemoteEphemeralKey":"BaUCcIFWbJJspAoXX3lYlsWQKiZmjgzyGof20Hmshr8W","previousCounter":0,"rootKey":"jLnohUIXJNo+R3kMC+/i4WOi1ZaQ3jLI4VewCYXhm78="},"indexInfo":{"baseKey":"BcOmoabl/VD0f5GdyCzorUWGbYp9F1RK5DRJGIMyEXsA","baseKeyType":1,"closed":-1,"used":1706967471378,"created":1706967471378,"remoteIdentityKey":"BZcn44ubOYCNDei5QaY1I+IKluJEJHEOhzNwq1owvXIu"},"_chains":{"BRtqeJrRGzovCM3hsy20udnKn1tcDkRYfCa2FNoHMNNN":{"chainKey":{"counter":6,"key":"hb+WmsNFW/ih0bFATyRDsIroPcbNNuPtvjO4HAXbpQQ="},"chainType":1,"messageKeys":{}}},"pendingPreKey":{"signedKeyId":1,"baseKey":"BcOmoabl/VD0f5GdyCzorUWGbYp9F1RK5DRJGIMyEXsA"}}},"version":"v1"}