{"_sessions":{"BZctWXr/u+fevQMSUIQxRGmrGf6/haikBDN9XNupRXYJ":{"registrationId":364256506,"currentRatchet":{"ephemeralKeyPair":{"pubKey":"BXvBkaIx/rfTQPBJw+I2zZqteeN45b7zy+8heoZooBUY","privKey":"eMNUt8lj6u1303AWUThUf0cscjksa/5CbL/OiB0ILGk="},"lastRemoteEphemeralKey":"BXuOAaPf3GVayQiCL+MRYyMiOtZtFCItHJguV7tuAoAx","previousCounter":0,"rootKey":"AfcfbUgVq0SjHLyQTfLWDGo7dkZq1qIqNdcEcCj/lcs="},"indexInfo":{"baseKey":"BZctWXr/u+fevQMSUIQxRGmrGf6/haikBDN9XNupRXYJ","baseKeyType":1,"closed":-1,"used":1706967473636,"created":1706967473636,"remoteIdentityKey":"BTP9Pf8yrU0OhIrcrvFLSjmDm+C8K7mcju+47O050stE"},"_chains":{"BXvBkaIx/rfTQPBJw+I2zZqteeN45b7zy+8heoZooBUY":{"chainKey":{"counter":6,"key":"qwB+LBfnhoVzuoqKGpTTDUw1zF4Hkwi6jcWtlbsZ0vc="},"chainType":1,"messageKeys":{}}},"pendingPreKey":{"signedKeyId":2,"baseKey":"BZctWXr/u+fevQMSUIQxRGmrGf6/haikBDN9XNupRXYJ","preKeyId":6042745}}},"version":"v1"}