{"_sessions":{"BRkMCk/sHUwar1OUNbPU2sT0e8Rjf2gw/5IAOkn1HpB1":{"registrationId":1779047099,"currentRatchet":{"ephemeralKeyPair":{"pubKey":"BSw9O/8SvjQqB97IX4h5eE96M7npjR1HHzaoHF+f0mV0","privKey":"WE1D8VEjv+1yHwuvlA2/ofj9oSQcUld307X0vfLX214="},"lastRemoteEphemeralKey":"BbFFbBab2lnrtAxc092+H1CJoOlt2mkWHsEdLqQJYmNi","previousCounter":0,"rootKey":"BXCQ1aGqRxZLaK8eQIvICOzts78tSWp9Vq61E+D+PHM="},"indexInfo":{"baseKey":"BRkMCk/sHUwar1OUNbPU2sT0e8Rjf2gw/5IAOkn1HpB1","baseKeyType":1,"closed":-1,"used":1706967472673,"created":1706967472673,"remoteIdentityKey":"BSF+Rx16AzsOyB33gmq0uoi641fh2nsQKXOEu6NHn8Uc"},"_chains":{"BSw9O/8SvjQqB97IX4h5eE96M7npjR1HHzaoHF+f0mV0":{"chainKey":{"counter":6,"key":"a1PTcPGemG8bOUI/rr5tP3fmJvNesbjGVASXXFfqWiY="},"chainType":1,"messageKeys":{}}},"pendingPreKey":{"signedKeyId":7,"baseKey":"BRkMCk/sHUwar1OUNbPU2sT0e8Rjf2gw/5IAOkn1HpB1","preKeyId":1914804}}},"version":"v1"}