{"_sessions":{"Ba0CFh39uu+ATDXTfq4z0AwpY6iCxFObrH6ccS8FHfUG":{"registrationId":889814562,"currentRatchet":{"ephemeralKeyPair":{"pubKey":"BRTADg7zkxNf7wssNatgrgiI2fsIOwXZKZzyfdULS18f","privKey":"wDBOjer2of1/M5YBtSHip7Y5IVmGLkT7Kgb58WYEmXk="},"lastRemoteEphemeralKey":"BcMakqq/aotByEHsXC25dZbCmBEUzRW9S0IZu+RgtV0O","previousCounter":2,"rootKey":"qhE4oUWgqesaL/AQDgWpQwR4ImF/BstKt7Ux9UpXmdI="},"indexInfo":{"baseKey":"Ba0CFh39uu+ATDXTfq4z0AwpY6iCxFObrH6ccS8FHfUG","baseKeyType":1,"closed":-1,"used":1706967535631,"created":1706967473768,"remoteIdentityKey":"BXHbTjMe3aQHLZpgUdYMW8tAY4ipMK5EdbzZIguiqwZ+"},"_chains":{"BcMakqq/aotByEHsXC25dZbCmBEUzRW9S0IZu+RgtV0O":{"chainKey":{"counter":0,"key":"e3yE39zvkFWarWXjkZXLSmkyRlvaLSab/+eztaUMWMc="},"chainType":2,"messageKeys":{}},"BRTADg7zkxNf7wssNatgrgiI2fsIOwXZKZzyfdULS18f":{"chainKey":{"counter":3,"key":"DTpJlAvfTT6+TIsq/2HSRfU19fCSIWAamMWFdnfqf4I="},"chainType":1,"messageKeys":{}}}}},"version":"v1"}