{"_sessions":{"Ba1Axz84A93w50l/4j5vfBz19wbjlj8BLq2RE0qpkUkX":{"registrationId":379759353,"currentRatchet":{"ephemeralKeyPair":{"pubKey":"BZdBBanI8AK1NIrH/f1P0U9uWp/QhdreE4lfrGEqhsMP","privKey":"MJ49hCsojXQkZdbdqci7D+7H/vw+zbVzm3PSLxqsAXw="},"lastRemoteEphemeralKey":"Bfrn1n8RkBFkqf6gfqNZIM5xkJcWQiYLvPMQ3mUE/WY5","previousCounter":0,"rootKey":"tDqSgqtaJrMAJ36m5BAXZtd2RHBTkBfhkmdhKNYSC98="},"indexInfo":{"baseKey":"Ba1Axz84A93w50l/4j5vfBz19wbjlj8BLq2RE0qpkUkX","baseKeyType":1,"closed":-1,"used":1706967472157,"created":1706967472157,"remoteIdentityKey":"BYKG2jyvSmun34H6jQZoguA7jHjp5saKRuNl8l2rYNgW"},"_chains":{"BZdBBanI8AK1NIrH/f1P0U9uWp/QhdreE4lfrGEqhsMP":{"chainKey":{"counter":6,"key":"+7X+fLlBgmmQHynRKjR5Du02DLksSkgPRVDNyS2luhY="},"chainType":1,"messageKeys":{}}},"pendingPreKey":{"signedKeyId":2,"baseKey":"Ba1Axz84A93w50l/4j5vfBz19wbjlj8BLq2RE0qpkUkX","preKeyId":5042070}}},"version":"v1"}