{"_sessions":{"BcoPiWuq6yQcxd69JV0zhnSE7r43J7OZUDnCesqz1qIo":{"registrationId":1469276520,"currentRatchet":{"ephemeralKeyPair":{"pubKey":"BcAGpvcprWBXtg6DRSDQZiiDzeFryDfsXHl8kFkhZhMf","privKey":"mNZqEAhK7YFsyBi9Zi9FCRP5v284hzm960f1/fDTYG8="},"lastRemoteEphemeralKey":"BfX2ZplmOqqtZ5No+hIqJJPIwFOJqo+8zn7+vMLww+Y7","previousCounter":0,"rootKey":"LpcWOqkeb/rBzRhSuWszTMdlwZHCOVe0QGBcyHnt/dM="},"indexInfo":{"baseKey":"BcoPiWuq6yQcxd69JV0zhnSE7r43J7OZUDnCesqz1qIo","baseKeyType":1,"closed":-1,"used":1706967472927,"created":1706967472927,"remoteIdentityKey":"BX7fiK1pmjO/reBBGbGbQI7eRI9gJ595hJei1vjY/OVK"},"_chains":{"BcAGpvcprWBXtg6DRSDQZiiDzeFryDfsXHl8kFkhZhMf":{"chainKey":{"counter":6,"key":"tMn+Bdov1JdEmAk3THhUx8RWyGKYknAMWgQdqlkOy4A="},"chainType":1,"messageKeys":{}}},"pendingPreKey":{"signedKeyId":1,"baseKey":"BcoPiWuq6yQcxd69JV0zhnSE7r43J7OZUDnCesqz1qIo"}}},"version":"v1"}