{"_sessions":{"BTmAEth/I0mybMU/LRLz3ytVd88OluXIHMNTbQ9oXZ5J":{"registrationId":1999591362,"currentRatchet":{"ephemeralKeyPair":{"pubKey":"Ba7/lqOiy4PqBB5ABXTVayqtUeEFYpbPli6B32PBBgkO","privKey":"YMiCdlN7URr1sCIEwP5EK58R8UNjHNiE+Lsp0n9vzUQ="},"lastRemoteEphemeralKey":"Ba/m7pk5s1WskPtbbD4Cx8PzkSNR7X7hHEj2RDjA9SdI","previousCounter":0,"rootKey":"cRL7hS6FQqAwiPO3lYnEZz3YZdhhHT+2roLT+jRLkGU="},"indexInfo":{"baseKey":"BTmAEth/I0mybMU/LRLz3ytVd88OluXIHMNTbQ9oXZ5J","baseKeyType":1,"closed":-1,"used":1706967472059,"created":1706967472059,"remoteIdentityKey":"BaE7uQHGWHdjuDU77/dwoOeyRm6havZH0jMpmB4SrOUU"},"_chains":{"Ba7/lqOiy4PqBB5ABXTVayqtUeEFYpbPli6B32PBBgkO":{"chainKey":{"counter":6,"key":"WSpBhk2BFRZCDzBL3BmgXSnjUy4om2ENTt2wvmuAgXM="},"chainType":1,"messageKeys":{}}},"pendingPreKey":{"signedKeyId":1,"baseKey":"BTmAEth/I0mybMU/LRLz3ytVd88OluXIHMNTbQ9oXZ5J","preKeyId":9568148}}},"version":"v1"}