{"_sessions":{"BWrTGRuii7CLhSxNJHNbTd2avSSIJ8bD1C+bu/qqrA8H":{"registrationId":15623,"currentRatchet":{"ephemeralKeyPair":{"pubKey":"BcG4YQa1eQTGmQRFm9qbOvvC0K+uQhrJBR56jiRXkD1+","privKey":"2M6o0OylJAso+B9fdVRDyQMeDLQCCeMY0MHEJKuQ2GA="},"lastRemoteEphemeralKey":"BbsOEf59MFamdEa4cukRnIhJKO/kSd2ff3GAQkY9E7kb","previousCounter":0,"rootKey":"RyZjTfWnPeQm7d+Ju+zGDhEv8fjlF1gKC1X1Ea38Fzs="},"indexInfo":{"baseKey":"BWrTGRuii7CLhSxNJHNbTd2avSSIJ8bD1C+bu/qqrA8H","baseKeyType":1,"closed":-1,"used":1706967471631,"created":1706967471631,"remoteIdentityKey":"BfAbT4VPlI4jKM+im4xYh1FNB/PECBvc2HLNI0NxYshg"},"_chains":{"BcG4YQa1eQTGmQRFm9qbOvvC0K+uQhrJBR56jiRXkD1+":{"chainKey":{"counter":6,"key":"eaLKbE4/r8GsYPirAjOhxW2Cl6z1cZwsdUahMCOMVQY="},"chainType":1,"messageKeys":{}}},"pendingPreKey":{"signedKeyId":1,"baseKey":"BWrTGRuii7CLhSxNJHNbTd2avSSIJ8bD1C+bu/qqrA8H"}}},"version":"v1"}