{"_sessions":{"BYjXx9gMdSaJPvMxUHEOpfSRaVg4zHzALHiGPjCaDs1k":{"registrationId":3369,"currentRatchet":{"ephemeralKeyPair":{"pubKey":"BX7aEvJ177Iuj5AViBsbqGParbKXLHXWW6MOAiyVazxn","privKey":"YG6rgt8kjjYFJSZ80yACsXEtxhBGquUWIHfPDA4V2Uc="},"lastRemoteEphemeralKey":"BaTUsIDm+Py9k/O6El+jL/2Fl9K+JEGjMMQ9Ht0SoR1X","previousCounter":0,"rootKey":"Qk8fbFu/njRMiqpnE4R95giZNWqQ3VZ8+gswiLcGYsw="},"indexInfo":{"baseKey":"BYjXx9gMdSaJPvMxUHEOpfSRaVg4zHzALHiGPjCaDs1k","baseKeyType":1,"closed":-1,"used":1706967471649,"created":1706967471649,"remoteIdentityKey":"BbWyVFj0DeM7XMjEjfVrdSEDBbE8wVJrBMiQT7esjRkP"},"_chains":{"BX7aEvJ177Iuj5AViBsbqGParbKXLHXWW6MOAiyVazxn":{"chainKey":{"counter":6,"key":"MhtO/TW3M64sPDk0U0/PUeRIp/kVnoMQKX4aFPXWDEY="},"chainType":1,"messageKeys":{}}},"pendingPreKey":{"signedKeyId":1,"baseKey":"BYjXx9gMdSaJPvMxUHEOpfSRaVg4zHzALHiGPjCaDs1k"}}},"version":"v1"}