{"_sessions":{"BaKjeRbo6mmDrg45d7LCAtDFT938UvsvSeV4XSitueBa":{"registrationId":9204,"currentRatchet":{"ephemeralKeyPair":{"pubKey":"Be45XlAgYC4KfDHGdGusFLjHFZxCNeVD0q8eU2dwx2Nm","privKey":"qMA736Z7HbXJsM5KomG34haiUPcQxbYM+9cgYt6gBEI="},"lastRemoteEphemeralKey":"BYZAk4l9g8mhzPa5ny2vfCz4w403CLUcJxRftuhttpc6","previousCounter":0,"rootKey":"1ZeFLqLzpN3SiKell5n4TNznOQOVV/9d0k8jc5Sbcxs="},"indexInfo":{"baseKey":"BaKjeRbo6mmDrg45d7LCAtDFT938UvsvSeV4XSitueBa","baseKeyType":1,"closed":-1,"used":1706967471661,"created":1706967471661,"remoteIdentityKey":"BVYsRBUJjZY7nUqVAzfhW5OlJ8r4ZkRrgeRLRyr3nJoh"},"_chains":{"Be45XlAgYC4KfDHGdGusFLjHFZxCNeVD0q8eU2dwx2Nm":{"chainKey":{"counter":6,"key":"rKGZHx2bWFm2rv1eucTjO9UILMaQAzQLNJH7m1j61cw="},"chainType":1,"messageKeys":{}}},"pendingPreKey":{"signedKeyId":1,"baseKey":"BaKjeRbo6mmDrg45d7LCAtDFT938UvsvSeV4XSitueBa","preKeyId":1101}}},"version":"v1"}