{"_sessions":{"BWz1oyUgovnGUjjYk6Mkn6Zzu1IAz2hnVIYLsm/Vdqcw":{"registrationId":1494020845,"currentRatchet":{"ephemeralKeyPair":{"pubKey":"BU5WTyA1b2Cz7nTjVe+VubVmPdgG8u8bcngoeZSGPppA","privKey":"ePq/5Hud7IB3NzIW6DpsGSlGkgrYOaYp2ZXbHJg3q08="},"lastRemoteEphemeralKey":"BfYmgrpx0aoWYUw4AUgrxgNPJ+u2dMceISKVv4dWQ68S","previousCounter":0,"rootKey":"fIxNyLworKRHSwSWKVBo4ayKSKFCx8Z87vUVboGJJj8="},"indexInfo":{"baseKey":"BWz1oyUgovnGUjjYk6Mkn6Zzu1IAz2hnVIYLsm/Vdqcw","baseKeyType":1,"closed":-1,"used":1706967473170,"created":1706967473170,"remoteIdentityKey":"BTkyArtbUU0JLA6TmRurRe1Uz2VWFYn03K2XBAku4gQZ"},"_chains":{"BU5WTyA1b2Cz7nTjVe+VubVmPdgG8u8bcngoeZSGPppA":{"chainKey":{"counter":6,"key":"n9xsO5PWtuzzCfcmr7YgF/YyffC/22eS6kv6vFP5l/Q="},"chainType":1,"messageKeys":{}}},"pendingPreKey":{"signedKeyId":2,"baseKey":"BWz1oyUgovnGUjjYk6Mkn6Zzu1IAz2hnVIYLsm/Vdqcw","preKeyId":6395910}}},"version":"v1"}