{"_sessions":{"BU+RYiLFt3LynE0IS6MZH8QFKWpOGclPcXL8uDWVAFwW":{"registrationId":1173216355,"currentRatchet":{"ephemeralKeyPair":{"pubKey":"BTntTdrm6tIzIKUdlL+OAN0Sq4XGhNeIMeRTYJqIWVdr","privKey":"CI1JANlHODssruCe+uLpnKe6ynCYHqV+CGrY8KQDsGM="},"lastRemoteEphemeralKey":"Ban4DyI8R5p7aWF+oDCgbaW23TybLdaITMDBLDv1ttIE","previousCounter":0,"rootKey":"wznaiEo+5pCDRWsEGe65IT9o8Cxw/OflUWLco7iHFAw="},"indexInfo":{"baseKey":"BU+RYiLFt3LynE0IS6MZH8QFKWpOGclPcXL8uDWVAFwW","baseKeyType":1,"closed":-1,"used":1706967472162,"created":1706967472162,"remoteIdentityKey":"BUv+wexC2xKmPjJWNJETXX+3agWvuscXBusT1dFpFnRx"},"_chains":{"BTntTdrm6tIzIKUdlL+OAN0Sq4XGhNeIMeRTYJqIWVdr":{"chainKey":{"counter":6,"key":"pQtEiht5MCl8GOUVVi6sNqUCkK4sWKWxZ0/d+0ch+eY="},"chainType":1,"messageKeys":{}}},"pendingPreKey":{"signedKeyId":11,"baseKey":"BU+RYiLFt3LynE0IS6MZH8QFKWpOGclPcXL8uDWVAFwW","preKeyId":15780360}}},"version":"v1"}