{"_sessions":{"BYP7nY9yjyIjdCtWiUisCuuTtPI5U09cuCdragbL2oww":{"registrationId":704879636,"currentRatchet":{"ephemeralKeyPair":{"pubKey":"BXTtc9iCvAvNAePCmR841dRvyoM5ktd902/wop4t76c/","privKey":"KHS6zMayLl1G0spdMalukgKXYFZibg2ZyB6zp9M05mc="},"lastRemoteEphemeralKey":"BbyNFqeOhqyEs1ierjd4+LH09maDChOL4plSk99s3KBJ","previousCounter":0,"rootKey":"MXUpCKPvf2LyoTtc8jtlRBRjP1Pe3AitElyj7d9QB9s="},"indexInfo":{"baseKey":"BYP7nY9yjyIjdCtWiUisCuuTtPI5U09cuCdragbL2oww","baseKeyType":1,"closed":-1,"used":1706967471644,"created":1706967471644,"remoteIdentityKey":"Bax50AiVOF+MdHeqIra4Cib88JDpY2q+3A+OX2y2jxtf"},"_chains":{"BXTtc9iCvAvNAePCmR841dRvyoM5ktd902/wop4t76c/":{"chainKey":{"counter":6,"key":"Ea6S+vaHw50oeR2g9ieQSw/2SKeFfbQdVkDY+SIXdIM="},"chainType":1,"messageKeys":{}}},"pendingPreKey":{"signedKeyId":12,"baseKey":"BYP7nY9yjyIjdCtWiUisCuuTtPI5U09cuCdragbL2oww","preKeyId":16406398}}},"version":"v1"}