{"_sessions":{"BcMCIcalHEwltJhnAftzjCbH8GTnFEjjNJnjrqVJG4Uy":{"registrationId":664169201,"currentRatchet":{"ephemeralKeyPair":{"pubKey":"Bcxu5BDQ49c3qJfOxhnW/IoXxxfX+PNtH3d/b1p2c/pv","privKey":"yBrj4Ec3bWDYlG4f/WcdgmRAh5VKlG9SSKxMmq7AGXc="},"lastRemoteEphemeralKey":"Bdrsg2PlOSO/pAW957Coth0yxDf3roj52xOJG/uWWIV4","previousCounter":0,"rootKey":"orllbbbWdXOi2oxLW0ydmtSnZZ74DznIkr5LEofn000="},"indexInfo":{"baseKey":"BcMCIcalHEwltJhnAftzjCbH8GTnFEjjNJnjrqVJG4Uy","baseKeyType":1,"closed":-1,"used":1706967472440,"created":1706967472440,"remoteIdentityKey":"BbB6wdnpZBdCYH7h9RA6rVjPTGbb7Lwy9Oz6ePw8bDli"},"_chains":{"Bcxu5BDQ49c3qJfOxhnW/IoXxxfX+PNtH3d/b1p2c/pv":{"chainKey":{"counter":6,"key":"0UnOwnJ2vDttt57bmo7vhTxtiYdAP7v2ocS8cOBnvf8="},"chainType":1,"messageKeys":{}}},"pendingPreKey":{"signedKeyId":13,"baseKey":"BcMCIcalHEwltJhnAftzjCbH8GTnFEjjNJnjrqVJG4Uy","preKeyId":11803502}}},"version":"v1"}