{"_sessions":{"Ba4PQEj8snDDQqeKD2Z+vomdtXLj6SuZtMfHMDhu7btT":{"registrationId":69506669,"currentRatchet":{"ephemeralKeyPair":{"pubKey":"BZkZYiad4JzMgix5BqPL4E78Pdhhvnd/ZHVobl2exWJE","privKey":"EJHAkwP4dzBr6r8IJvC1spmHJUKQxLxEKrkCbh9jJlA="},"lastRemoteEphemeralKey":"BUADEzcqQluYbf7HqcpWCrbN0qYMUC/vH1exv3Gi7hgK","previousCounter":0,"rootKey":"8pYiCLQpoc83KLT1+dCIh3Vq2IhAhp1QeqmWW3TGHM0="},"indexInfo":{"baseKey":"Ba4PQEj8snDDQqeKD2Z+vomdtXLj6SuZtMfHMDhu7btT","baseKeyType":1,"closed":-1,"used":1706967472233,"created":1706967472233,"remoteIdentityKey":"BVsFwP4JU67C16mbyW8ZlaIIw7y46U6dxs2cH/hE7vE7"},"_chains":{"BZkZYiad4JzMgix5BqPL4E78Pdhhvnd/ZHVobl2exWJE":{"chainKey":{"counter":6,"key":"J8FpDPw5bFyq0W+ENS0A5vUd1FTlnbO5QG0x+Kyr1iM="},"chainType":1,"messageKeys":{}}},"pendingPreKey":{"signedKeyId":1,"baseKey":"Ba4PQEj8snDDQqeKD2Z+vomdtXLj6SuZtMfHMDhu7btT","preKeyId":3843832}}},"version":"v1"}