{"_sessions":{"BR9wmv9iBB8E9WY9iee3vxI3RKXqnsgh4Z9AMiMSYWIw":{"registrationId":57377386,"currentRatchet":{"ephemeralKeyPair":{"pubKey":"BXqgG4E2TrBODGxgVzP1KApmHMDr64owUahnh12GGJ5b","privKey":"OBd6qqsQhy0yIjldvMKGO42Lh7NRqEZ/wVrxqeXDvnQ="},"lastRemoteEphemeralKey":"BQOIWTitwn7YdZikqLHf/yy/ey/twhMWnWhVqWjV/PMh","previousCounter":0,"rootKey":"sCVpZdczZfFdPchNX1hibSpYg3f/8STa6nGQ3x4kn2o="},"indexInfo":{"baseKey":"BR9wmv9iBB8E9WY9iee3vxI3RKXqnsgh4Z9AMiMSYWIw","baseKeyType":1,"closed":-1,"used":1706967472851,"created":1706967472851,"remoteIdentityKey":"BaGVgL4MGcGtE+9sjPN6/Ce6tigdEpKKJHIvqT+wJhxx"},"_chains":{"BXqgG4E2TrBODGxgVzP1KApmHMDr64owUahnh12GGJ5b":{"chainKey":{"counter":6,"key":"Gt657d9bfr7eYfP9X6QAFpDgsOx0rxBxIpBjayibM84="},"chainType":1,"messageKeys":{}}},"pendingPreKey":{"signedKeyId":11,"baseKey":"BR9wmv9iBB8E9WY9iee3vxI3RKXqnsgh4Z9AMiMSYWIw","preKeyId":4350654}}},"version":"v1"}