{"_sessions":{"BZbIyM9Rn/fgwhAZn2kOFyUoq1f7weQnZlcUKtrFUf4C":{"registrationId":697681207,"currentRatchet":{"ephemeralKeyPair":{"pubKey":"BbfJlR8b3xbMc7WW//169crvaiSHLmP/TAUGmbs9PUg+","privKey":"AAkjRXUtbouBp+UWDEJ147p6aKRHBZxyjod2Js57ZVs="},"lastRemoteEphemeralKey":"BWvm7wB/0OG9R2W/ctlTvrLGUtVbk3PKavgcWBLL4cwR","previousCounter":0,"rootKey":"6hvca10WhfC2BFbQ94+khuK/Cveu2dstuu3a0ssE3TI="},"indexInfo":{"baseKey":"BZbIyM9Rn/fgwhAZn2kOFyUoq1f7weQnZlcUKtrFUf4C","baseKeyType":1,"closed":-1,"used":1706967472699,"created":1706967472699,"remoteIdentityKey":"BW6QIxRGVDFLs2drUcJk5tqVopulEIBAhv8/pgAqZTZq"},"_chains":{"BbfJlR8b3xbMc7WW//169crvaiSHLmP/TAUGmbs9PUg+":{"chainKey":{"counter":6,"key":"tBF28ab+qi6IDVRTYBXRx9qrxqZblAIbpbyNvU/nb+c="},"chainType":1,"messageKeys":{}}},"pendingPreKey":{"signedKeyId":4,"baseKey":"BZbIyM9Rn/fgwhAZn2kOFyUoq1f7weQnZlcUKtrFUf4C","preKeyId":11410224}}},"version":"v1"}