{"_sessions":{"BZcuOVLzho1e0Np07qJ2xcNrKQhxkKzeZGa0rxysLVtf":{"registrationId":997319285,"currentRatchet":{"ephemeralKeyPair":{"pubKey":"BdxmVTFGH4P3mRYTXUPtmX0207u1crHG+B8mQEIFJxQ2","privKey":"yJ3A6PubkkUzmwyUHy4VAV8OLZGseVzWfDm7Q9S0RFk="},"lastRemoteEphemeralKey":"Be12avrlDMGGVOcMrrH0H4NuqZAj4NgXryfoVe1ffPgE","previousCounter":0,"rootKey":"dDNSBhAKEbP+1xA1h1C+Ad4oetXLa2hXNDZ+Kei4yRk="},"indexInfo":{"baseKey":"BZcuOVLzho1e0Np07qJ2xcNrKQhxkKzeZGa0rxysLVtf","baseKeyType":1,"closed":-1,"used":1706967474043,"created":1706967474043,"remoteIdentityKey":"Bd6/FaxNiS72UYKjBMI1tMwlB7ftzomzBBacgwgA3vxJ"},"_chains":{"BdxmVTFGH4P3mRYTXUPtmX0207u1crHG+B8mQEIFJxQ2":{"chainKey":{"counter":6,"key":"IstIsTVzgeP+LRM4UlwTpgTuXPfZ2aYSUbJeJcl4emA="},"chainType":1,"messageKeys":{}}},"pendingPreKey":{"signedKeyId":1,"baseKey":"BZcuOVLzho1e0Np07qJ2xcNrKQhxkKzeZGa0rxysLVtf","preKeyId":11589632}}},"version":"v1"}