{"_sessions":{"BVgC/CvB9ZbHU/f8zZw2EXywJoKkT63B++v+/nUCfUg0":{"registrationId":1762370601,"currentRatchet":{"ephemeralKeyPair":{"pubKey":"BRB0caqHEAHuPOJyYSNG0AlUcaZy4W19FN5PDcJ/EOM+","privKey":"OOvLOg57RMf+tBZhv3MjX9FeGvBYZntWVAvRVQXyfUA="},"lastRemoteEphemeralKey":"BablWwGA5yu2a3+5kkrtqFAvOGX6zgjQBPCBbpWi9CoV","previousCounter":0,"rootKey":"xZP0H8lfOuFjsWlGuqBFaemBzo/lnQBvi7/IiKpv97A="},"indexInfo":{"baseKey":"BVgC/CvB9ZbHU/f8zZw2EXywJoKkT63B++v+/nUCfUg0","baseKeyType":1,"closed":-1,"used":1706967472484,"created":1706967472484,"remoteIdentityKey":"BQNqnHv4ggxHbIo2HXNIaEYR9itaV7H+RZvq5IORQHMn"},"_chains":{"BRB0caqHEAHuPOJyYSNG0AlUcaZy4W19FN5PDcJ/EOM+":{"chainKey":{"counter":6,"key":"ojy/Algju9ya55jcuDZlqkowAIx833alnaZ9GAKXRaE="},"chainType":1,"messageKeys":{}}},"pendingPreKey":{"signedKeyId":0,"baseKey":"BVgC/CvB9ZbHU/f8zZw2EXywJoKkT63B++v+/nUCfUg0","preKeyId":6968005}}},"version":"v1"}