{"_sessions":{"BVfcZ68dYNy5fFoLf4knKUsOWrdaH9gP1SU+aANVAKAE":{"registrationId":1709109155,"currentRatchet":{"ephemeralKeyPair":{"pubKey":"BSgKRIfsB9MO9yKc/akryaGn37a8VDALlNwFtOXeJckV","privKey":"6AWE61Sj0cbab+2/j7D7W97eEqCrmvmIw0ZNsMm9DmU="},"lastRemoteEphemeralKey":"Bd6vCiyR9awtI665UCPWv/MDlf6pj5R/lBfYs7bJIFxu","previousCounter":0,"rootKey":"DtVgeEH4Kyl2fRqX5ie6c8bnmrwfS71ZjnKjUgVpXQk="},"indexInfo":{"baseKey":"BVfcZ68dYNy5fFoLf4knKUsOWrdaH9gP1SU+aANVAKAE","baseKeyType":1,"closed":-1,"used":1706967471703,"created":1706967471703,"remoteIdentityKey":"BX3M2IOIXu5SPvA5SoPsyS6cU5D7J29Icp3v2egvnIoi"},"_chains":{"BSgKRIfsB9MO9yKc/akryaGn37a8VDALlNwFtOXeJckV":{"chainKey":{"counter":6,"key":"YmvW3xe9hAAqcKAx9mjYiqq32PP6cC+9hCroiO6XHBI="},"chainType":1,"messageKeys":{}}},"pendingPreKey":{"signedKeyId":3,"baseKey":"BVfcZ68dYNy5fFoLf4knKUsOWrdaH9gP1SU+aANVAKAE","preKeyId":2659694}}},"version":"v1"}