{"_sessions":{"BUCBEuWXSYthCRABdNZX/aJeWE5RSD8mJ+0WvmC4yJxW":{"registrationId":270523463,"currentRatchet":{"ephemeralKeyPair":{"pubKey":"BderqvXHffNFvKIpF0hM47Ed6mA98HruiiObEyqNfx0N","privKey":"kH9A1zZ229a+LRoCjtLU8t/YePbcTfJX/+ny+GToems="},"lastRemoteEphemeralKey":"BZsMje8K1ft+WOc/NCcY9Z/juOReqdWkvWnMBfM07zsp","previousCounter":0,"rootKey":"vTi6inUdwyPWv0ZdmHBTBgrzu6PtQ3KB3bLCtMBi3go="},"indexInfo":{"baseKey":"BUCBEuWXSYthCRABdNZX/aJeWE5RSD8mJ+0WvmC4yJxW","baseKeyType":1,"closed":-1,"used":1706967472939,"created":1706967472939,"remoteIdentityKey":"BZF3NK8QoKapJpEpVSYM0KtSbI5Irc58KrX7673kUy4r"},"_chains":{"BderqvXHffNFvKIpF0hM47Ed6mA98HruiiObEyqNfx0N":{"chainKey":{"counter":6,"key":"cvLaVywlGatlF73L55XXSmvf1n1N8wQUbO6M9cJpiPE="},"chainType":1,"messageKeys":{}}},"pendingPreKey":{"signedKeyId":17,"baseKey":"BUCBEuWXSYthCRABdNZX/aJeWE5RSD8mJ+0WvmC4yJxW","preKeyId":13927052}}},"version":"v1"}