{"_sessions":{"BeKfXuQ2u86O8O++z0mx/IjuohSfsj50kaaeLNlS3VIa":{"registrationId":1505509795,"currentRatchet":{"ephemeralKeyPair":{"pubKey":"BXAbJXZREMEhngpz3xIq+MZwT6mfVaq014tjNApX5j5A","privKey":"0FbWlaJmo5J5Td/SCxvdOqt4ZJzm/iHdNmC0+NXBu2U="},"lastRemoteEphemeralKey":"BTyBwg1syOSlu044uZXorzdc1vMVJcM9ey/Dm2wtuIp3","previousCounter":0,"rootKey":"R474rUitFZBWsoqQiCA09z6t71Or4kYamcHPvvI0GiQ="},"indexInfo":{"baseKey":"BeKfXuQ2u86O8O++z0mx/IjuohSfsj50kaaeLNlS3VIa","baseKeyType":1,"closed":-1,"used":1706967473714,"created":1706967473714,"remoteIdentityKey":"Bex83sRAkuj6VeFOTJmH+lepzmr0urS/aCxjkQ1ppzoT"},"_chains":{"BXAbJXZREMEhngpz3xIq+MZwT6mfVaq014tjNApX5j5A":{"chainKey":{"counter":6,"key":"Wq8OnOLoJh+EPGKU+VLl0T2VLx0EII5jU/1tp0ZR8U0="},"chainType":1,"messageKeys":{}}},"pendingPreKey":{"signedKeyId":4,"baseKey":"BeKfXuQ2u86O8O++z0mx/IjuohSfsj50kaaeLNlS3VIa","preKeyId":7699477}}},"version":"v1"}