{"_sessions":{"BaMXIIGanae3QaMJqCi+CVqnWNnmEWDuDXCglN+AINIS":{"registrationId":1859180874,"currentRatchet":{"ephemeralKeyPair":{"pubKey":"BUPIJV5x35ZDtvzk+6aDr25FET7PMiXf8Ofh7rK9T7Ag","privKey":"AGMaihm5Uapodqnjvr89m4Wr8K57gcS+Q3gsCrWH0GU="},"lastRemoteEphemeralKey":"BUJu/CA6gGi3XMz8IdV/p3TisOY9LDU5oqu6j84dhH0y","previousCounter":0,"rootKey":"57oMZ7z0U3ujOccnBM7g7lZx7VuH63oeNMJmd3OorDw="},"indexInfo":{"baseKey":"BaMXIIGanae3QaMJqCi+CVqnWNnmEWDuDXCglN+AINIS","baseKeyType":1,"closed":-1,"used":1706967472020,"created":1706967472020,"remoteIdentityKey":"BRxqPHDQZmmKa9JGllU2U/sFJc1yYChf4maphUrPyplG"},"_chains":{"BUPIJV5x35ZDtvzk+6aDr25FET7PMiXf8Ofh7rK9T7Ag":{"chainKey":{"counter":6,"key":"DBb6oW4GU7GzwQgOu3pvjYdbY9BzGHy/IEEuILiakgI="},"chainType":1,"messageKeys":{}}},"pendingPreKey":{"signedKeyId":3501259,"baseKey":"BaMXIIGanae3QaMJqCi+CVqnWNnmEWDuDXCglN+AINIS","preKeyId":5953}}},"version":"v1"}