{"_sessions":{"BWlBb1EIaG3/0T71jgpEWlj48T1uw3D8VsixdqO+C8Bm":{"registrationId":6083,"currentRatchet":{"ephemeralKeyPair":{"pubKey":"Bad6q9dbFawCRMveoAf8DqtD7C4DWSFFFea3MjMhZocg","privKey":"mC0QRTthX1on9yW+6Ane80/Onf0wyy8gBfMCUE9W9Gc="},"lastRemoteEphemeralKey":"BRxFKcRTsjrHWnk1Vt58qtHYK79ta1hES7OzG2D+Kgw0","previousCounter":0,"rootKey":"C3FbrbaCLizFH0gWo65ap70IBpes5zkyh2RtE6TeoNo="},"indexInfo":{"baseKey":"BWlBb1EIaG3/0T71jgpEWlj48T1uw3D8VsixdqO+C8Bm","baseKeyType":1,"closed":-1,"used":1706967471775,"created":1706967471775,"remoteIdentityKey":"BY57jrQtUfxaE9RKSmyc992Fw7zmkJG78kzOFqsRI9BV"},"_chains":{"Bad6q9dbFawCRMveoAf8DqtD7C4DWSFFFea3MjMhZocg":{"chainKey":{"counter":6,"key":"fLMxvUuxb5wfXy18mRphcQcDhs8b14iLxuFg/U3pQtg="},"chainType":1,"messageKeys":{}}},"pendingPreKey":{"signedKeyId":5,"baseKey":"BWlBb1EIaG3/0T71jgpEWlj48T1uw3D8VsixdqO+C8Bm","preKeyId":2410}}},"version":"v1"}