{"_sessions":{"BaT0/JaNBwt5WXP6VixyNu61WjuGrxo8NUWfzC+S6CZf":{"registrationId":15871,"currentRatchet":{"ephemeralKeyPair":{"pubKey":"BRvtDouahgVmus6H0I7jEfdeRN69XHfhZHyUrEBL5MEh","privKey":"GN8oQWnfgWpGh9YFcitQFAT9BcaDv7PCzDkY1XD5d0s="},"lastRemoteEphemeralKey":"BThDdFULEXTujNwAAKOSjhh7wO5TOcYkUZQwcTB4s/Bv","previousCounter":0,"rootKey":"QQwciFPBTf5NGQh1AqVdWn7SkOBSZpqYxlFRcB1l+aI="},"indexInfo":{"baseKey":"BaT0/JaNBwt5WXP6VixyNu61WjuGrxo8NUWfzC+S6CZf","baseKeyType":1,"closed":-1,"used":1706967471880,"created":1706967471880,"remoteIdentityKey":"BeVbXU9lctqzfo85ZGOAblZr20Q0xPitKeraDgXwe59A"},"_chains":{"BRvtDouahgVmus6H0I7jEfdeRN69XHfhZHyUrEBL5MEh":{"chainKey":{"counter":6,"key":"sL9RVqs4Laz72G1M0AGAvPTX9M+H2fTRGyVTvkqUZ/E="},"chainType":1,"messageKeys":{}}},"pendingPreKey":{"signedKeyId":1,"baseKey":"BaT0/JaNBwt5WXP6VixyNu61WjuGrxo8NUWfzC+S6CZf","preKeyId":5078}}},"version":"v1"}