{"_sessions":{"BZg93l3sQjgY+vfD3WOaSyd4+hYtM2JvYq0pSvvIL3UY":{"registrationId":124822147,"currentRatchet":{"ephemeralKeyPair":{"pubKey":"BXhnFVLPgi3pzHK58J2vwL0rgsASb1OhuQZQHIc5piZA","privKey":"kOxV4RkOjjQMbiSCWfR0cJHscP/RAQ+AXeAQ7juoT0o="},"lastRemoteEphemeralKey":"BfHAVqnWrSkWsBa74yiS/R3U2evJtxBMFI6K3xsCklF+","previousCounter":0,"rootKey":"lpr7eJU5ORv7N3rAaJpGdWCnKubHoTtgXHvZJ0EJBXg="},"indexInfo":{"baseKey":"BZg93l3sQjgY+vfD3WOaSyd4+hYtM2JvYq0pSvvIL3UY","baseKeyType":1,"closed":-1,"used":1706967472945,"created":1706967472945,"remoteIdentityKey":"BV54CjYlSpWUO1FDpbCe8SJ1/FUE2fxl+33zSPi+c8Qj"},"_chains":{"BXhnFVLPgi3pzHK58J2vwL0rgsASb1OhuQZQHIc5piZA":{"chainKey":{"counter":6,"key":"M5tPkmWPbz/KTie0Wk69Sw89eU3UbsffSRqYvnkRiuY="},"chainType":1,"messageKeys":{}}},"pendingPreKey":{"signedKeyId":1,"baseKey":"BZg93l3sQjgY+vfD3WOaSyd4+hYtM2JvYq0pSvvIL3UY","preKeyId":11454677}}},"version":"v1"}