{"_sessions":{"BeGFk05HveTtdlbLDV7WanqGE1b4PEQnjF0sysv/Of4e":{"registrationId":591587695,"currentRatchet":{"ephemeralKeyPair":{"pubKey":"BT0YGqbg5rsNxGfFnWXXDfRsLanrALRNWbm2BQJBb1EV","privKey":"WLkBl4dnSFIsRCal+DFvTw6cDAuSzlXLrkY3VYt5Xmw="},"lastRemoteEphemeralKey":"BYMdExrNH4/Y9qiExK0Yhb+AKyFFRYW6XXTPdgLje5ZZ","previousCounter":0,"rootKey":"lnQ53iCicnqjLYQedW0+Yj87sT5PHHV9sqNT0yy9TZc="},"indexInfo":{"baseKey":"BeGFk05HveTtdlbLDV7WanqGE1b4PEQnjF0sysv/Of4e","baseKeyType":1,"closed":-1,"used":1706967471559,"created":1706967471559,"remoteIdentityKey":"BSUKoHvNCpApDw70HfebZTYOqVOEbhoBtIWqXoV6qBU3"},"_chains":{"BT0YGqbg5rsNxGfFnWXXDfRsLanrALRNWbm2BQJBb1EV":{"chainKey":{"counter":6,"key":"u/yRW0k8Kc9e17mO9RmjEwnVXXXHPTMeVvUQPkBM2oQ="},"chainType":1,"messageKeys":{}}},"pendingPreKey":{"signedKeyId":1,"baseKey":"BeGFk05HveTtdlbLDV7WanqGE1b4PEQnjF0sysv/Of4e","preKeyId":11880380}}},"version":"v1"}