{"_sessions":{"BXaecaFMl/FZ8aj5L4xzc8HO8OXngLDKzyN16ruBQ7YX":{"registrationId":979641317,"currentRatchet":{"ephemeralKeyPair":{"pubKey":"Bc0j6oWiHl/Wn1zRobonoMYhx5SAQqcq4+iUUD0nStpD","privKey":"iKBgL1SJ5gpN2/3WTfVJTyrtEysvcyvQVtuEznFJ7WA="},"lastRemoteEphemeralKey":"BSQ+s40lDx6pG89s4yjtCtc+8NKrztZjlicBLzEPQ11k","previousCounter":0,"rootKey":"DNTY4FApJoOX21bs1XLRqeOjHhjNgeyaquoa8YXnK9w="},"indexInfo":{"baseKey":"BXaecaFMl/FZ8aj5L4xzc8HO8OXngLDKzyN16ruBQ7YX","baseKeyType":1,"closed":-1,"used":1706967471566,"created":1706967471566,"remoteIdentityKey":"BcPV0WqFtn2s866pav3yinuFTGHOsb0TtPpnRBWLcBVd"},"_chains":{"Bc0j6oWiHl/Wn1zRobonoMYhx5SAQqcq4+iUUD0nStpD":{"chainKey":{"counter":6,"key":"4yIG4wi+1mOgBz4i+Pn3UnO+bOYVz7aUGMlsOZ+nJZ4="},"chainType":1,"messageKeys":{}}},"pendingPreKey":{"signedKeyId":4,"baseKey":"BXaecaFMl/FZ8aj5L4xzc8HO8OXngLDKzyN16ruBQ7YX","preKeyId":2631450}}},"version":"v1"}