{"_sessions":{"BRLGTQoRL8u9DivhPikdfaGGtRec2iL8/l5IvGmq8aka":{"registrationId":1093556858,"currentRatchet":{"ephemeralKeyPair":{"pubKey":"BTAMJfGeuroOHKJ5xgebYQoEGuv6m9qXVRbHjmrdh28s","privKey":"8AEkABtz7zfNiHw2HZjwxaCUg/valI5vZuCeIbPA1WI="},"lastRemoteEphemeralKey":"BanYs2yGz1EZui2wwxpRIC4abde1+eksZHIZyPV4OHA1","previousCounter":0,"rootKey":"uD3PvSF1ObCayFmdfiq+e8v30I2My+smLah6Hr9DNig="},"indexInfo":{"baseKey":"BRLGTQoRL8u9DivhPikdfaGGtRec2iL8/l5IvGmq8aka","baseKeyType":1,"closed":-1,"used":1706967472713,"created":1706967472713,"remoteIdentityKey":"BQWco47frhIw6RM81OVbQL7IDY2KSWXItS4vTgv7bDx2"},"_chains":{"BTAMJfGeuroOHKJ5xgebYQoEGuv6m9qXVRbHjmrdh28s":{"chainKey":{"counter":6,"key":"rBBk04no14tz2PBYGIw0bn9l3QJry5fLhjzlVnsHdw4="},"chainType":1,"messageKeys":{}}},"pendingPreKey":{"signedKeyId":1,"baseKey":"BRLGTQoRL8u9DivhPikdfaGGtRec2iL8/l5IvGmq8aka","preKeyId":8902745}}},"version":"v1"}