{"_sessions":{"Bdb9Ff41Pn0QRySGhichxDOaH3WCO66CXxj4/rOpRAtL":{"registrationId":1773956516,"currentRatchet":{"ephemeralKeyPair":{"pubKey":"BZCu8024yFVHO1hV9FROJHV8NAvNxCLXBVu0EmIq1qYi","privKey":"2HaQjZWbcrYgyhul153wxPqgaaLJvHIVmBhAdHicl04="},"lastRemoteEphemeralKey":"BWrenS18eAxc3DVcA7VxsgM5KozTpckc4Eu3mO3DxRBK","previousCounter":0,"rootKey":"RlH4/nJ1mKvZWtJbslUKaMP+UvG0CFDH+r90e1VlxxQ="},"indexInfo":{"baseKey":"Bdb9Ff41Pn0QRySGhichxDOaH3WCO66CXxj4/rOpRAtL","baseKeyType":1,"closed":-1,"used":1706967472132,"created":1706967472132,"remoteIdentityKey":"BeCasW+sEQmY1v0rwpdDU5uAP/DmcezIRJI8daiHuXN0"},"_chains":{"BZCu8024yFVHO1hV9FROJHV8NAvNxCLXBVu0EmIq1qYi":{"chainKey":{"counter":6,"key":"dkYPNx2xqbBe1dvZeUvKjc37WbTdoZKGsH2EpD38U8g="},"chainType":1,"messageKeys":{}}},"pendingPreKey":{"signedKeyId":2,"baseKey":"Bdb9Ff41Pn0QRySGhichxDOaH3WCO66CXxj4/rOpRAtL","preKeyId":7955597}}},"version":"v1"}