{"_sessions":{"BT0O4+p1aCSgHQgg90OuOlvpGEdD1swdDjRY3klmK2VG":{"registrationId":1311878260,"currentRatchet":{"ephemeralKeyPair":{"pubKey":"BdyUGbeJmzJ5IcNOsopV+Lzwscssr7oeif/UkIcvntRe","privKey":"8PjJVF9BzVlrg7YjCpy+dPoAWEHJLAzzNLWP6syeG0o="},"lastRemoteEphemeralKey":"BSyG00OgPtRJ9NPcDiRclPDXp4emD/vqSdOHSZwFh0MT","previousCounter":0,"rootKey":"7449jakUsU7yG0Z55y1X3Qn1CYGgsusEheJHkGwhLpA="},"indexInfo":{"baseKey":"BT0O4+p1aCSgHQgg90OuOlvpGEdD1swdDjRY3klmK2VG","baseKeyType":1,"closed":-1,"used":1706967473469,"created":1706967473469,"remoteIdentityKey":"BabS47Sl+W21hPepqKDAayef9+CklD9MTeDT/2Ik7Ak6"},"_chains":{"BdyUGbeJmzJ5IcNOsopV+Lzwscssr7oeif/UkIcvntRe":{"chainKey":{"counter":6,"key":"aa2LTsC5bGf4XtGEYDfDW1UH5rWPO6nVv9A9UzIcVoU="},"chainType":1,"messageKeys":{}}},"pendingPreKey":{"signedKeyId":0,"baseKey":"BT0O4+p1aCSgHQgg90OuOlvpGEdD1swdDjRY3klmK2VG","preKeyId":13467934}}},"version":"v1"}