{"_sessions":{"BYzz0xU4pKwH+6jwTbooFAoh3vWgM0iNoyqgDpAwDIdz":{"registrationId":13184,"currentRatchet":{"ephemeralKeyPair":{"pubKey":"BV5Qf2lgYM0tz0cb/G88qWTYq/g9bytgIZpnpcChaQsC","privKey":"QJnc0Nbd8uPm8bqgIbR7NKN4VkaYbT0oAizpqtkuHUU="},"lastRemoteEphemeralKey":"BYkiN6BsW87Who3FGM34HC04EyEb9g1sY4lqfh0gTO5+","previousCounter":0,"rootKey":"YZpsRlohFZjIbs12OEw/9+PIqtA+jpIQ1XYxzZa8Aps="},"indexInfo":{"baseKey":"BYzz0xU4pKwH+6jwTbooFAoh3vWgM0iNoyqgDpAwDIdz","baseKeyType":1,"closed":-1,"used":1706967471492,"created":1706967471492,"remoteIdentityKey":"BbZKOire9/AXZWZ9iv8yjGtpyz/ypUgF4eWj2RtpaYZJ"},"_chains":{"BV5Qf2lgYM0tz0cb/G88qWTYq/g9bytgIZpnpcChaQsC":{"chainKey":{"counter":6,"key":"Py6OS3EQobU1qLWNFv99VcPncCdYAYHsFFyx6vou0t4="},"chainType":1,"messageKeys":{}}},"pendingPreKey":{"signedKeyId":1,"baseKey":"BYzz0xU4pKwH+6jwTbooFAoh3vWgM0iNoyqgDpAwDIdz"}}},"version":"v1"}