{"_sessions":{"Bdv1XkovG+LdjrylfwBNoHjL1rxdt9hwJgszqL0vH+FH":{"registrationId":1949211263,"currentRatchet":{"ephemeralKeyPair":{"pubKey":"BdPwjtrN7gYQyc7w/wcl+k0LVnW/rILxaznTnB3fsTFT","privKey":"SLEWJWRxZecJsVJ0B6d14qF3/+wZLV2hYBXiLWukkFA="},"lastRemoteEphemeralKey":"BYsuzVVMqvnQrAeoY/rq/HG8UdxSysJRnqLHyLsAQCxu","previousCounter":0,"rootKey":"GyWAcdyHGYrmPAorBO40kGSMs093ymYha3aDkA+fAo0="},"indexInfo":{"baseKey":"Bdv1XkovG+LdjrylfwBNoHjL1rxdt9hwJgszqL0vH+FH","baseKeyType":1,"closed":-1,"used":1706967473762,"created":1706967473762,"remoteIdentityKey":"BfGfYCbbfdGPFKf7fZseNlg8xOT0n93QIm/EPjQLlyYQ"},"_chains":{"BdPwjtrN7gYQyc7w/wcl+k0LVnW/rILxaznTnB3fsTFT":{"chainKey":{"counter":6,"key":"SUewDDNn4nx6UyHNbQRAVb7B9YC06Mg5dZDKN5f7RAw="},"chainType":1,"messageKeys":{}}},"pendingPreKey":{"signedKeyId":1,"baseKey":"Bdv1XkovG+LdjrylfwBNoHjL1rxdt9hwJgszqL0vH+FH","preKeyId":3321797}}},"version":"v1"}