{"_sessions":{"BVHgPBDm7C2OAuiYWMTsqq+rJ/I2YLdcHf7hHaCN+6Yx":{"registrationId":922040683,"currentRatchet":{"ephemeralKeyPair":{"pubKey":"BfstDQYC4aPMfAB/lZiFCo9e7p70N+LMDDKIBnzOefxP","privKey":"WIRNNfrp4kP0eymUhZwT8JrIRKKAQO9wwwUC3nGMZEc="},"lastRemoteEphemeralKey":"Bc3uD+3Lfj77BJt3Tioujh0H8SWQM5LNd5kiIuR6lls5","previousCounter":0,"rootKey":"xWeO4fEiK1tWMNX9omKpoLOPYoNIu3hQLaTrP/rXD1g="},"indexInfo":{"baseKey":"BVHgPBDm7C2OAuiYWMTsqq+rJ/I2YLdcHf7hHaCN+6Yx","baseKeyType":1,"closed":-1,"used":1706967472101,"created":1706967472101,"remoteIdentityKey":"BbPKAuVMZ3yyV4YcMin8T5sv0wgn88An3GDex6mCoggV"},"_chains":{"BfstDQYC4aPMfAB/lZiFCo9e7p70N+LMDDKIBnzOefxP":{"chainKey":{"counter":6,"key":"xm6KZA5YZ4iX10W8kX4kOqL3s6oy3JyvHtdkWP3YfGw="},"chainType":1,"messageKeys":{}}},"pendingPreKey":{"signedKeyId":15,"baseKey":"BVHgPBDm7C2OAuiYWMTsqq+rJ/I2YLdcHf7hHaCN+6Yx","preKeyId":14096985}}},"version":"v1"}