{"_sessions":{"Bbwgq9vJMq62rLqDsvCm626dd7L3t7MSX6A2CNySTaEa":{"registrationId":44963176,"currentRatchet":{"ephemeralKeyPair":{"pubKey":"BbuFAnq0/Tunb1jLZWx+vpO70/EOslI3gMzf/GsbY24n","privKey":"UAESdoJWAJPqz3BEDubZj/phdU1ybYJnOwgt+fv+rEM="},"lastRemoteEphemeralKey":"BbP6v7FfWMBmuq8QrsK4RqlZidaPgD8dh/Bnmg58dGMj","previousCounter":0,"rootKey":"jSUS9LLH5o7IxSlotjc2OOKO6mlJtZyry7RRFBZ1lBQ="},"indexInfo":{"baseKey":"Bbwgq9vJMq62rLqDsvCm626dd7L3t7MSX6A2CNySTaEa","baseKeyType":1,"closed":-1,"used":1706967472173,"created":1706967472173,"remoteIdentityKey":"Bc0SSzCocN/YEqp0s1f+vHIISyqwQqj/VZB8ZJGuuHl+"},"_chains":{"BbuFAnq0/Tunb1jLZWx+vpO70/EOslI3gMzf/GsbY24n":{"chainKey":{"counter":6,"key":"UJbglEB1QOauyrgEl4dBDn4K+y/6P14IhbvJq7rVPrM="},"chainType":1,"messageKeys":{}}},"pendingPreKey":{"signedKeyId":8,"baseKey":"Bbwgq9vJMq62rLqDsvCm626dd7L3t7MSX6A2CNySTaEa","preKeyId":5573798}}},"version":"v1"}