{"_sessions":{"BWicHH89WjDYgu9GwCSGKQIkcXQLgbp15JeDUB5Mfg14":{"registrationId":637657938,"currentRatchet":{"ephemeralKeyPair":{"pubKey":"BQ7MXQ3CfYSQ6zp/9/cOmyRCvyFfJ1lgSF07os/AvysP","privKey":"OJyaDKlgM4kSqy63lzrtPesbEwS+4JrKl/AoRWkW1VQ="},"lastRemoteEphemeralKey":"BS9LHSk7qfDTWfe5ZrEKEyNT76l41+9z+axH/Rw9LMVI","previousCounter":0,"rootKey":"8W14v4xUslBtq1NWotzm41KAdVKfAwIbjfa1CP2t39o="},"indexInfo":{"baseKey":"BWicHH89WjDYgu9GwCSGKQIkcXQLgbp15JeDUB5Mfg14","baseKeyType":1,"closed":-1,"used":1706967473719,"created":1706967473719,"remoteIdentityKey":"BQ/PH1HnpCG5O8pdsUDVdK99BDYzN72K0ap8sDXT8Fsn"},"_chains":{"BQ7MXQ3CfYSQ6zp/9/cOmyRCvyFfJ1lgSF07os/AvysP":{"chainKey":{"counter":6,"key":"N5d0Fm73MCeAomhaxBQ/DBkNMfDgMO4AiLXfWjRLd9A="},"chainType":1,"messageKeys":{}}},"pendingPreKey":{"signedKeyId":1,"baseKey":"BWicHH89WjDYgu9GwCSGKQIkcXQLgbp15JeDUB5Mfg14","preKeyId":9653198}}},"version":"v1"}