{"_sessions":{"BcNChpZ40kS+S0eZnyh3Vph8g/N6JwFyosT7msTlMRVL":{"registrationId":556299257,"currentRatchet":{"ephemeralKeyPair":{"pubKey":"BQSvr7l+ZrkijqLn7HdGhWBkl2fI8lP4dLCTw5JxwUpg","privKey":"kAVx7ew3lmngrl/ftT1RJ2KUcEkj9hoADToi983PkVQ="},"lastRemoteEphemeralKey":"BbAmdeGHqCzoOmAIyPtQ8Z8kvaZyU2VzMJ1+fafcxX4R","previousCounter":0,"rootKey":"6dGTbE5nL2jKEplsmF2TlotNlFv3RNgyFIIV+il/c2Y="},"indexInfo":{"baseKey":"BcNChpZ40kS+S0eZnyh3Vph8g/N6JwFyosT7msTlMRVL","baseKeyType":1,"closed":-1,"used":1706967473707,"created":1706967473707,"remoteIdentityKey":"BXIhDg9HV9vYbVPPNb8hn0awIsIO706ausBeDKBn1wth"},"_chains":{"BQSvr7l+ZrkijqLn7HdGhWBkl2fI8lP4dLCTw5JxwUpg":{"chainKey":{"counter":6,"key":"XLbvsYKo8K+UfsTF4NeId5hUSD7X4dP2N0Nf5jcXld4="},"chainType":1,"messageKeys":{}}},"pendingPreKey":{"signedKeyId":7,"baseKey":"BcNChpZ40kS+S0eZnyh3Vph8g/N6JwFyosT7msTlMRVL","preKeyId":3366649}}},"version":"v1"}