{"_sessions":{"BZ6H8zFsryPnpqrDWDLgAFcwQ8kepXw+wFwZU0fQwXYo":{"registrationId":495937174,"currentRatchet":{"ephemeralKeyPair":{"pubKey":"BbCO5nb32XrnkheeMrS2e1nOY1M3cJIobekatVHrta9a","privKey":"0LQjF+LbJ7JPgVZfI02lVtY5nXUDXgBS3s4vJQ+6M1s="},"lastRemoteEphemeralKey":"BecfgsXCPTnvpkdsTM1SPLUHdlKxxIAThFaNlm/7of0G","previousCounter":0,"rootKey":"kGmjNyWy0ueTjMgO2eXjh+BpDrD8MfgSjGijTrE/M8w="},"indexInfo":{"baseKey":"BZ6H8zFsryPnpqrDWDLgAFcwQ8kepXw+wFwZU0fQwXYo","baseKeyType":1,"closed":-1,"used":1706967472228,"created":1706967472228,"remoteIdentityKey":"BZjdmxcCSO81hRORczt1AeWEpNoD3TRBotVkyHXOPxYa"},"_chains":{"BbCO5nb32XrnkheeMrS2e1nOY1M3cJIobekatVHrta9a":{"chainKey":{"counter":6,"key":"hAQpUVgdU1hOCEdC3fqlh3tpNRXBKtV6CGnub3awmag="},"chainType":1,"messageKeys":{}}},"pendingPreKey":{"signedKeyId":13,"baseKey":"BZ6H8zFsryPnpqrDWDLgAFcwQ8kepXw+wFwZU0fQwXYo","preKeyId":13409782}}},"version":"v1"}