{"_sessions":{"BXaAt9KWbMX/vDvPP37h35aZ7O0cnJaO+KOP6Mx8VKhu":{"registrationId":1983004260,"currentRatchet":{"ephemeralKeyPair":{"pubKey":"BSuLvM257SDcBjYzYksWT39dSfIT8vcs2cDIZfXL2Shc","privKey":"8CkxMROJgC8rBN/x7FRa3JtHw7Z18qJsw8irmEJ6R0U="},"lastRemoteEphemeralKey":"BQynwEGV5nwMfH+uQONMrfa5aFSlBEUnA5B91z0KSQI4","previousCounter":0,"rootKey":"Fj5FhRvUBB5AVzw3HcReal9GNNIbVtt7vOTflgU58js="},"indexInfo":{"baseKey":"BXaAt9KWbMX/vDvPP37h35aZ7O0cnJaO+KOP6Mx8VKhu","baseKeyType":1,"closed":-1,"used":1706967473480,"created":1706967473480,"remoteIdentityKey":"BWbmCWPYmxRs983O9M7gSZRTzyXKi4tyxe7FvA9Igzt2"},"_chains":{"BSuLvM257SDcBjYzYksWT39dSfIT8vcs2cDIZfXL2Shc":{"chainKey":{"counter":6,"key":"gOX5H7aekxV3YA5JmZsmy4198DslfA8ZION5CAjoLBc="},"chainType":1,"messageKeys":{}}},"pendingPreKey":{"signedKeyId":1,"baseKey":"BXaAt9KWbMX/vDvPP37h35aZ7O0cnJaO+KOP6Mx8VKhu","preKeyId":6260097}}},"version":"v1"}