{"_sessions":{"BSbO6p4t6a8EcMl3Kq9upEFtCWPIZKwh5vNo5Lc/ielg":{"registrationId":131948344,"currentRatchet":{"ephemeralKeyPair":{"pubKey":"BcO0HdI4z4L6k1aoCnCb4Lh1Wa5/vstPT3B5s73ZQNkW","privKey":"INexKjJYEgp+G+VWV5GlXhv3pmkpOyj0UE6WWwJ2j14="},"lastRemoteEphemeralKey":"BReUxzbE2iKm0NvEocpj7/PAQsF6OwKJE9RmnTlLWj1V","previousCounter":0,"rootKey":"sLVhvu7zpShySWLR0EydfkO8+slWykkOwHMa7Gr5wcc="},"indexInfo":{"baseKey":"BSbO6p4t6a8EcMl3Kq9upEFtCWPIZKwh5vNo5Lc/ielg","baseKeyType":1,"closed":-1,"used":1706967473946,"created":1706967473946,"remoteIdentityKey":"BdvB17Sl7XAetwT3eKIPxuj+5vVqaYC/9OmtGawYrftK"},"_chains":{"BcO0HdI4z4L6k1aoCnCb4Lh1Wa5/vstPT3B5s73ZQNkW":{"chainKey":{"counter":6,"key":"Kuk6byB4ueLyM3rbIEgbQ1mvmHZb54ni85f8tbB9ZDk="},"chainType":1,"messageKeys":{}}},"pendingPreKey":{"signedKeyId":30,"baseKey":"BSbO6p4t6a8EcMl3Kq9upEFtCWPIZKwh5vNo5Lc/ielg","preKeyId":8668758}}},"version":"v1"}