{"_sessions":{"BRODqXY/p8peo+PRsSizUVOckgOpZXyTq5BXXpoCNJ1N":{"registrationId":172,"currentRatchet":{"ephemeralKeyPair":{"pubKey":"BblAsRuSsPfTEQqKXTJKi0X+UN+U8nB8oX0ov8BcKiFn","privKey":"6CxopaduE85A+V4txwdID5GrVL+3rfotZDqO/mbF0Uo="},"lastRemoteEphemeralKey":"BV48r02UajdbaWLAUh6+Ul9idPtrh0by+XBBfLPiz183","previousCounter":0,"rootKey":"gKkHH/NDblkDEB26yjZ+zScmXFEqPaauY04wSSYG+ZU="},"indexInfo":{"baseKey":"BRODqXY/p8peo+PRsSizUVOckgOpZXyTq5BXXpoCNJ1N","baseKeyType":1,"closed":-1,"used":1706967471409,"created":1706967471409,"remoteIdentityKey":"BXAcKKzl/MxdjKH7KxzXaI2toNqdxsTyzo8wviri8qkJ"},"_chains":{"BblAsRuSsPfTEQqKXTJKi0X+UN+U8nB8oX0ov8BcKiFn":{"chainKey":{"counter":6,"key":"Wm3EBHoSGLWFWT919QiQqyCNRh2gl0yk8k3tFs13T1I="},"chainType":1,"messageKeys":{}}},"pendingPreKey":{"signedKeyId":1,"baseKey":"BRODqXY/p8peo+PRsSizUVOckgOpZXyTq5BXXpoCNJ1N"}}},"version":"v1"}