{"_sessions":{"BaZmKEqHbXeyYBak0zVVxLRShateAsxH8B6wqALKvUVh":{"registrationId":1650,"currentRatchet":{"ephemeralKeyPair":{"pubKey":"BYRD11jNyKScLFTLANKhrYHY8/YbD1TXgcWNGU2EfeR1","privKey":"cBIHyNYrRkGVWtCATXpuR7xhYsVk8vHaomgTkr8yhnI="},"lastRemoteEphemeralKey":"BY6a+VOgBQ7+AXssGA+qMBDY85MX/Uv1JKL98u0nDHJS","previousCounter":0,"rootKey":"2jWO02uhRLaQwys7V5VqZzgMCQAiRHkvdlW47CWnwmQ="},"indexInfo":{"baseKey":"BaZmKEqHbXeyYBak0zVVxLRShateAsxH8B6wqALKvUVh","baseKeyType":1,"closed":-1,"used":1706967471875,"created":1706967471875,"remoteIdentityKey":"BQxaV7ETDRgahZJndwQyIkgLko8ZfWWsxeZLlaAfmwIx"},"_chains":{"BYRD11jNyKScLFTLANKhrYHY8/YbD1TXgcWNGU2EfeR1":{"chainKey":{"counter":6,"key":"fNp6bvjdZ2GS6q5aV2B177Rg1AfAbm3KaQ4iCWPvaow="},"chainType":1,"messageKeys":{}}},"pendingPreKey":{"signedKeyId":1,"baseKey":"BaZmKEqHbXeyYBak0zVVxLRShateAsxH8B6wqALKvUVh"}}},"version":"v1"}