{"_sessions":{"BXDH9SQMhsZnuQB6FNJmkxSrq/2aslfGtuLZy939ofMO":{"registrationId":681597800,"currentRatchet":{"ephemeralKeyPair":{"pubKey":"BSN/eiMWT8tq/Vm5m6GUBfoDbtNDKLZJXqL5I8CjoXt0","privKey":"UMC5Coq8xerz953QWXltqBvX1+8L22+4mrrfSErKfE4="},"lastRemoteEphemeralKey":"BYEoEQBwDjbPhrtRAx/B/J4m0orhSyFZ4sODpXr4cC0u","previousCounter":0,"rootKey":"MeJs95VMEhitb9MlLzWIqcd1rQtYduiwcjtb/oXkiWY="},"indexInfo":{"baseKey":"BXDH9SQMhsZnuQB6FNJmkxSrq/2aslfGtuLZy939ofMO","baseKeyType":1,"closed":-1,"used":1706967473741,"created":1706967473741,"remoteIdentityKey":"BehFf3LZYL57i7GHO6Dv7ISjEFMdlzDitrTbry9VHUgi"},"_chains":{"BSN/eiMWT8tq/Vm5m6GUBfoDbtNDKLZJXqL5I8CjoXt0":{"chainKey":{"counter":6,"key":"x1QCBNOFcvvffxveUJejnj1P3YtCKa1+vv45j6/URX8="},"chainType":1,"messageKeys":{}}},"pendingPreKey":{"signedKeyId":6267107,"baseKey":"BXDH9SQMhsZnuQB6FNJmkxSrq/2aslfGtuLZy939ofMO","preKeyId":1368}}},"version":"v1"}