{"_sessions":{"BUVDGWalZgj1V+LTsrUWlXmpnFheHqAnSYtJfsX5r3tX":{"registrationId":2083701624,"currentRatchet":{"ephemeralKeyPair":{"pubKey":"BYGcfqSxK8pSSsks8eBuPRD3bYl+w6Z/3ynWxbFzk2MB","privKey":"gBQlfWy1ZN9zisyYndHVV+Mo9qKIH9HJnk7rZCcDwWM="},"lastRemoteEphemeralKey":"BYg87zdRpTLThZaIdYARilS9GOZ9tz1JZ/zxdZVkvUsY","previousCounter":0,"rootKey":"4n1m6yYaVnDhVOajPaYV533l8I6PrPwiuI+o+IefBKI="},"indexInfo":{"baseKey":"BUVDGWalZgj1V+LTsrUWlXmpnFheHqAnSYtJfsX5r3tX","baseKeyType":1,"closed":-1,"used":1706967472083,"created":1706967472083,"remoteIdentityKey":"BfQxzACe4AkgkExTYFdyWMm5pCtZLwuLDru6WGBSLrRx"},"_chains":{"BYGcfqSxK8pSSsks8eBuPRD3bYl+w6Z/3ynWxbFzk2MB":{"chainKey":{"counter":6,"key":"TAx1s+TKCTMEzOCNm6S+M/CwKgIjbleFi8TZRmedNAY="},"chainType":1,"messageKeys":{}}},"pendingPreKey":{"signedKeyId":1128683,"baseKey":"BUVDGWalZgj1V+LTsrUWlXmpnFheHqAnSYtJfsX5r3tX","preKeyId":2234}}},"version":"v1"}