{"_sessions":{"BRcSXWEQDBiwcfTAwjCKeJXkUHNd1CraImjm63/zUhln":{"registrationId":1783130870,"currentRatchet":{"ephemeralKeyPair":{"pubKey":"BQP0PiCINCEpL9S1EeYZuFB3P4hMgwrG1Rp1Y19pJuQT","privKey":"cAPvTyO28niJjo2DFKS3aNdqjvROkZweS0YhGRpsr3c="},"lastRemoteEphemeralKey":"BR+q7+gaw1wB9ldioY+HxOqdOZDgaSekU2mVg+kG02YC","previousCounter":0,"rootKey":"svtWtv3VlAGNUp8jmIRridX4cfX0t+7stB+wZ6tx/qI="},"indexInfo":{"baseKey":"BRcSXWEQDBiwcfTAwjCKeJXkUHNd1CraImjm63/zUhln","baseKeyType":1,"closed":-1,"used":1706967473241,"created":1706967473241,"remoteIdentityKey":"Bbwj1CU79eHSqoRu3MA881X34cZT9d1hnHKJ5fk7USFr"},"_chains":{"BQP0PiCINCEpL9S1EeYZuFB3P4hMgwrG1Rp1Y19pJuQT":{"chainKey":{"counter":6,"key":"096u2E9Mf6r1cmVLn/8ZD3ENf0wIm8HKs59WLlcXvW4="},"chainType":1,"messageKeys":{}}},"pendingPreKey":{"signedKeyId":3,"baseKey":"BRcSXWEQDBiwcfTAwjCKeJXkUHNd1CraImjm63/zUhln","preKeyId":6759005}}},"version":"v1"}