{"_sessions":{"BYu2EB/ZrVm6IuXdMxghcTnhQzxAVl+UuddZrzk6cuxY":{"registrationId":729695698,"currentRatchet":{"ephemeralKeyPair":{"pubKey":"Bf7kbXXjbh363hr/UclFoKmPHexZgCYkBA4JNAYsYytB","privKey":"YNj6EE5jBFI0YAlw+wXcXff+nMMQUHYICNZi5OuDfGs="},"lastRemoteEphemeralKey":"BTp4yeImoz2YWwErIvDzsZouGs6fcp/YBSt7PW68uPQW","previousCounter":0,"rootKey":"6+bZUp4xCjOYjXHPNyLvGYciwLSdKVzjNEtzl3hN8Qs="},"indexInfo":{"baseKey":"BYu2EB/ZrVm6IuXdMxghcTnhQzxAVl+UuddZrzk6cuxY","baseKeyType":1,"closed":-1,"used":1706967474103,"created":1706967474103,"remoteIdentityKey":"BcLtk3rPUQDQPI/bE4SX07EaUWM8F+g6bl6Ocq6xc8Zw"},"_chains":{"Bf7kbXXjbh363hr/UclFoKmPHexZgCYkBA4JNAYsYytB":{"chainKey":{"counter":6,"key":"xTE1D2CgNJ7dLqghYwDedcdQR8AnCeuOUA+nkmdqaqI="},"chainType":1,"messageKeys":{}}},"pendingPreKey":{"signedKeyId":3,"baseKey":"BYu2EB/ZrVm6IuXdMxghcTnhQzxAVl+UuddZrzk6cuxY","preKeyId":399402}}},"version":"v1"}