{"_sessions":{"Bcmp3025JYX5xTKnJO6FdRUCnkUaySpdCuQJNqusvrAD":{"registrationId":1574988210,"currentRatchet":{"ephemeralKeyPair":{"pubKey":"BU3lmtGwKialWkJ7sldI4RaHvyxVpJNnBLMG/ION++NN","privKey":"qMRV+w2k1jXjgTbWjjD0GQZ378aP2QY1hM2TB41kZ2Y="},"lastRemoteEphemeralKey":"BVP9b1OHznzEbfMkab1avajFyojmqOMQ8ntmlr4t+aQJ","previousCounter":0,"rootKey":"yXcd+o10SMceejfhXT8btCPoBmj97kIDqEW9QjWCIvU="},"indexInfo":{"baseKey":"Bcmp3025JYX5xTKnJO6FdRUCnkUaySpdCuQJNqusvrAD","baseKeyType":1,"closed":-1,"used":1706967472865,"created":1706967472865,"remoteIdentityKey":"Be2eaDgvwyj4gVfK3bqJoaWOY2uqfeE7XfIL6s3bMJdJ"},"_chains":{"BU3lmtGwKialWkJ7sldI4RaHvyxVpJNnBLMG/ION++NN":{"chainKey":{"counter":6,"key":"ExfgCZ3ZSxPVI04SPj8zwVwaVWbleoqfEALVoNnHy0E="},"chainType":1,"messageKeys":{}}},"pendingPreKey":{"signedKeyId":3,"baseKey":"Bcmp3025JYX5xTKnJO6FdRUCnkUaySpdCuQJNqusvrAD","preKeyId":15528705}}},"version":"v1"}