{"_sessions":{"BcRiOBhLMK13/2WP4s8R/8unPG9I1laivAdSOz+XgLtb":{"registrationId":10606,"currentRatchet":{"ephemeralKeyPair":{"pubKey":"BUZNejIo1TFMz1XMqdVIuMmLQFWo0gFqyzWEioWOy1AZ","privKey":"WF2nN8bli4MALAk32Y7qD65dE791UeW3i6vkNd3ClGo="},"lastRemoteEphemeralKey":"BQ5S527Ps/01JmKGASWGivLG1ge9yGdmXctsDC7dZHQb","previousCounter":0,"rootKey":"yj0xK9klhYMeoK3ErdW4wqj7KNldzYkQnlzI3LCiSl4="},"indexInfo":{"baseKey":"BcRiOBhLMK13/2WP4s8R/8unPG9I1laivAdSOz+XgLtb","baseKeyType":1,"closed":-1,"used":1706967471679,"created":1706967471679,"remoteIdentityKey":"Bd8xGGR/ghRw6ZvAZF1TSVM5Rh4337vfEUW2px7nIvBQ"},"_chains":{"BUZNejIo1TFMz1XMqdVIuMmLQFWo0gFqyzWEioWOy1AZ":{"chainKey":{"counter":6,"key":"MzJ7orSzy1oEYu1ZnboQ/Uv6w9iARo0eD8reIoX+Zik="},"chainType":1,"messageKeys":{}}},"pendingPreKey":{"signedKeyId":1,"baseKey":"BcRiOBhLMK13/2WP4s8R/8unPG9I1laivAdSOz+XgLtb"}}},"version":"v1"}