{"_sessions":{"Bf/X30blu7eE0ZP9VcWl2F4rbX8vDtXKPrbRkHDgwFcb":{"registrationId":1426911709,"currentRatchet":{"ephemeralKeyPair":{"pubKey":"BWCRau3rjlTt6Vf02lkITTu6KVPhpuhpexVgq3sQXDds","privKey":"MHkGIGAxREkl6qkrXrbNkuGAR+CV2N8H2B4hb5k0eF4="},"lastRemoteEphemeralKey":"BbbpTiPBpk7s3BHZzk+8UV4ca+zZwxWQNE58Alar8pBS","previousCounter":0,"rootKey":"4FdJefn2lSRG0DmQVo0f7dXvwurLpPqkG7EOdcVAMEk="},"indexInfo":{"baseKey":"Bf/X30blu7eE0ZP9VcWl2F4rbX8vDtXKPrbRkHDgwFcb","baseKeyType":1,"closed":-1,"used":1706967472916,"created":1706967472916,"remoteIdentityKey":"Beo7TN+7bEUIrozulNw8HVJtKU0gjOPu5h5v1o/IVjxz"},"_chains":{"BWCRau3rjlTt6Vf02lkITTu6KVPhpuhpexVgq3sQXDds":{"chainKey":{"counter":6,"key":"YshOSh4+dpIxcHyc8cmdjiq6vjQSuH3Cxw98TmuDOfs="},"chainType":1,"messageKeys":{}}},"pendingPreKey":{"signedKeyId":7,"baseKey":"Bf/X30blu7eE0ZP9VcWl2F4rbX8vDtXKPrbRkHDgwFcb","preKeyId":2209769}}},"version":"v1"}