{"_sessions":{"BZq5IqU8qT1vVrtIbeumqP35hFK19/gm2U5WmeriE48u":{"registrationId":111782284,"currentRatchet":{"ephemeralKeyPair":{"pubKey":"BSdDWd45SZ9BxdtPQeVh1EY0A+SCCMHlBVRnW2DLvNEk","privKey":"OPeYJy6hAKV/k7ULJmhFpKccXfQm7mIWgD6AMfx09ko="},"lastRemoteEphemeralKey":"BXX15cMtaJUD7rYUeFOZfp29N+dlDmYVbEQZPHMEvcEB","previousCounter":0,"rootKey":"EYMo0ndoWpmC0ZHFsuKAOgnnnEn2p/KIT7/p3jnIejk="},"indexInfo":{"baseKey":"BZq5IqU8qT1vVrtIbeumqP35hFK19/gm2U5WmeriE48u","baseKeyType":1,"closed":-1,"used":1706967473556,"created":1706967473556,"remoteIdentityKey":"BcTB2JqdTYkqZbpV1Pxp4RKpvpGpK9L8FmaiPs5FFMEd"},"_chains":{"BSdDWd45SZ9BxdtPQeVh1EY0A+SCCMHlBVRnW2DLvNEk":{"chainKey":{"counter":6,"key":"/s7KJh3oAKHprle1dLPTUnJ046Iz0lB9CImd9fJCZdw="},"chainType":1,"messageKeys":{}}},"pendingPreKey":{"signedKeyId":30,"baseKey":"BZq5IqU8qT1vVrtIbeumqP35hFK19/gm2U5WmeriE48u","preKeyId":13652642}}},"version":"v1"}