{"_sessions":{"Bb9U8x3vkeeByiqnFueu0kwbcEJMzd8m/eR0q1qJQVUr":{"registrationId":815272460,"currentRatchet":{"ephemeralKeyPair":{"pubKey":"BW/X5ddaIi9NRqjjhrrl4oZ2/zrJLSu7pFTxdwEAoZZ1","privKey":"0Dog1Mc9gaSCA/zhaA2zZJrZpXQUxX+9X99GpmAMukQ="},"lastRemoteEphemeralKey":"BfrmV+MuPjx6RluKJRyQH+smRPmbO0m8jK2BRnYhSvE0","previousCounter":0,"rootKey":"+NszYwat356IswihTuB62yUdZ5GgJijFJ3SYuMde8J8="},"indexInfo":{"baseKey":"Bb9U8x3vkeeByiqnFueu0kwbcEJMzd8m/eR0q1qJQVUr","baseKeyType":1,"closed":-1,"used":1706967471744,"created":1706967471744,"remoteIdentityKey":"BRjlP8x+hehhWc02c4bfCsLuo4XmD1dEFRM0I7ptXiQo"},"_chains":{"BW/X5ddaIi9NRqjjhrrl4oZ2/zrJLSu7pFTxdwEAoZZ1":{"chainKey":{"counter":6,"key":"gKhnHPGcvZnWQZbHkXR7d5mrJYFJE3ZX8HGFjg/LB+8="},"chainType":1,"messageKeys":{}}},"pendingPreKey":{"signedKeyId":5,"baseKey":"Bb9U8x3vkeeByiqnFueu0kwbcEJMzd8m/eR0q1qJQVUr","preKeyId":8861742}}},"version":"v1"}