{"_sessions":{"Bce94cqheQiXk07sqgenIBF1cyjnWLZMa2AzjYcJo7pr":{"registrationId":94565517,"currentRatchet":{"ephemeralKeyPair":{"pubKey":"BXsTqFjDZYTw185boDUG7pMrI934NSRZ1s9I2/TkHg4O","privKey":"wOxGZS4S0oVXKUiJCUG8KfD5ezWN/K7HPeFBCJTBW2Q="},"lastRemoteEphemeralKey":"BQJG44LwG1sU7Ma7mF84e2/XWmvrTyuhepfjq40kuuNY","previousCounter":0,"rootKey":"XQTSMpYPx29sSKwIq/FGzX0sYZkbqAZkZwH/ujuK7n8="},"indexInfo":{"baseKey":"Bce94cqheQiXk07sqgenIBF1cyjnWLZMa2AzjYcJo7pr","baseKeyType":1,"closed":-1,"used":1706967472505,"created":1706967472505,"remoteIdentityKey":"Bag6rvAqJ5wLdXkPSF7br9llOjsCUps8EBjbmW4+Nksr"},"_chains":{"BXsTqFjDZYTw185boDUG7pMrI934NSRZ1s9I2/TkHg4O":{"chainKey":{"counter":6,"key":"RAcrDuixDF4gkZOeCM5LwusqV7wYcXNLKnBVdC6ljX0="},"chainType":1,"messageKeys":{}}},"pendingPreKey":{"signedKeyId":1,"baseKey":"Bce94cqheQiXk07sqgenIBF1cyjnWLZMa2AzjYcJo7pr","preKeyId":3739775}}},"version":"v1"}