{"_sessions":{"BUKiWi8bscD56iq/TejNKAcQTX8hyMJPNir3YOsY8akj":{"registrationId":983142456,"currentRatchet":{"ephemeralKeyPair":{"pubKey":"BalSjayICd3Fr/df8IqnU9jEp7BRWfQLvx3S9WRmHPYL","privKey":"EDgQ5ZyqcpK/PCPXvX/VHI823KHVo7eETLmqEOixrk8="},"lastRemoteEphemeralKey":"BUOvXmekyPbFGX9L0AqwMxTdOTk/Y77W3giyP4iijb4m","previousCounter":0,"rootKey":"oqwmSpBb++rogo/+LmBXDiDZcvMdav+uUiraya8rACc="},"indexInfo":{"baseKey":"BUKiWi8bscD56iq/TejNKAcQTX8hyMJPNir3YOsY8akj","baseKeyType":1,"closed":-1,"used":1706967472800,"created":1706967472800,"remoteIdentityKey":"BTeAQ2l6aoEbEKJVwdBr/59xRpBaa1hCbAX7ZCSm1sBE"},"_chains":{"BalSjayICd3Fr/df8IqnU9jEp7BRWfQLvx3S9WRmHPYL":{"chainKey":{"counter":6,"key":"eUBPDBbOty9w7olTd6c1IuPVyQxBfDUWsViiImHHzZM="},"chainType":1,"messageKeys":{}}},"pendingPreKey":{"signedKeyId":1,"baseKey":"BUKiWi8bscD56iq/TejNKAcQTX8hyMJPNir3YOsY8akj","preKeyId":13583179}}},"version":"v1"}