{"_sessions":{"BfuLxTVUUS8UZGTe46VP5kjmkAp8xG0HqyMyX3bI/TNc":{"registrationId":6532,"currentRatchet":{"ephemeralKeyPair":{"pubKey":"BXDItb5hrQH+TT3Q+SruCVYQ9Z76pfG7+V2g6mvHQGIy","privKey":"MGCztT2myBeTjIkpFAgVprntPBo6UbSlv9Ivt+7WQnI="},"lastRemoteEphemeralKey":"BSlpVM0mERJ8xE6dO090Cp2ygniRQge0NNxfy/LJewBm","previousCounter":0,"rootKey":"1li8JKHldjajsNOt7B7t77EAtCtT3a7ICgNtt+uuJd8="},"indexInfo":{"baseKey":"BfuLxTVUUS8UZGTe46VP5kjmkAp8xG0HqyMyX3bI/TNc","baseKeyType":1,"closed":-1,"used":1706967471696,"created":1706967471696,"remoteIdentityKey":"BQ3+7aec6cv1X9q+8IlW2QjjW1yCbD4hUeVHFl14m1kY"},"_chains":{"BXDItb5hrQH+TT3Q+SruCVYQ9Z76pfG7+V2g6mvHQGIy":{"chainKey":{"counter":6,"key":"v4k0434D0Qf+NbN0X9bHgKmhrDKExBcNtJkQWDKLacA="},"chainType":1,"messageKeys":{}}},"pendingPreKey":{"signedKeyId":1,"baseKey":"BfuLxTVUUS8UZGTe46VP5kjmkAp8xG0HqyMyX3bI/TNc"}}},"version":"v1"}