{"_sessions":{"BYI34CE21V+qJlJdQpQdk+SabijgBEZBG5LwtrpWvzcD":{"registrationId":77014389,"currentRatchet":{"ephemeralKeyPair":{"pubKey":"BcHEyaE4ESsmQE6ioZJLjwzYi3WBtlPTrtTP12k4RBx1","privKey":"wKHHAmKDF9hgU6br8YsEo2Wd+ExMKNANtRRxkUTjAHI="},"lastRemoteEphemeralKey":"Ba21/4Gqsy2pelf5+IRur9Q4q54D19/G0lNUj3tSUN8p","previousCounter":0,"rootKey":"jx2/ibOtX1lPCnO8+MomwPYKuKrve8enCyF50+iGnHQ="},"indexInfo":{"baseKey":"BYI34CE21V+qJlJdQpQdk+SabijgBEZBG5LwtrpWvzcD","baseKeyType":1,"closed":-1,"used":1706967472629,"created":1706967472629,"remoteIdentityKey":"BfrDMs5uZvVh3kJ6SgOtaXxI+X92lsu+tY2uKC7EuQw1"},"_chains":{"BcHEyaE4ESsmQE6ioZJLjwzYi3WBtlPTrtTP12k4RBx1":{"chainKey":{"counter":6,"key":"T5H8uuRfmG0kyuDe2RCnzLYNNgdf6VcYerTThATDmDs="},"chainType":1,"messageKeys":{}}},"pendingPreKey":{"signedKeyId":5,"baseKey":"BYI34CE21V+qJlJdQpQdk+SabijgBEZBG5LwtrpWvzcD"}}},"version":"v1"}