{"_sessions":{"Ba2epmlWrpgShqYaguF1OlnUjXdvDEjDHAmTvGulBPwg":{"registrationId":11214,"currentRatchet":{"ephemeralKeyPair":{"pubKey":"Bb9hgq2L9BRSZDPmL7MiYe46lHTWAf4/ym1+k9VMpOhD","privKey":"ONZ9Z8FBh0IrSGpHNwT+BaLelXNu3rTwS/ONaR8XF3s="},"lastRemoteEphemeralKey":"Bf1tprrgtd142y4JZPYt+ZqV/MRsTEIpb+nihkW76XUK","previousCounter":0,"rootKey":"idycsIKIj7NCpqzLwNtsogvjEauluQn3EtPY9vpqAHk="},"indexInfo":{"baseKey":"Ba2epmlWrpgShqYaguF1OlnUjXdvDEjDHAmTvGulBPwg","baseKeyType":1,"closed":-1,"used":1706967471637,"created":1706967471637,"remoteIdentityKey":"BY07I2EPitOuwjnc9U66x6uq5aY7k9EYGOWvh6kHrvs3"},"_chains":{"Bb9hgq2L9BRSZDPmL7MiYe46lHTWAf4/ym1+k9VMpOhD":{"chainKey":{"counter":6,"key":"B3F67RUH4yX+hEjA+PAfA784IDhNtUfNIuw6HXQo7aw="},"chainType":1,"messageKeys":{}}},"pendingPreKey":{"signedKeyId":1,"baseKey":"Ba2epmlWrpgShqYaguF1OlnUjXdvDEjDHAmTvGulBPwg"}}},"version":"v1"}