{"_sessions":{"BSt68wKLlTGJc73183jSdbyK5liGdOtOAide6xlGzT48":{"registrationId":1741527063,"currentRatchet":{"ephemeralKeyPair":{"pubKey":"BdlCsuhSMU6k4UA4adDkL5jieZOhPg89sdy1YziUOoIB","privKey":"UAk/2o2I3OoMV8X8VMvVtz2R/dM0leupYvNFXbMz5mY="},"lastRemoteEphemeralKey":"BWd6FI10krxMFS5/oLg/QzS/47HPZwYNBNVWQ/C8q+w8","previousCounter":0,"rootKey":"1busOn+gh4lNvCyoKagwWgEF+j6jhCX93LDePG3BDjE="},"indexInfo":{"baseKey":"BSt68wKLlTGJc73183jSdbyK5liGdOtOAide6xlGzT48","baseKeyType":1,"closed":-1,"used":1706967473326,"created":1706967473326,"remoteIdentityKey":"BfNSDJuEycZIO8BU3KmdkGEMVWaf1rQnYJLjhMOFhh1F"},"_chains":{"BdlCsuhSMU6k4UA4adDkL5jieZOhPg89sdy1YziUOoIB":{"chainKey":{"counter":6,"key":"VXfAJ8DHJFJefAoLviHLtzZ+a4J4yyIV6Bmd5C8tT6I="},"chainType":1,"messageKeys":{}}},"pendingPreKey":{"signedKeyId":2,"baseKey":"BSt68wKLlTGJc73183jSdbyK5liGdOtOAide6xlGzT48"}}},"version":"v1"}