{"_sessions":{"Bb1iC4SXCIacjBuxKM9KOKS++hfllFaE+3tSEFz5Nrpg":{"registrationId":826582753,"currentRatchet":{"ephemeralKeyPair":{"pubKey":"BWotmGIfTJFTUeyLdJfqjDEYagoWfhqXhdsufv1bWWM6","privKey":"ODZmROyeqbKBl5Qly8PgJsYanjGHIwCyF6M1GM5cg0A="},"lastRemoteEphemeralKey":"BTOVyUw0IfFYKDF/LShw9rx2jm4g22Ljpi5rxOYPQ6o2","previousCounter":0,"rootKey":"jvaiwlTLkv/p0vDvAlJeZHLhlzSipFEDm0KbTW/PCr0="},"indexInfo":{"baseKey":"Bb1iC4SXCIacjBuxKM9KOKS++hfllFaE+3tSEFz5Nrpg","baseKeyType":1,"closed":-1,"used":1706967473366,"created":1706967473366,"remoteIdentityKey":"BZGXpxDHrMjFq4zUQsPEr23FPWhsP6QL/0+EIV8M7b1w"},"_chains":{"BWotmGIfTJFTUeyLdJfqjDEYagoWfhqXhdsufv1bWWM6":{"chainKey":{"counter":6,"key":"A+sDT5hq7GjYDt1zHwP9KlG7WyIT/rGI7uUVhtBlYbA="},"chainType":1,"messageKeys":{}}},"pendingPreKey":{"signedKeyId":12011216,"baseKey":"Bb1iC4SXCIacjBuxKM9KOKS++hfllFaE+3tSEFz5Nrpg"}}},"version":"v1"}