{"_sessions":{"BYpU9l0MhNup4NOkjTiDk6HpNciGNy37EME3YRP/O1NX":{"registrationId":1823053180,"currentRatchet":{"ephemeralKeyPair":{"pubKey":"BVDS6tR7r0GmmkgK1G+IubBbf4vwZh6nk952ZBQEiT4u","privKey":"OBc6cZe7BsWBa8IEF4PuhloPOhMIBBJqmIw+AdFIYV4="},"lastRemoteEphemeralKey":"BdpBjj5jP/eZK+rUPznotrDJtUsN+QSU+sOjR6fsn2cw","previousCounter":0,"rootKey":"D8bnJwxpwXEsJ7A1GJYeF4EoeoQBAVlnWGZ5SQyjwEo="},"indexInfo":{"baseKey":"BYpU9l0MhNup4NOkjTiDk6HpNciGNy37EME3YRP/O1NX","baseKeyType":1,"closed":-1,"used":1706967473687,"created":1706967473687,"remoteIdentityKey":"BaRblYT/vnAH1Fw1BTQwFomYbE7T0Ff1cqxJtuh7YIVU"},"_chains":{"BVDS6tR7r0GmmkgK1G+IubBbf4vwZh6nk952ZBQEiT4u":{"chainKey":{"counter":6,"key":"ATaph4h4XGzuxf3SkJwfHhmyOu8ziS6YlKHlh+8ttCs="},"chainType":1,"messageKeys":{}}},"pendingPreKey":{"signedKeyId":2,"baseKey":"BYpU9l0MhNup4NOkjTiDk6HpNciGNy37EME3YRP/O1NX","preKeyId":4697374}}},"version":"v1"}