{"_sessions":{"BVPVu5Ik05jRQuzKj25w/jXPHrpEFizf1QD0VjzvQGgR":{"registrationId":1603,"currentRatchet":{"ephemeralKeyPair":{"pubKey":"BY8XibDCZM5fnKrNzT7pduaCPfIbIRemms3vZcWTy6YG","privKey":"OIQhSoSbB6ljT4ETftxIYV7zDLHCZBOILeUbhzhk12I="},"lastRemoteEphemeralKey":"BRDpJtm1Z/911SyNQWWYvPsMd3YO2RV9A9/hXG2Su4IG","previousCounter":0,"rootKey":"wTQwVkQ3/of8gf1YUwlFe03At89UjbTLC36/OrOoom4="},"indexInfo":{"baseKey":"BVPVu5Ik05jRQuzKj25w/jXPHrpEFizf1QD0VjzvQGgR","baseKeyType":1,"closed":-1,"used":1706967471426,"created":1706967471426,"remoteIdentityKey":"BbI/9PYxLiN81uW2s2JvJCQZW8uGtcrzEQa/CrlzpNN6"},"_chains":{"BY8XibDCZM5fnKrNzT7pduaCPfIbIRemms3vZcWTy6YG":{"chainKey":{"counter":6,"key":"FKvIvtXNa5FYXVeY0zzAEsYidFtFHJhxYvC4eyYjbC8="},"chainType":1,"messageKeys":{}}},"pendingPreKey":{"signedKeyId":1,"baseKey":"BVPVu5Ik05jRQuzKj25w/jXPHrpEFizf1QD0VjzvQGgR"}}},"version":"v1"}