{"_sessions":{"BVf+D2oCMJDi51hzp+V8qeihogyIBjXtnmoenjcJE1dE":{"registrationId":1454132448,"currentRatchet":{"ephemeralKeyPair":{"pubKey":"BTEXvd08vx/jKAdzTSb2C3+a2nOOSlM4oO0ZqINTHSYX","privKey":"wGZp0j+rMBvm1/ydPHjHQRdXPCg2kyyEygOrJeuv0XI="},"lastRemoteEphemeralKey":"BQ3FgLX7UGwR1HBTiWbdnyuUc3O2SrS9ivXpKZN+RHol","previousCounter":0,"rootKey":"Cy589klG6vtb0QXIz7CTxdJChMyqgqwWBEHj/XaOArw="},"indexInfo":{"baseKey":"BVf+D2oCMJDi51hzp+V8qeihogyIBjXtnmoenjcJE1dE","baseKeyType":1,"closed":-1,"used":1706967472932,"created":1706967472932,"remoteIdentityKey":"BZbvLMrExBl4zJaXPXcl1FqwE0udh8NIdWTFLwNqrax2"},"_chains":{"BTEXvd08vx/jKAdzTSb2C3+a2nOOSlM4oO0ZqINTHSYX":{"chainKey":{"counter":6,"key":"Exd0QJGZ5Kxon2znsmciP2snP6GHjY+1bI7teX84OD0="},"chainType":1,"messageKeys":{}}},"pendingPreKey":{"signedKeyId":0,"baseKey":"BVf+D2oCMJDi51hzp+V8qeihogyIBjXtnmoenjcJE1dE","preKeyId":341}}},"version":"v1"}