{"_sessions":{"BfwpbZuJ3waHX6r+pRwk1iNeJty1FYutf5j5nH/+VkZX":{"registrationId":308956092,"currentRatchet":{"ephemeralKeyPair":{"pubKey":"Bcfafz30ztZKOoKhEbootQLz6kfUMYES1N4zkdo73Dc0","privKey":"OGukLSWYuEvSk5JvvzaHvbRf9XIYpXDzFgqz8TupWXg="},"lastRemoteEphemeralKey":"BQDGL0yXnIEAW5Xbb2m6RJfMWuiLov3/uM1x38eG2Ksc","previousCounter":0,"rootKey":"rn1TC6CHScXdtNUYXmhr2yv6/CO8Wba1EES8rDx/a30="},"indexInfo":{"baseKey":"BfwpbZuJ3waHX6r+pRwk1iNeJty1FYutf5j5nH/+VkZX","baseKeyType":1,"closed":-1,"used":1706967471980,"created":1706967471980,"remoteIdentityKey":"BblFOhKkWbJZhCQcKOb85f9dhvbqmD7DEecmA2BR/5Uo"},"_chains":{"Bcfafz30ztZKOoKhEbootQLz6kfUMYES1N4zkdo73Dc0":{"chainKey":{"counter":6,"key":"eqpJ6vIDlOH+4PTeaUOFL5zYBCtv2EoKiCSz0nDOga4="},"chainType":1,"messageKeys":{}}},"pendingPreKey":{"signedKeyId":9,"baseKey":"BfwpbZuJ3waHX6r+pRwk1iNeJty1FYutf5j5nH/+VkZX","preKeyId":12703142}}},"version":"v1"}