{"_sessions":{"BeI7fsY1b2nA0gbfibnRnSQjcULzkw+7Dtj4X4LmOLwW":{"registrationId":71559479,"currentRatchet":{"ephemeralKeyPair":{"pubKey":"BV0oQ/mZRDOxqSt+fcLpAIdYnQeiayC0bz0fS4+vrYML","privKey":"uH5sZwYrxt4D8zVCedIb7xxJVZvejpH8+UBsiuVFuVo="},"lastRemoteEphemeralKey":"BbN8KK7UsYSeuvlkaucoog5Luf/aPnSZLxhvk52muuhe","previousCounter":0,"rootKey":"RI9lvZulU7RcHwCUg0iNY2IAryahp6f3RYCW8Q6nhQk="},"indexInfo":{"baseKey":"BeI7fsY1b2nA0gbfibnRnSQjcULzkw+7Dtj4X4LmOLwW","baseKeyType":1,"closed":-1,"used":1706967472126,"created":1706967472126,"remoteIdentityKey":"BTXBQEtWCeXRje8mRpPxbr9KjIn2XF7P+r02Nb29rSYX"},"_chains":{"BV0oQ/mZRDOxqSt+fcLpAIdYnQeiayC0bz0fS4+vrYML":{"chainKey":{"counter":6,"key":"LVhYYyT1MahOM4UxEZcQtbaPzUFF4vqidSc5DuM5ivg="},"chainType":1,"messageKeys":{}}},"pendingPreKey":{"signedKeyId":0,"baseKey":"BeI7fsY1b2nA0gbfibnRnSQjcULzkw+7Dtj4X4LmOLwW","preKeyId":6764098}}},"version":"v1"}