{"_sessions":{"BW9Zp3zZ+X48lHFCfOJOQRCTQVukMe/n6Nw2orH9Qe4l":{"registrationId":718846254,"currentRatchet":{"ephemeralKeyPair":{"pubKey":"Ba4xOnsQr5Mp39pzWbW8/IZ62HF8c8nh4gvqa5tBUZxV","privKey":"+ECBLDmOeJ8zLmzZCO5RyjklWE0bW0jEmQ8OEeUNw38="},"lastRemoteEphemeralKey":"BUtfhB4f2K918tRqckU20b68S45TxU4mOFKw5ad37VEx","previousCounter":0,"rootKey":"mltQneDZntZe0ieIkz5squ2QXX5xkTYdeF4c0MahgJ4="},"indexInfo":{"baseKey":"BW9Zp3zZ+X48lHFCfOJOQRCTQVukMe/n6Nw2orH9Qe4l","baseKeyType":1,"closed":-1,"used":1706967471996,"created":1706967471996,"remoteIdentityKey":"Bakp2nAbQ6TXd5UAcuC0q+C66I2q1DadXmOoP7FAOV0f"},"_chains":{"Ba4xOnsQr5Mp39pzWbW8/IZ62HF8c8nh4gvqa5tBUZxV":{"chainKey":{"counter":6,"key":"2bgJlwAvXr2ec9vLGQF3xGjnpFjHU9Uu37xussIWY0c="},"chainType":1,"messageKeys":{}}},"pendingPreKey":{"signedKeyId":2,"baseKey":"BW9Zp3zZ+X48lHFCfOJOQRCTQVukMe/n6Nw2orH9Qe4l"}}},"version":"v1"}