{"_sessions":{"BS4zIiPoIMePzJZFiwXPyLxUxT/p2wxsUxgG8zKQ4a47":{"registrationId":183775256,"currentRatchet":{"ephemeralKeyPair":{"pubKey":"BWvKjpRg6IAKnsaytWmIzPGwgHAPuLadsdxj49Ps5ZAg","privKey":"oGHJ3LxfxrBHe1JJhhgFp2mzBef7ii34/S0qjuKih20="},"lastRemoteEphemeralKey":"BcjrsXvYdjguPp5JSkkH3bN1nEnfvKpL94AugYaQwXx+","previousCounter":0,"rootKey":"a8bpv9YKUqE/oTe7fVZAApOVglASpp6yGqE/KSsmOrk="},"indexInfo":{"baseKey":"BS4zIiPoIMePzJZFiwXPyLxUxT/p2wxsUxgG8zKQ4a47","baseKeyType":1,"closed":-1,"used":1706967474121,"created":1706967474121,"remoteIdentityKey":"BaKTYimg9cG/4des5oAjQPumNPEDBcPnZrMI1eHJtNwI"},"_chains":{"BWvKjpRg6IAKnsaytWmIzPGwgHAPuLadsdxj49Ps5ZAg":{"chainKey":{"counter":6,"key":"jObqxvtumF3FzVzf99nHu55ixryCBAzUYCrL9oQKN5s="},"chainType":1,"messageKeys":{}}},"pendingPreKey":{"signedKeyId":9,"baseKey":"BS4zIiPoIMePzJZFiwXPyLxUxT/p2wxsUxgG8zKQ4a47","preKeyId":13537228}}},"version":"v1"}