{"_sessions":{"BT9GUX5HFU2vv6fB3kHpGBgYWNERCW+LsJZSGcVjiN9v":{"registrationId":284402177,"currentRatchet":{"ephemeralKeyPair":{"pubKey":"BeIp4V2ghagBc407zL6vjKWmLZd1Ft3kSg3jZUQdixYN","privKey":"UGOl5/EZMyYkwEKneYF5Vpe9rJG8MChSo6bsbQtEwk4="},"lastRemoteEphemeralKey":"BdFcZxAKzOlLlN384PTC9Ru2fW/88Q+Chog9NNCCoxYr","previousCounter":0,"rootKey":"GCzqNPUchpJ+FYCFOeElu8q2Y1VVql1STa5OmBT+gOU="},"indexInfo":{"baseKey":"BT9GUX5HFU2vv6fB3kHpGBgYWNERCW+LsJZSGcVjiN9v","baseKeyType":1,"closed":-1,"used":1706967473361,"created":1706967473361,"remoteIdentityKey":"BUaaTBuVEgqn6db4LUS64UpQ2hpRlV9RBrMgRX9S2rA4"},"_chains":{"BeIp4V2ghagBc407zL6vjKWmLZd1Ft3kSg3jZUQdixYN":{"chainKey":{"counter":6,"key":"6Byc7jqf4vF2nBWSAd7RCzctB5SFXzp5igiW6R57PCM="},"chainType":1,"messageKeys":{}}},"pendingPreKey":{"signedKeyId":8,"baseKey":"BT9GUX5HFU2vv6fB3kHpGBgYWNERCW+LsJZSGcVjiN9v","preKeyId":11551669}}},"version":"v1"}