{"_sessions":{"BWPHnODjNtDnAkc42HiNxlGiZ+hcO28vFDQpAg7bPn9L":{"registrationId":1004866078,"currentRatchet":{"ephemeralKeyPair":{"pubKey":"BaP9BjTK1K76rrhholXivMacw8xM74JhiY/vQ2JUlD40","privKey":"8JYN9o81Wd9f+f1l9qDAts8CZfmledxlB8UN3oA16mU="},"lastRemoteEphemeralKey":"BZ7jwy4fCCnirdrKuthLbVcMgkZtW3rh5Gcv7gW0rax6","previousCounter":0,"rootKey":"prb4+lDVHxskf6OkIeeDzjL9qWKY2KQRw6vj8Nzin1o="},"indexInfo":{"baseKey":"BWPHnODjNtDnAkc42HiNxlGiZ+hcO28vFDQpAg7bPn9L","baseKeyType":1,"closed":-1,"used":1706967471912,"created":1706967471912,"remoteIdentityKey":"BUIVoGBD89DoJWKvjO7/VkT7k3M6haHqqAgO3KycW4Qy"},"_chains":{"BaP9BjTK1K76rrhholXivMacw8xM74JhiY/vQ2JUlD40":{"chainKey":{"counter":6,"key":"7EgKX9hn/20s7vcSwgfoZxbA8LSFBHEwrnG/fqGXnLc="},"chainType":1,"messageKeys":{}}},"pendingPreKey":{"signedKeyId":12,"baseKey":"BWPHnODjNtDnAkc42HiNxlGiZ+hcO28vFDQpAg7bPn9L","preKeyId":361707}}},"version":"v1"}