{"_sessions":{"BZKlMdCJhONX9kWk/jYHNemb2GqzYw/Ayb8ppSZYbogC":{"registrationId":1214379314,"currentRatchet":{"ephemeralKeyPair":{"pubKey":"BY+rnity8QhGYuPxM7W0jal4XdaJVYLuB5jQaVbLqDZ8","privKey":"aIbOnPjd3hR5iN09cJ0M5RiUgDgLU0QZbVol9gUEqUs="},"lastRemoteEphemeralKey":"BdnzEVQLpuZAdHmFfBu4fjEs8Z8CPWVwxy6D79LguHAO","previousCounter":0,"rootKey":"bhry6QC6sXkbNnKNRFhtw3PeJDJUt86PPliqMbB33sI="},"indexInfo":{"baseKey":"BZKlMdCJhONX9kWk/jYHNemb2GqzYw/Ayb8ppSZYbogC","baseKeyType":1,"closed":-1,"used":1706967473229,"created":1706967473229,"remoteIdentityKey":"BXEFSF5z//PnhNG2pxxnHgzl5kpE6jrGGsXzwqxpk9tR"},"_chains":{"BY+rnity8QhGYuPxM7W0jal4XdaJVYLuB5jQaVbLqDZ8":{"chainKey":{"counter":6,"key":"9KOnqCjTqnPCT5okFO9A1QCXln6bIQjyhiw+C5mMlS4="},"chainType":1,"messageKeys":{}}},"pendingPreKey":{"signedKeyId":0,"baseKey":"BZKlMdCJhONX9kWk/jYHNemb2GqzYw/Ayb8ppSZYbogC","preKeyId":6513362}}},"version":"v1"}