{"_sessions":{"Bb+mmGKvubGGsaIVypinGoVxqGmA++Td5jH/XyiSo/s3":{"registrationId":272317647,"currentRatchet":{"ephemeralKeyPair":{"pubKey":"Bd9dFc/edAFLc5fdhSx4xC18Pxo8zq6fgOLHwuRqgLBv","privKey":"COOP3umyzXyis3JrMfiNTT2ni1oNiLnZZmJOsWlxwWk="},"lastRemoteEphemeralKey":"BQaTeImh1eyyrzBg9jGhnnS43kqR5hS2AS7SR1b1f79I","previousCounter":0,"rootKey":"bPBtjbGzCzsOA6UC3Cg7Fpv0YLrhtIDCzzGva5HCEO8="},"indexInfo":{"baseKey":"Bb+mmGKvubGGsaIVypinGoVxqGmA++Td5jH/XyiSo/s3","baseKeyType":1,"closed":-1,"used":1706967472727,"created":1706967472727,"remoteIdentityKey":"BegUp90jknHS+IDc7JdH3BWsP7fqpHbAzV4P8bwx5dt6"},"_chains":{"Bd9dFc/edAFLc5fdhSx4xC18Pxo8zq6fgOLHwuRqgLBv":{"chainKey":{"counter":6,"key":"8i/KhqThoLWWb2vR3nIsSlnD3vV4glU27Yn8+asDXR8="},"chainType":1,"messageKeys":{}}},"pendingPreKey":{"signedKeyId":4,"baseKey":"Bb+mmGKvubGGsaIVypinGoVxqGmA++Td5jH/XyiSo/s3","preKeyId":650759}}},"version":"v1"}