{"_sessions":{"BaLjXnaNmP3oXLHHguEnqSTNPI4Rj3209+SovykfexM5":{"registrationId":11547,"currentRatchet":{"ephemeralKeyPair":{"pubKey":"BZHI0jTYPKpEpj7tL8rqrvVYQECjGZ+4hbz1jWC5Grw+","privKey":"CEfg3rmRj1WOr9SK1Mhzws2OV3YuILs8cj1kPY2hSWs="},"lastRemoteEphemeralKey":"BV3KnM/FYTI2ZztUXZ8eclT4JuRHYFmo3zvDaXII8sI4","previousCounter":0,"rootKey":"V/nZn3KSbQ5QL6rh0FfIEulXsNm81no612gyiew/jBQ="},"indexInfo":{"baseKey":"BaLjXnaNmP3oXLHHguEnqSTNPI4Rj3209+SovykfexM5","baseKeyType":1,"closed":-1,"used":1706967471504,"created":1706967471504,"remoteIdentityKey":"BZmzC3hBtm/pnCY1wbr6VrYDrLnCg1FAguS1u0LSrUQj"},"_chains":{"BZHI0jTYPKpEpj7tL8rqrvVYQECjGZ+4hbz1jWC5Grw+":{"chainKey":{"counter":6,"key":"iD2oliOP3IAJzYhLLr3FqLdGOBvL57/Vr2mEeBu81U0="},"chainType":1,"messageKeys":{}}},"pendingPreKey":{"signedKeyId":1,"baseKey":"BaLjXnaNmP3oXLHHguEnqSTNPI4Rj3209+SovykfexM5"}}},"version":"v1"}