{"_sessions":{"Bf+aSZLho97spH6UFh4B66/dwh9n/oPxP4X9733THm0w":{"registrationId":1956942950,"currentRatchet":{"ephemeralKeyPair":{"pubKey":"BbEnv2Y6asPE3ULZ6b1bj7y9ncTIDzuvbQzK9iTTZ54i","privKey":"uNt5MV+T1NZ6xPAfXBIw8GTVHJY2IU0/AdwR7HUDxVg="},"lastRemoteEphemeralKey":"BYrvoMkYZH/sG6WiLm+1j4JCxkFUjxTH+pAtVGjMTnkc","previousCounter":0,"rootKey":"1ixc0JrQbVXLJppYuMcaP7i8HeiJdPH10+oU7nYWRHw="},"indexInfo":{"baseKey":"Bf+aSZLho97spH6UFh4B66/dwh9n/oPxP4X9733THm0w","baseKeyType":1,"closed":-1,"used":1706967473974,"created":1706967473974,"remoteIdentityKey":"BVjIs90WOaw6MDDmGcY8wkfIrXndloYjrddLyaudT4Vn"},"_chains":{"BbEnv2Y6asPE3ULZ6b1bj7y9ncTIDzuvbQzK9iTTZ54i":{"chainKey":{"counter":6,"key":"0ncBF097/hHoQ+RsNyeCtKST6/e6Kdx0Rsg0a7Ma03o="},"chainType":1,"messageKeys":{}}},"pendingPreKey":{"signedKeyId":14,"baseKey":"Bf+aSZLho97spH6UFh4B66/dwh9n/oPxP4X9733THm0w","preKeyId":10681411}}},"version":"v1"}