{"_sessions":{"BeKQ6KYROZs9B8IDXIR5hhfNBX914pb0RaV8IvVTvZV1":{"registrationId":1775132817,"currentRatchet":{"ephemeralKeyPair":{"pubKey":"BUyahaxcjzt6yq+yIrPBZvn25hqrPy0NXjhFGLMlNclr","privKey":"QMi694Pfn1eAB07eU0/i6wlnQComEls025wwMuAJ/2A="},"lastRemoteEphemeralKey":"BUisY6n8nu1x4i4jPxW6osndlh7yh5qgZecObPGEaaQ1","previousCounter":0,"rootKey":"9BAUG3PJ0XvrZcxk1AlCGqMEWWJHxxtqhhOfHzRP0qo="},"indexInfo":{"baseKey":"BeKQ6KYROZs9B8IDXIR5hhfNBX914pb0RaV8IvVTvZV1","baseKeyType":1,"closed":-1,"used":1706967474126,"created":1706967474126,"remoteIdentityKey":"BbhCu64U1uh4ss86tNlCzKpySUb2JbqOZRQtSJCkdBJp"},"_chains":{"BUyahaxcjzt6yq+yIrPBZvn25hqrPy0NXjhFGLMlNclr":{"chainKey":{"counter":6,"key":"xv2xVUdNLKfJyNJVFEjWobKtX/KRk7WOq52mPFjSZ0M="},"chainType":1,"messageKeys":{}}},"pendingPreKey":{"signedKeyId":1,"baseKey":"BeKQ6KYROZs9B8IDXIR5hhfNBX914pb0RaV8IvVTvZV1","preKeyId":10997678}}},"version":"v1"}