{"_sessions":{"BREe1wtnv1Ot7cB5ZMnNMxXMbfvP01jiVwBUBLrTWqUJ":{"registrationId":2124022681,"currentRatchet":{"ephemeralKeyPair":{"pubKey":"BUq0ZFNuZFLHC1T/T8CBhjisAGZCSnaMHqrBNKskazx5","privKey":"+H1LB+e7SGueFgOnUWn5oj8QnWT3acxErv4w9iuWymE="},"lastRemoteEphemeralKey":"BfY411mM+p9rk0OSDXmHWjEG9upNm7ohjo6ERwVvCjxg","previousCounter":0,"rootKey":"60TNHkIwIKpkdCA2OG9PYKzCZZQxTJVFKJ7mNYNsJPQ="},"indexInfo":{"baseKey":"BREe1wtnv1Ot7cB5ZMnNMxXMbfvP01jiVwBUBLrTWqUJ","baseKeyType":1,"closed":-1,"used":1706967472370,"created":1706967472370,"remoteIdentityKey":"BbBp3Y00MTC2ulroXVVCz02RajoOTRGa6qPmhJ/NJwVr"},"_chains":{"BUq0ZFNuZFLHC1T/T8CBhjisAGZCSnaMHqrBNKskazx5":{"chainKey":{"counter":6,"key":"YQ7abVXmTvEpw8GBiQxA3Babo6TGHqeW/IvC5fA6cMU="},"chainType":1,"messageKeys":{}}},"pendingPreKey":{"signedKeyId":0,"baseKey":"BREe1wtnv1Ot7cB5ZMnNMxXMbfvP01jiVwBUBLrTWqUJ"}}},"version":"v1"}