{"_sessions":{"BY3hDgqSKq5R17SDzrOfdLyLFPBGzB+w2p3VRrJOgk8o":{"registrationId":1128383812,"currentRatchet":{"ephemeralKeyPair":{"pubKey":"BaXbTNybWx0frNDSZX/XnqtRqGN+7XPFuLAmLUhdhShg","privKey":"SO+TM+sinhXkeOz5vDJ29kp+aUgNtFuUuPm3cMzhO2A="},"lastRemoteEphemeralKey":"BfsqcHyo0+lPIhGnUCaQSVnApeXkt84xVORkk/3V1OUy","previousCounter":0,"rootKey":"4W9pSEKBiQjyHjn2OEZLH/qEo2QTLc8iGqVRJ35nZAY="},"indexInfo":{"baseKey":"BY3hDgqSKq5R17SDzrOfdLyLFPBGzB+w2p3VRrJOgk8o","baseKeyType":1,"closed":-1,"used":1706967472758,"created":1706967472758,"remoteIdentityKey":"BWv7L66tidWVpMUH1TlgULsldRB/hnEgR/TIqTNMZuAY"},"_chains":{"BaXbTNybWx0frNDSZX/XnqtRqGN+7XPFuLAmLUhdhShg":{"chainKey":{"counter":6,"key":"6mWbaZRJbJuDGCMCCLNCrAh/3b2mt3/F+0FADZ++RM4="},"chainType":1,"messageKeys":{}}},"pendingPreKey":{"signedKeyId":0,"baseKey":"BY3hDgqSKq5R17SDzrOfdLyLFPBGzB+w2p3VRrJOgk8o","preKeyId":15399733}}},"version":"v1"}