{"_sessions":{"BR6ivmEXP5jE3h7MTyRwS15mempjxjl0Gg30sRhOLI1f":{"registrationId":1162849371,"currentRatchet":{"ephemeralKeyPair":{"pubKey":"BTPfBmDrCUlHjXntTirwSJ+x+kKFkUDcHd+777Ut014i","privKey":"4NrBJC2h+bQzd3TrqCBeNHjz4Kx31i5bE4QZi5KkJUE="},"lastRemoteEphemeralKey":"BTzfmqMq7TSBz+WTod90EE8/LmQDpwsv1PeAVsoZkac0","previousCounter":0,"rootKey":"tNfaz2ysnyvCh9+fJkjZ6wprETZWEiGj//7SwRRgGrk="},"indexInfo":{"baseKey":"BR6ivmEXP5jE3h7MTyRwS15mempjxjl0Gg30sRhOLI1f","baseKeyType":1,"closed":-1,"used":1706967472749,"created":1706967472749,"remoteIdentityKey":"Bc18fcb/a51mkRRLSfB9AHBWMqjwiNot/fB49AnDzCV9"},"_chains":{"BTPfBmDrCUlHjXntTirwSJ+x+kKFkUDcHd+777Ut014i":{"chainKey":{"counter":6,"key":"jUsLpB0gc+721V/hPbjfKKKAQW0l2UTLRTagzXzrtNM="},"chainType":1,"messageKeys":{}}},"pendingPreKey":{"signedKeyId":4858209,"baseKey":"BR6ivmEXP5jE3h7MTyRwS15mempjxjl0Gg30sRhOLI1f","preKeyId":7876}}},"version":"v1"}