{"_sessions":{"BTbjIztAZWCcVI6tVAo+xgtHFBPTRbVfRqzljGnSjh8q":{"registrationId":832125981,"currentRatchet":{"ephemeralKeyPair":{"pubKey":"BXkDY9c3sy7sxDXamEl7/sSpTjmtW2s0WLowhQA8k2R+","privKey":"cMJjrn4cv/t8u/BMKbrBOMmU8jbL8ntAPhibNKj1L2I="},"lastRemoteEphemeralKey":"BdmU/EtK2122dOQHetBbGrC93MJG9vVdHD+P2NZj4H0x","previousCounter":0,"rootKey":"Vp5No5RgFSMDx5KaLn18z0SHJ3eTPMnNQDIzkFBCkwI="},"indexInfo":{"baseKey":"BTbjIztAZWCcVI6tVAo+xgtHFBPTRbVfRqzljGnSjh8q","baseKeyType":1,"closed":-1,"used":1706967473182,"created":1706967473182,"remoteIdentityKey":"BW4ZlshL9KN++H8/FIhP8k/J0NnZij08QC5RFoXmtEFQ"},"_chains":{"BXkDY9c3sy7sxDXamEl7/sSpTjmtW2s0WLowhQA8k2R+":{"chainKey":{"counter":6,"key":"Q3jzTh6L2CF93wIslsp0oKlxgbIoLIhFLy6V4FxSaR0="},"chainType":1,"messageKeys":{}}},"pendingPreKey":{"signedKeyId":1,"baseKey":"BTbjIztAZWCcVI6tVAo+xgtHFBPTRbVfRqzljGnSjh8q"}}},"version":"v1"}