{"_sessions":{"BS1u3hxWRLVosee+mGRYku49OW8imIzuNxq3/VPIf3M5":{"registrationId":1605656484,"currentRatchet":{"ephemeralKeyPair":{"pubKey":"BY9kS8E8ilbLHe+heBBcI3s8j5FSen7Z2YQk8LFjrSEo","privKey":"8H/U3VHRweku4JAcMchutJ1j8+r0njZO0Iznw1YamXo="},"lastRemoteEphemeralKey":"BdkNkgrl+n3/vMduF31hyFGJqc2gZK0Zdo6tvkFrnDB1","previousCounter":0,"rootKey":"EbCa+Jzci285hR8aRHddtrUseAquWWWOEHIxjz3ddcA="},"indexInfo":{"baseKey":"BS1u3hxWRLVosee+mGRYku49OW8imIzuNxq3/VPIf3M5","baseKeyType":1,"closed":-1,"used":1706967473048,"created":1706967473048,"remoteIdentityKey":"BTKOlAWMf1kmFIuGOuo61GnRIRodUS4u7JgYzlKvb9Rk"},"_chains":{"BY9kS8E8ilbLHe+heBBcI3s8j5FSen7Z2YQk8LFjrSEo":{"chainKey":{"counter":6,"key":"9MB/Q04LQrj5kvj9hV4H4OXxQKHek5+am8vxObBdYQE="},"chainType":1,"messageKeys":{}}},"pendingPreKey":{"signedKeyId":27,"baseKey":"BS1u3hxWRLVosee+mGRYku49OW8imIzuNxq3/VPIf3M5","preKeyId":385245}}},"version":"v1"}