{"_sessions":{"BQ4UbhPGxsaqSUBFzyw+twL2ZKWP+AnEtzmjxT9aax1b":{"registrationId":1489068636,"currentRatchet":{"ephemeralKeyPair":{"pubKey":"BUujBME7yIAgSYmXUHxTfA5UWDiYceVcqm3/pF0KD7cD","privKey":"MLEabmc8DPFaGRjhU0aywa+KpLHcxcq/W4mj4q6+LlI="},"lastRemoteEphemeralKey":"BVFjzbF41/kVrnvW9pW+PtWDLTTBSrVLXmJvU0lB87ZO","previousCounter":0,"rootKey":"p8eL4U0W9ldzJO4A5EsUks+/1pGLkS5GNqkuFGOq8oc="},"indexInfo":{"baseKey":"BQ4UbhPGxsaqSUBFzyw+twL2ZKWP+AnEtzmjxT9aax1b","baseKeyType":1,"closed":-1,"used":1706967474017,"created":1706967474017,"remoteIdentityKey":"BdbZMXk1n1D4aRvfUqpdPp9jNelWLPlZ6gTBJUkH2+Qs"},"_chains":{"BUujBME7yIAgSYmXUHxTfA5UWDiYceVcqm3/pF0KD7cD":{"chainKey":{"counter":6,"key":"iebvKK68L4hYE5SK7p6keNjn2hNItUzi6SvBrj8Xv+A="},"chainType":1,"messageKeys":{}}},"pendingPreKey":{"signedKeyId":1,"baseKey":"BQ4UbhPGxsaqSUBFzyw+twL2ZKWP+AnEtzmjxT9aax1b","preKeyId":12042459}}},"version":"v1"}