{"_sessions":{"BV+BkKX+PCjRnrvpl42kAMFD65BN4nK63dxxqZqwc1dC":{"registrationId":824230825,"currentRatchet":{"ephemeralKeyPair":{"pubKey":"BYTsxndjt47UrzRJnRVi9M6tyP7Fg+TJw7kqwLMcuHl8","privKey":"6PC5PIQwMfEoa1Xr7oCH3sPABDA/k7+PKaOu2RJTRVY="},"lastRemoteEphemeralKey":"BbvTAyjqAmusfjosHswzflLKAGype18XIDAFQLTqyoQx","previousCounter":0,"rootKey":"MQM5mtOEU9ZYi1sm8fhlhLT0ViGnl1NAvCW7Lqx9Qzk="},"indexInfo":{"baseKey":"BV+BkKX+PCjRnrvpl42kAMFD65BN4nK63dxxqZqwc1dC","baseKeyType":1,"closed":-1,"used":1706967473397,"created":1706967473397,"remoteIdentityKey":"Ba5EaJcMFgMSIiZbtJASstnUVdvcuupCON7bKGfqIcNS"},"_chains":{"BYTsxndjt47UrzRJnRVi9M6tyP7Fg+TJw7kqwLMcuHl8":{"chainKey":{"counter":6,"key":"5Ydt3B4igLIPbuG9FUe8ypqeNnhKV9D9Rs+rTvgk3Vc="},"chainType":1,"messageKeys":{}}},"pendingPreKey":{"signedKeyId":1,"baseKey":"BV+BkKX+PCjRnrvpl42kAMFD65BN4nK63dxxqZqwc1dC","preKeyId":2858540}}},"version":"v1"}