{"_sessions":{"BVI8wnmVoCc/QT5wqJhDszsQsjYBI7iug3musAhiD9s3":{"registrationId":88659784,"currentRatchet":{"ephemeralKeyPair":{"pubKey":"BXuZz9sslP0iDRcHBFRfRy+q+e1sw5i4qYCTj1pHV2sS","privKey":"uL+03zjxlCL0ElORcvrUdqPjSrMF+rAFKLeFQSoC5Wo="},"lastRemoteEphemeralKey":"BTl0mOqh4IRZPR0gn7o0Vrq28S3o2azyXO62BRZoBoFI","previousCounter":0,"rootKey":"8RKeip496Q3BdUcJA6omf4njpDGbtydBSu98OJRtZ5U="},"indexInfo":{"baseKey":"BVI8wnmVoCc/QT5wqJhDszsQsjYBI7iug3musAhiD9s3","baseKeyType":1,"closed":-1,"used":1706967473787,"created":1706967473787,"remoteIdentityKey":"BRq9jEpnYG43xHF64bK4v5z5g0aQe4xah6++pVcJkQV/"},"_chains":{"BXuZz9sslP0iDRcHBFRfRy+q+e1sw5i4qYCTj1pHV2sS":{"chainKey":{"counter":6,"key":"IK21ZKjEQgm5sKrWDM+BGEtbFhYOaHr9K21nWgAE1UM="},"chainType":1,"messageKeys":{}}},"pendingPreKey":{"signedKeyId":2,"baseKey":"BVI8wnmVoCc/QT5wqJhDszsQsjYBI7iug3musAhiD9s3","preKeyId":16466171}}},"version":"v1"}