{"_sessions":{"BYyvvR1z+mVmAgQour4WdkhpNdZzcd6u9nmQK6En5c5G":{"registrationId":930378736,"currentRatchet":{"ephemeralKeyPair":{"pubKey":"BQc68uBuaZM9ejTx6maINAUsGkB5y7pCsdf+6ZQiRi8F","privKey":"0HpahrcetIw69/s2k3du1zg6yGHIWEsKL376L8KHFmk="},"lastRemoteEphemeralKey":"Bc5xPhTogb6HxyBEVA+07Ktt263aINCt6B1FPSas/WUq","previousCounter":0,"rootKey":"lYVdOqKCOUd0QWtvtqXXoVeFc7fL0tdfAWq7PXoClNE="},"indexInfo":{"baseKey":"BYyvvR1z+mVmAgQour4WdkhpNdZzcd6u9nmQK6En5c5G","baseKeyType":1,"closed":-1,"used":1706967472352,"created":1706967472352,"remoteIdentityKey":"BRgeOp6V9v1LDhtJ61xTo4V/EyMzw0RUiiGp10KaFuNR"},"_chains":{"BQc68uBuaZM9ejTx6maINAUsGkB5y7pCsdf+6ZQiRi8F":{"chainKey":{"counter":6,"key":"T2rnkBgnu0Xr4r3qVkmz3hKznvFCmD9mCVY9sTsHcbw="},"chainType":1,"messageKeys":{}}},"pendingPreKey":{"signedKeyId":21,"baseKey":"BYyvvR1z+mVmAgQour4WdkhpNdZzcd6u9nmQK6En5c5G","preKeyId":13786285}}},"version":"v1"}