{"_sessions":{"BQ+toWV18+tPc6u2o9xzdJI9s32Bu4tW2WvsQR3NfJld":{"registrationId":1339326315,"currentRatchet":{"ephemeralKeyPair":{"pubKey":"BT+cOLCxfDbAOTnc84RhL0rO/YAQ8JGqGJzr1roEkyM1","privKey":"0IG1WLG/gaZLGTM/sGgyTnrcczcTi7oNTkKBJWR1GnM="},"lastRemoteEphemeralKey":"BUqNF0sEIT8grtbR3XLeWNkmGo262oO69/owPo3TXOcr","previousCounter":0,"rootKey":"y59pGT7PNZtDZMdw1EtOvg4ktViwdmigwyA4+61P7fs="},"indexInfo":{"baseKey":"BQ+toWV18+tPc6u2o9xzdJI9s32Bu4tW2WvsQR3NfJld","baseKeyType":1,"closed":-1,"used":1706967471864,"created":1706967471864,"remoteIdentityKey":"BTXcAtDQBYGQvYpeYYrBHz/hvL3IK7ujMehLS6caKDYA"},"_chains":{"BT+cOLCxfDbAOTnc84RhL0rO/YAQ8JGqGJzr1roEkyM1":{"chainKey":{"counter":6,"key":"nFjYz5S/CuL9/YvKqustHJAPn1h6eFhMVut0x/glAg0="},"chainType":1,"messageKeys":{}}},"pendingPreKey":{"signedKeyId":1,"baseKey":"BQ+toWV18+tPc6u2o9xzdJI9s32Bu4tW2WvsQR3NfJld"}}},"version":"v1"}