{"_sessions":{"BXeRgu3JBQQEdOF2u7+a0baYwD78C/NDlArK+PPXx4oR":{"registrationId":601612397,"currentRatchet":{"ephemeralKeyPair":{"pubKey":"BcLcefk1wWM4DYV5lR/8xWFji0YwwyXAVIKThNiovXg8","privKey":"eMH3Z7oJzu/QiMuKW8YRiQPQzDla2VorWRw5xOAbAHI="},"lastRemoteEphemeralKey":"BZroMawp2CXZn+TuNcJdX+GWO0jf/1Zk5z/PFlpK5pdI","previousCounter":0,"rootKey":"y3uMsuMom/ES60MSyYqXSKHr2t60iusPoJ6vqT8PU7Y="},"indexInfo":{"baseKey":"BXeRgu3JBQQEdOF2u7+a0baYwD78C/NDlArK+PPXx4oR","baseKeyType":1,"closed":-1,"used":1706967472958,"created":1706967472958,"remoteIdentityKey":"BRZUCMY8wnMjDTmSRrhz4x+fen6kEpS/JdjWhHvShogo"},"_chains":{"BcLcefk1wWM4DYV5lR/8xWFji0YwwyXAVIKThNiovXg8":{"chainKey":{"counter":6,"key":"odS20a2juDt7WiYgL/RI3al/D6YDtPwhOdDFCauRVEU="},"chainType":1,"messageKeys":{}}},"pendingPreKey":{"signedKeyId":15,"baseKey":"BXeRgu3JBQQEdOF2u7+a0baYwD78C/NDlArK+PPXx4oR","preKeyId":3666540}}},"version":"v1"}