{"_sessions":{"Bb+Ge+P3s3P6FN/NNOFlq+0heQ6SsVTG19RhzbeYiShW":{"registrationId":1723833891,"currentRatchet":{"ephemeralKeyPair":{"pubKey":"BQMtyvcyiYMmFCadu5lKl8RBUNMlfBkSloDH18HzxQ9/","privKey":"kCE3hOsF6mW3mUTU5gqrTnibGMcyR70qGm/sEMO7SHA="},"lastRemoteEphemeralKey":"BWdMrFOsbtvmLmwSgRuEyfn7G2ebnfNEd2mqiyzWSfpS","previousCounter":0,"rootKey":"D0mUetWR88NiLEwBWk//qOO+dXFrRc4PSo+rYbAlk4k="},"indexInfo":{"baseKey":"Bb+Ge+P3s3P6FN/NNOFlq+0heQ6SsVTG19RhzbeYiShW","baseKeyType":1,"closed":-1,"used":1706967473601,"created":1706967473601,"remoteIdentityKey":"BYJKbZc0L5Z2wjkBV8h9fSMsh4Lyp0l2BzRjtC8ZANQs"},"_chains":{"BQMtyvcyiYMmFCadu5lKl8RBUNMlfBkSloDH18HzxQ9/":{"chainKey":{"counter":6,"key":"d+9jKkPOmWN46aM4H8nYdJw3ouodVrjT4unFA171mAs="},"chainType":1,"messageKeys":{}}},"pendingPreKey":{"signedKeyId":6,"baseKey":"Bb+Ge+P3s3P6FN/NNOFlq+0heQ6SsVTG19RhzbeYiShW","preKeyId":1055602}}},"version":"v1"}