{"_sessions":{"BR85W9kVwCvr0bS/8VdZaK4GfvN5LIeVKlkoMHsk/c1P":{"registrationId":705060936,"currentRatchet":{"ephemeralKeyPair":{"pubKey":"Bcl2Ey0nDCByIpq/tpff8kDweosAOVYbFRiaAdwI2/kH","privKey":"+CGT/sFtXcAmnw7s1i9MuFgAnuZzUmLzctVp/HM+s0g="},"lastRemoteEphemeralKey":"BSvFAxfsMSQfeaSuLvAJao65f9AGxRgu4TGjzOt0B8UQ","previousCounter":0,"rootKey":"lUNpVlqakm73E5kBUdCdY9CFMVuht84+fU498W2iQ6w="},"indexInfo":{"baseKey":"BR85W9kVwCvr0bS/8VdZaK4GfvN5LIeVKlkoMHsk/c1P","baseKeyType":1,"closed":-1,"used":1706967472008,"created":1706967472008,"remoteIdentityKey":"BUIqaNOAsoUtnAb3miqiXtEzDGxX34Ozm/Cx9vAQeJ0n"},"_chains":{"Bcl2Ey0nDCByIpq/tpff8kDweosAOVYbFRiaAdwI2/kH":{"chainKey":{"counter":6,"key":"Nt9RC1AEf5EW1m/8iqbLdBxSx5C710G0vOeR0GwRJSM="},"chainType":1,"messageKeys":{}}},"pendingPreKey":{"signedKeyId":22,"baseKey":"BR85W9kVwCvr0bS/8VdZaK4GfvN5LIeVKlkoMHsk/c1P"}}},"version":"v1"}