{"_sessions":{"BQgDObHcQ+ra9sujbeSband4BQXi5aRFAMd4EQOCjThw":{"registrationId":1864949196,"currentRatchet":{"ephemeralKeyPair":{"pubKey":"BdKJd0B86BR/Yn5KYNb8fD2GazUKRlwZBp3O/lr3sI4O","privKey":"+CkdtXDkrcUGtGgnW5luQixcn6Qg8IqD7IxHRuMyXH8="},"lastRemoteEphemeralKey":"BVZyHa43/ynpayliu8e7+0I8ujBB1RCnY0Qhjo1z37EB","previousCounter":0,"rootKey":"97HaDdIggD1JttpbCzCkzSN8K5fSg8CsmdExK1t/TPI="},"indexInfo":{"baseKey":"BQgDObHcQ+ra9sujbeSband4BQXi5aRFAMd4EQOCjThw","baseKeyType":1,"closed":-1,"used":1706967473961,"created":1706967473961,"remoteIdentityKey":"BdJiYE/q5rljUiCuRN43Mxa9ZHc+zWCBwN6hG2VdEzZK"},"_chains":{"BdKJd0B86BR/Yn5KYNb8fD2GazUKRlwZBp3O/lr3sI4O":{"chainKey":{"counter":6,"key":"EnFVbzb3k3PqTqsNzrtb850Lo39mrdz6aAMI6wFAAV4="},"chainType":1,"messageKeys":{}}},"pendingPreKey":{"signedKeyId":4,"baseKey":"BQgDObHcQ+ra9sujbeSband4BQXi5aRFAMd4EQOCjThw","preKeyId":11993712}}},"version":"v1"}