{"_sessions":{"BYt0EqSxKoi98yyHEOYf/d0j8Gt+p2ErpOCa5bnPr3ZR":{"registrationId":1095021775,"currentRatchet":{"ephemeralKeyPair":{"pubKey":"BToPKULSCnuZiU0CgtekA7GvANk9NqDLQvvH+jGD5b4J","privKey":"KID9gHFlnukrOthGdC0jZ+nFw4ciS03r/He/n8GAwkA="},"lastRemoteEphemeralKey":"BbtwscN0Lx89ktbdJB5fZKBJpApWAoVYmnroRE4tB+x+","previousCounter":4,"rootKey":"hjLQ8jR7tNHaRbK2d1iePJxAPfmxh+pJ/KcHKpOTBbM="},"indexInfo":{"baseKey":"BYt0EqSxKoi98yyHEOYf/d0j8Gt+p2ErpOCa5bnPr3ZR","baseKeyType":2,"closed":-1,"used":1706967623983,"created":1706967314245,"remoteIdentityKey":"BZu0VEnT9PPiC8FALRScL03Mlqsda28XB9hT8ZtFo95V"},"_chains":{"BcYttr3yFbKLXVve48afDbT/pFBfqHBdJG5+eDVpTioN":{"chainKey":{"counter":0},"chainType":2,"messageKeys":{}},"BbtwscN0Lx89ktbdJB5fZKBJpApWAoVYmnroRE4tB+x+":{"chainKey":{"counter":0,"key":"cPV+7OgtWOwI6CTEEZB6YI5uVTG35lcHkPddMOoTuHo="},"chainType":2,"messageKeys":{}},"BToPKULSCnuZiU0CgtekA7GvANk9NqDLQvvH+jGD5b4J":{"chainKey":{"counter":1,"key":"coTpPz94EIMK/xlfnCyafVZPhNyL+xnEiITKzM8VOoc="},"chainType":1,"messageKeys":{}}}}},"version":"v1"}