{"_sessions":{"BQ4HVTKe88ZFa3Kn09R8609bUilHpX/cL1EuqkK2utpe":{"registrationId":1540321506,"currentRatchet":{"ephemeralKeyPair":{"pubKey":"Be8ayjZ3O4pgfKXnb2+x50OgwCcxpIwnEWn5MMo46m00","privKey":"cNtaLc8dHcwo0ZI3h6OlfQm5e/2YLyL2p/VJhm4mV1w="},"lastRemoteEphemeralKey":"BTRFaLdo/NpdNvLWT+hf7OhOhFK3ltXK9y7/i34ZSect","previousCounter":0,"rootKey":"9ccazYTyh1WKqcSbEAnXvzpyC3glEIpKCe4/ISDkQzg="},"indexInfo":{"baseKey":"BQ4HVTKe88ZFa3Kn09R8609bUilHpX/cL1EuqkK2utpe","baseKeyType":1,"closed":-1,"used":1706967473513,"created":1706967473513,"remoteIdentityKey":"BZJ1rxrVzBGWZJPSZS+5QF7cde1FniGuLT7hf/5MsqIf"},"_chains":{"Be8ayjZ3O4pgfKXnb2+x50OgwCcxpIwnEWn5MMo46m00":{"chainKey":{"counter":6,"key":"W04g9FoT86nP9n+eu0cfwPXwmNsqTrBYn7B64eZeLX8="},"chainType":1,"messageKeys":{}}},"pendingPreKey":{"signedKeyId":0,"baseKey":"BQ4HVTKe88ZFa3Kn09R8609bUilHpX/cL1EuqkK2utpe","preKeyId":9272760}}},"version":"v1"}