{"_sessions":{"BTo5eeiYZE8ts/M7IU7tRjZmqGBG7BPRpfyiONGTDKgm":{"registrationId":1584327932,"currentRatchet":{"ephemeralKeyPair":{"pubKey":"BZnLR7FlEdkV9a57d1BY0jQ80y9qsE4KQeUznusyAvY1","privKey":"kP/Xsw3bhJJ9wCwPe+hu85Y5S6fBMP0Fm6v0QE4G2EE="},"lastRemoteEphemeralKey":"BfJWQIEi2UjHYONCBbj7hj5a5ZIhMfOEZmfob0ZbJOIn","previousCounter":0,"rootKey":"vSOorbjMjDA2SAYr7zbV7LEMt5jNE1/KCGhU29yRbw0="},"indexInfo":{"baseKey":"BTo5eeiYZE8ts/M7IU7tRjZmqGBG7BPRpfyiONGTDKgm","baseKeyType":1,"closed":-1,"used":1706967472615,"created":1706967472615,"remoteIdentityKey":"BdXMx/LC1ioo3N5FQUxkZxHEPtwZQrICLpfU47CWbUIY"},"_chains":{"BZnLR7FlEdkV9a57d1BY0jQ80y9qsE4KQeUznusyAvY1":{"chainKey":{"counter":6,"key":"NY5k/y+xWYD3qVt9K5dnkk+g+u86DsXwepwmvns7Lko="},"chainType":1,"messageKeys":{}}},"pendingPreKey":{"signedKeyId":8,"baseKey":"BTo5eeiYZE8ts/M7IU7tRjZmqGBG7BPRpfyiONGTDKgm"}}},"version":"v1"}