{"_sessions":{"Bb8uKsfNwffHZB/+CHMgTmJiB96M/NGvU9ivlbWtt4hz":{"registrationId":366262961,"currentRatchet":{"ephemeralKeyPair":{"pubKey":"BXRhQZV1c5KKx0ZhlX+VOPmtxYklctPuiFKkKFKDB09Q","privKey":"CFgZGDg6BNHG/tSG4s86oLGbnM4JwzVcq5Zj8Ijeq20="},"lastRemoteEphemeralKey":"BWJnx5wkwgGwdGTOHvALWiQEn8Sj5Yz0kINJ8s79kWUN","previousCounter":0,"rootKey":"ABabUopGh18KzZtsi2mgFgu4N9cLXocQvuCfePnJCcg="},"indexInfo":{"baseKey":"Bb8uKsfNwffHZB/+CHMgTmJiB96M/NGvU9ivlbWtt4hz","baseKeyType":1,"closed":-1,"used":1706967473311,"created":1706967473311,"remoteIdentityKey":"BVrxiTxNFDzuCAZMjPs+QfDQTnVU9VriZdlHUQjCTqAN"},"_chains":{"BXRhQZV1c5KKx0ZhlX+VOPmtxYklctPuiFKkKFKDB09Q":{"chainKey":{"counter":6,"key":"DIqMWs9aA5ZliCj+F3mXhIvEszC/K2YDC8FXTK1reM4="},"chainType":1,"messageKeys":{}}},"pendingPreKey":{"signedKeyId":1,"baseKey":"Bb8uKsfNwffHZB/+CHMgTmJiB96M/NGvU9ivlbWtt4hz","preKeyId":7739217}}},"version":"v1"}