{"_sessions":{"BagQpahI0sGhfoFqMXaDs6UMqQJYj3+HV19dR0vb4sh3":{"registrationId":64808213,"currentRatchet":{"ephemeralKeyPair":{"pubKey":"BS7OrslHc7Csuo9z1o46badQb51PzvwFvhXJJM4Gu2pr","privKey":"aI0sNVO2t9/pkIpRyScgL9/K/EYveaeSzQHcN1s0H1Q="},"lastRemoteEphemeralKey":"BZpXmf1o/4Oez9OD9sfvgvKpaO8bkIi6IIth1QCA2hVn","previousCounter":0,"rootKey":"208pJqbl/S9p41SRT1NT4Z8uyO/vV18jK0yEpCrT3T0="},"indexInfo":{"baseKey":"BagQpahI0sGhfoFqMXaDs6UMqQJYj3+HV19dR0vb4sh3","baseKeyType":1,"closed":-1,"used":1706967473017,"created":1706967473017,"remoteIdentityKey":"BWKtxO6bNZ7hr/NZDOiDHgeB2h5k7oESCHzXLmei2Ndu"},"_chains":{"BS7OrslHc7Csuo9z1o46badQb51PzvwFvhXJJM4Gu2pr":{"chainKey":{"counter":6,"key":"Vv96Yh9EAF/RF20Cb8XcqLFoWDrkPx4LH7owNGsG6cg="},"chainType":1,"messageKeys":{}}},"pendingPreKey":{"signedKeyId":4,"baseKey":"BagQpahI0sGhfoFqMXaDs6UMqQJYj3+HV19dR0vb4sh3","preKeyId":2730780}}},"version":"v1"}