{"_sessions":{"BZFo24osLBTQeE/sSSzXN25TIBoZTwr+1bUvKl/Tt2c1":{"registrationId":2019076513,"currentRatchet":{"ephemeralKeyPair":{"pubKey":"BSrIetRjt1cE2LjdusHZf6YOCu4bfoSUzxignzlqBgBr","privKey":"CMyC/YOox9ef9spLHuTOXq3hKPJcxO2ZI8ougNUR6k8="},"lastRemoteEphemeralKey":"BW56QT952VnCnCJTU2ozc45ZtQOa/aWp6WZUO74JBqxm","previousCounter":0,"rootKey":"Car49jbBCKUiSZrry0J8YqlugEef4U0r3QZ0IVc+9Fo="},"indexInfo":{"baseKey":"BZFo24osLBTQeE/sSSzXN25TIBoZTwr+1bUvKl/Tt2c1","baseKeyType":1,"closed":-1,"used":1706967472859,"created":1706967472859,"remoteIdentityKey":"BRD0DWFxl4iLqtm3FrlPuiYxF34RyAEPaEy2kktpgCEx"},"_chains":{"BSrIetRjt1cE2LjdusHZf6YOCu4bfoSUzxignzlqBgBr":{"chainKey":{"counter":6,"key":"0FqaEnOHMnEu+epyKgrHJ/wZYmG9p+5yqMOTucooFWk="},"chainType":1,"messageKeys":{}}},"pendingPreKey":{"signedKeyId":5,"baseKey":"BZFo24osLBTQeE/sSSzXN25TIBoZTwr+1bUvKl/Tt2c1","preKeyId":8088130}}},"version":"v1"}