{"_sessions":{"BSgOhsMnqZwlj/JwfSXuRiF3E7zKeOp1AWduOI1WiMx+":{"registrationId":1206661983,"currentRatchet":{"ephemeralKeyPair":{"pubKey":"BTdwpeES6wC6vDv+5YfdSNSuUL9WSXvSFjjuY0oCuxNh","privKey":"EI2icPWF3xHGKIMHkwp/6ICl2kZYHQrHz5Dv/iOIS00="},"lastRemoteEphemeralKey":"Bb14eAYo9VG86s6INj37nWgJWqN/Ej7GM6E80gsAwV4v","previousCounter":0,"rootKey":"Cxkx31wA1jmNvMR7SaiPktclThYEd5ft3uQV7QjvJcc="},"indexInfo":{"baseKey":"BSgOhsMnqZwlj/JwfSXuRiF3E7zKeOp1AWduOI1WiMx+","baseKeyType":1,"closed":-1,"used":1706967473054,"created":1706967473054,"remoteIdentityKey":"BVMShCRDv1g2iRMONtrPBXKHIL1YS7GuNfL3lx14EToG"},"_chains":{"BTdwpeES6wC6vDv+5YfdSNSuUL9WSXvSFjjuY0oCuxNh":{"chainKey":{"counter":6,"key":"3XKjEnpYG7GGegxEXTqajw/4zSERJk4gr9fKan5EF3g="},"chainType":1,"messageKeys":{}}},"pendingPreKey":{"signedKeyId":10,"baseKey":"BSgOhsMnqZwlj/JwfSXuRiF3E7zKeOp1AWduOI1WiMx+","preKeyId":2119794}}},"version":"v1"}