{"_sessions":{"BVfuJdrqMn6gEMwTKAlJ27Hz/HrWqM0rGxSzeLsxQdAS":{"registrationId":628993171,"currentRatchet":{"ephemeralKeyPair":{"pubKey":"Ba//bhN7P4D3M67D3d85TEx6hwT2SDOJ0i6cUlOp/6tt","privKey":"AJXT7aiUjuCfrlv7jJ/4lAi2E3cN+t1clToxdmftaEg="},"lastRemoteEphemeralKey":"BcBjrcjuGsVWqHVAhUAgR5Bf+cYbJ4ouM/oAsnbGrYRu","previousCounter":0,"rootKey":"JN8U6wmy+hj1/jCbYDIcx9wB3A3pZHz5zsBsmD8U3nk="},"indexInfo":{"baseKey":"BVfuJdrqMn6gEMwTKAlJ27Hz/HrWqM0rGxSzeLsxQdAS","baseKeyType":1,"closed":-1,"used":1706967473890,"created":1706967473890,"remoteIdentityKey":"Be3fUaH0clNqC+5ymKa4GktraYZI6QEGzG/7AlYJ6u4O"},"_chains":{"Ba//bhN7P4D3M67D3d85TEx6hwT2SDOJ0i6cUlOp/6tt":{"chainKey":{"counter":6,"key":"/070GtZAehl9fww1aQcaVD2+9t2wrKykmdZ1ka3kHaA="},"chainType":1,"messageKeys":{}}},"pendingPreKey":{"signedKeyId":6,"baseKey":"BVfuJdrqMn6gEMwTKAlJ27Hz/HrWqM0rGxSzeLsxQdAS","preKeyId":8220188}}},"version":"v1"}