{"_sessions":{"BdfucjE3G5n9YCOmUkJt+J4csvsnZ3IPCchplJo19oZQ":{"registrationId":700322765,"currentRatchet":{"ephemeralKeyPair":{"pubKey":"BdiSK3y/ja789/gnNhs3MvnIV+LwCi6EaEQrBjP7YgkU","privKey":"gAyQ8MNpDFpBY88W/9dfK5nBhj6FsYzhlHVEkMunsVU="},"lastRemoteEphemeralKey":"BUzC1QlCsUyR3rW4Fww6x6w7bL5lj8I4cYJUf667sKFX","previousCounter":0,"rootKey":"yXga82NxnPR8Uz8guymHU/CI9m0IBZriaKa/0VieYlE="},"indexInfo":{"baseKey":"BdfucjE3G5n9YCOmUkJt+J4csvsnZ3IPCchplJo19oZQ","baseKeyType":1,"closed":-1,"used":1706967472427,"created":1706967472427,"remoteIdentityKey":"BcLT9hOk8IwmA+gq3dwnuvniglOuFhKhwaB4QSYbaEl0"},"_chains":{"BdiSK3y/ja789/gnNhs3MvnIV+LwCi6EaEQrBjP7YgkU":{"chainKey":{"counter":6,"key":"OEdA/yqnaHNngfoJ/vwU5KsyWrQ49AEoZrLHJPmhrw4="},"chainType":1,"messageKeys":{}}},"pendingPreKey":{"signedKeyId":19,"baseKey":"BdfucjE3G5n9YCOmUkJt+J4csvsnZ3IPCchplJo19oZQ","preKeyId":12142646}}},"version":"v1"}