{"_sessions":{"BR91H1ey6KFoveuVxdOTm8LlpCEGnsEW5S/G0lALY2IT":{"registrationId":1720856620,"currentRatchet":{"ephemeralKeyPair":{"pubKey":"BXHGvVACC7Gx06bHxaYL6h3CpRcJZ+sbb2J1mCjyTAAp","privKey":"6AuylDuExS9ejxe4+fyHrRyhC0l9ckSnI518KkXmXGY="},"lastRemoteEphemeralKey":"BZ8veMucNo0803bgj47TjNJ/VaF1eJ+W+QmW86KsU988","previousCounter":0,"rootKey":"xcUnipKndONvJfLDzuImt9LektK6x1PDUQ/GeVukXkE="},"indexInfo":{"baseKey":"BR91H1ey6KFoveuVxdOTm8LlpCEGnsEW5S/G0lALY2IT","baseKeyType":1,"closed":-1,"used":1706967473353,"created":1706967473353,"remoteIdentityKey":"BfycwvulC+SSPoCDnDXzRSDs4j3F/Lfx8yYxJa4W37Yt"},"_chains":{"BXHGvVACC7Gx06bHxaYL6h3CpRcJZ+sbb2J1mCjyTAAp":{"chainKey":{"counter":6,"key":"3O4E+VrIhPOvvctKkSFvYiFqy7Ngql+SfNSokMWEBmI="},"chainType":1,"messageKeys":{}}},"pendingPreKey":{"signedKeyId":22,"baseKey":"BR91H1ey6KFoveuVxdOTm8LlpCEGnsEW5S/G0lALY2IT","preKeyId":15087140}}},"version":"v1"}