{"_sessions":{"BWSThjqOVWsZni5hTkkZaVV35k4sZVUx06fdLsSeRKgq":{"registrationId":15739,"currentRatchet":{"ephemeralKeyPair":{"pubKey":"BcTim/CgYdU/BprP1xH16nKPx2hVFFXr/Fl97OCzJEdm","privKey":"6Cm4L/uBLx+99IinYicaD0iYLkUPDVCk4TuRtPxOz1c="},"lastRemoteEphemeralKey":"BWat2kWc5ZLImusE6jGP76ojd0db4dO+/yc1h0vt4ZZt","previousCounter":0,"rootKey":"G0vcQ6eieCXWe2BZGuCE7tgJLR1jbPm/1xEQ08HaYVk="},"indexInfo":{"baseKey":"BWSThjqOVWsZni5hTkkZaVV35k4sZVUx06fdLsSeRKgq","baseKeyType":1,"closed":-1,"used":1706967471687,"created":1706967471687,"remoteIdentityKey":"BTmWcV4+NnNYRdA8g8bZ865AWyygwGls9SBETQO/5bpx"},"_chains":{"BcTim/CgYdU/BprP1xH16nKPx2hVFFXr/Fl97OCzJEdm":{"chainKey":{"counter":6,"key":"O1CmWGbUR8tR6EbSx47Vuq+paXc+AYs5KubRGCa93Ro="},"chainType":1,"messageKeys":{}}},"pendingPreKey":{"signedKeyId":1,"baseKey":"BWSThjqOVWsZni5hTkkZaVV35k4sZVUx06fdLsSeRKgq","preKeyId":869}}},"version":"v1"}