{"_sessions":{"BdERKQGDJgWjEV6zc7AX9goofWuzOP9OQcIo6qeAPA5E":{"registrationId":1846908036,"currentRatchet":{"ephemeralKeyPair":{"pubKey":"BVOpbajFaUXdS3O2lxRyixB0Q15O40D+rtxoS/1lbdgL","privKey":"eEn6vKu3nNTlBgpX1BXrfo+YSvqbf8CIx0+j0QdHs0s="},"lastRemoteEphemeralKey":"BWiFbVULC4ly3hQSZgq4pHeyXQSJ3P09bhYZ8JkjHZ4Y","previousCounter":0,"rootKey":"TvDJYrUgG9NwTslLVvaC1wjiROuSgaxt2bd72aKBU3o="},"indexInfo":{"baseKey":"BdERKQGDJgWjEV6zc7AX9goofWuzOP9OQcIo6qeAPA5E","baseKeyType":1,"closed":-1,"used":1706967472686,"created":1706967472686,"remoteIdentityKey":"BTtq+LZpi0Uc5+oXBx5wkiOdFV9zZhRj4VRj0nkQHg4w"},"_chains":{"BVOpbajFaUXdS3O2lxRyixB0Q15O40D+rtxoS/1lbdgL":{"chainKey":{"counter":6,"key":"FQVxrd4D+fZvcG/DsNoL8OIvWxq2tcmZaTvRh3EeeL8="},"chainType":1,"messageKeys":{}}},"pendingPreKey":{"signedKeyId":1,"baseKey":"BdERKQGDJgWjEV6zc7AX9goofWuzOP9OQcIo6qeAPA5E","preKeyId":5395348}}},"version":"v1"}