{"_sessions":{"BWszlelkguKuTvalEBTLYECVALrT0kU9GmWcF2hPDOBo":{"registrationId":1722805902,"currentRatchet":{"ephemeralKeyPair":{"pubKey":"BfJb1VmTQmNP8N9cBZFVDOGsIpFlLnM19EmAlPG6/AF0","privKey":"QA+JvphkfMgyB2rLaml+whUusMtL5dFvLpjGFjXJlkg="},"lastRemoteEphemeralKey":"BbpT0lAaY1ofJuDxrfT2XNjPo7GOKEkSqu32zlrCUcEd","previousCounter":0,"rootKey":"or35GFd/g6eVFxdd1gdq9uAbJH2NO4IjxdWBU1sSR3A="},"indexInfo":{"baseKey":"BWszlelkguKuTvalEBTLYECVALrT0kU9GmWcF2hPDOBo","baseKeyType":1,"closed":-1,"used":1706967473801,"created":1706967473801,"remoteIdentityKey":"Be+jEYDTr67nF3baEHe+PhjGpSso19kAK8fM3QXSiXox"},"_chains":{"BfJb1VmTQmNP8N9cBZFVDOGsIpFlLnM19EmAlPG6/AF0":{"chainKey":{"counter":6,"key":"PZJ3ddiFdRXebyq5vKnN2quxfGFHXCUy77p4PahJm50="},"chainType":1,"messageKeys":{}}},"pendingPreKey":{"signedKeyId":2,"baseKey":"BWszlelkguKuTvalEBTLYECVALrT0kU9GmWcF2hPDOBo","preKeyId":2491871}}},"version":"v1"}