{"_sessions":{"BfzFLose3a+beLUU0DdHt058E+K0nLRpQP7P7JEhpPk4":{"registrationId":1501493917,"currentRatchet":{"ephemeralKeyPair":{"pubKey":"BRgRA8oDaRivBGvRqbvV1Zz7XgPd0qfk9TB/7yruBZ12","privKey":"aPNAiKOjzi7drrdkg9A97svQRk4uQ0GqCIu0HZhe3Fk="},"lastRemoteEphemeralKey":"BWZgO3sFf9DphFdtBD8szCrvCKghui6pXjoOqUWsBbZS","previousCounter":0,"rootKey":"bMOSaHGqPmj0R3xNJuzDtnE5JyTbqyBjyJOCzWpD7f8="},"indexInfo":{"baseKey":"BfzFLose3a+beLUU0DdHt058E+K0nLRpQP7P7JEhpPk4","baseKeyType":1,"closed":-1,"used":1706967471546,"created":1706967471546,"remoteIdentityKey":"BflKQD2u4PRUyj/GTngxV+2P9I0zLkoPxncNJsJkcZEJ"},"_chains":{"BRgRA8oDaRivBGvRqbvV1Zz7XgPd0qfk9TB/7yruBZ12":{"chainKey":{"counter":6,"key":"V8KvHXUfAxcHnO7cDhBwos6n2+EWoXtmAryP2/aPNbU="},"chainType":1,"messageKeys":{}}},"pendingPreKey":{"signedKeyId":9805439,"baseKey":"BfzFLose3a+beLUU0DdHt058E+K0nLRpQP7P7JEhpPk4","preKeyId":2182}}},"version":"v1"}