{"_sessions":{"BTH2zu6JMxZ8c2S/r4UfMjndRjWzKDeQW+1+eWY6a/U2":{"registrationId":2020930142,"currentRatchet":{"ephemeralKeyPair":{"pubKey":"BbYYkpiU9TaQZ+FSBxxULtBXNFYWuJBF18rXA3kngRJG","privKey":"iLwHlYZ+KDfozvoXS+a1N/FdGRMJ/PekO5bqTMTqn1k="},"lastRemoteEphemeralKey":"BZi6jXlRFEiL5/I++WWlxqKBKyvW01wi+Q6q72c0ewlA","previousCounter":0,"rootKey":"NBNtVKC8C17J7KGqKvM6SJ3LKTXjFTMAVpt7aVm5BZs="},"indexInfo":{"baseKey":"BTH2zu6JMxZ8c2S/r4UfMjndRjWzKDeQW+1+eWY6a/U2","baseKeyType":1,"closed":-1,"used":1706967473609,"created":1706967473609,"remoteIdentityKey":"BeI2u/S3QKk36IsIoAJlHKGbeOyRxITkuzgtOcgMicl3"},"_chains":{"BbYYkpiU9TaQZ+FSBxxULtBXNFYWuJBF18rXA3kngRJG":{"chainKey":{"counter":6,"key":"kAGyJZK9KmYiPeRP9LkcPjpwltIR5lGOT0AWninEnVk="},"chainType":1,"messageKeys":{}}},"pendingPreKey":{"signedKeyId":10,"baseKey":"BTH2zu6JMxZ8c2S/r4UfMjndRjWzKDeQW+1+eWY6a/U2","preKeyId":5123525}}},"version":"v1"}