{"_sessions":{"BdN2H3zXC1dJxPSu7PZpax20q4nhjrUdLw2mHY+CRGgm":{"registrationId":1762846766,"currentRatchet":{"ephemeralKeyPair":{"pubKey":"BSRrCSfrVZKJkUYf1W1bSSx8Ew+OOo4hgOPbm8Qj2XMd","privKey":"uPLmN+cuneGu3oj9zAjaw4zk4l8SPTKgERMAsJ+g83c="},"lastRemoteEphemeralKey":"Bexjl6LAMm/43Sbt54slJ6WSeZ72pFn9J3y02QCTA6Rf","previousCounter":0,"rootKey":"VGJcqb939dxtQ4R5skuL+s9bfEzbOCUsT3MDXiDkRiY="},"indexInfo":{"baseKey":"BdN2H3zXC1dJxPSu7PZpax20q4nhjrUdLw2mHY+CRGgm","baseKeyType":1,"closed":-1,"used":1706967472039,"created":1706967472039,"remoteIdentityKey":"BZasy90HKRyB2PztTvOTlhcp2LTP0gOeULtVneXD105e"},"_chains":{"BSRrCSfrVZKJkUYf1W1bSSx8Ew+OOo4hgOPbm8Qj2XMd":{"chainKey":{"counter":6,"key":"SxmJURmpJqwRdNVjtQyuLaBdmYt0j91HTkCwv/yDXp8="},"chainType":1,"messageKeys":{}}},"pendingPreKey":{"signedKeyId":15223043,"baseKey":"BdN2H3zXC1dJxPSu7PZpax20q4nhjrUdLw2mHY+CRGgm","preKeyId":2729}}},"version":"v1"}