{"_sessions":{"BR2oY9gZTW6XdEz7pGIJiCeNTY/orYfIazBdGHmouU8I":{"registrationId":2104366577,"currentRatchet":{"ephemeralKeyPair":{"pubKey":"Bf6aolUC2ATAOSk+v5Dgncq8fMIIRMxu9Gqs1Jgg+goK","privKey":"gG+KpdKY9t+9oVtiCBpycvkmn3muiobs/TZXGVB1lmg="},"lastRemoteEphemeralKey":"BSogEnwximw4FpYvgDQGdkzXNDHY1a2Uq4prUHCfEH53","previousCounter":0,"rootKey":"eL2qUGYnlQadUT3BMosrmjybfBCMKK6j8wmFrcKl1lI="},"indexInfo":{"baseKey":"BR2oY9gZTW6XdEz7pGIJiCeNTY/orYfIazBdGHmouU8I","baseKeyType":1,"closed":-1,"used":1706967473642,"created":1706967473642,"remoteIdentityKey":"BfRJ7dF8kvN4yCegqFH7vurDu4tTLOfKLYnrhrhq5jwz"},"_chains":{"Bf6aolUC2ATAOSk+v5Dgncq8fMIIRMxu9Gqs1Jgg+goK":{"chainKey":{"counter":6,"key":"c4YUUe9LTfueSkEvwkPBWo8B2pRnyNpvv4i44Go4iVw="},"chainType":1,"messageKeys":{}}},"pendingPreKey":{"signedKeyId":6251356,"baseKey":"BR2oY9gZTW6XdEz7pGIJiCeNTY/orYfIazBdGHmouU8I","preKeyId":191}}},"version":"v1"}