{"_sessions":{"BXpHESD4lNjPjrFxqtr7Jy8FE8mSjvUwuu8NIIy/cgcL":{"registrationId":1306115255,"currentRatchet":{"ephemeralKeyPair":{"pubKey":"BTrsrKTFo7FAj3HXIUayvMiVfIn5oytuAsR6/4SGxtRi","privKey":"6DKTgkNSanB2YDCamn/76kKiU0d52nSFKFo2OMQLnUM="},"lastRemoteEphemeralKey":"BX/utGSpAcZlShKsNhsQKIl0aGtjjyBdRWdv/g26vEUg","previousCounter":0,"rootKey":"3exW4OOaam4o4SWEhtweKtG/Ywp7Empo9P/fg8r6hl8="},"indexInfo":{"baseKey":"BXpHESD4lNjPjrFxqtr7Jy8FE8mSjvUwuu8NIIy/cgcL","baseKeyType":1,"closed":-1,"used":1706967473102,"created":1706967473102,"remoteIdentityKey":"BT/0NNZQcQiorw25iy/13qY4Fs1aU9zGcYvM6x43Tsdj"},"_chains":{"BTrsrKTFo7FAj3HXIUayvMiVfIn5oytuAsR6/4SGxtRi":{"chainKey":{"counter":6,"key":"5zY8HBsI/asOOma8iLS4k2D/Ojv1KNoBKFu/ZjzFC5U="},"chainType":1,"messageKeys":{}}},"pendingPreKey":{"signedKeyId":20,"baseKey":"BXpHESD4lNjPjrFxqtr7Jy8FE8mSjvUwuu8NIIy/cgcL","preKeyId":11240417}}},"version":"v1"}