{"_sessions":{"BWgFx4Sv7ypoBwAdvrvGsdMF/36xEg1A3wijecovsSQK":{"registrationId":1541,"currentRatchet":{"ephemeralKeyPair":{"pubKey":"Bc3xuStU6qoNqCctZUGI1yGS6S4K8TA/hN4sM0MMNPgy","privKey":"yJYhMETXl6B9twtp/+zsHMnDzYDyADUNXs1cOaZGXFg="},"lastRemoteEphemeralKey":"BTg3QM5sZRIK4ej3cz7+ezD3DjqV2xs/PmgxHFU2jJR8","previousCounter":0,"rootKey":"lL4wY3SP9mqDDLNTUYxc5wxL2Jq4XK9vXlVawWYURh0="},"indexInfo":{"baseKey":"BWgFx4Sv7ypoBwAdvrvGsdMF/36xEg1A3wijecovsSQK","baseKeyType":1,"closed":-1,"used":1706967471590,"created":1706967471590,"remoteIdentityKey":"BVUhVD9CvememKupJgnpuyADXIXUqC5jXAgGxCDVJpQ0"},"_chains":{"Bc3xuStU6qoNqCctZUGI1yGS6S4K8TA/hN4sM0MMNPgy":{"chainKey":{"counter":6,"key":"PkC5+pZFlIQxmcfXixc8GBjZPomgj4QTxT4GLWxShB8="},"chainType":1,"messageKeys":{}}},"pendingPreKey":{"signedKeyId":3,"baseKey":"BWgFx4Sv7ypoBwAdvrvGsdMF/36xEg1A3wijecovsSQK","preKeyId":1774}}},"version":"v1"}