{"_sessions":{"BT2PdoUoKyfOi0ioDPaE19HVaULTJsBFnmUvVBPPCWQV":{"registrationId":1195304970,"currentRatchet":{"ephemeralKeyPair":{"pubKey":"BSeyEqZsp/RtaGQAVpnlTDP9jbFciFQbBV0jUbE97nVu","privKey":"8I12NqPnDr6iqOYXJNIYaOJgZaH08+2eTxRRchiXS2w="},"lastRemoteEphemeralKey":"BR8hD+NlcamPHgnVVtSl+CWI1rT7RbjzdoWgos70IHMp","previousCounter":0,"rootKey":"dPOXb4teP1ByI2Tt7ZYTwRjlgL+ru68LQyyBJHImFsY="},"indexInfo":{"baseKey":"BT2PdoUoKyfOi0ioDPaE19HVaULTJsBFnmUvVBPPCWQV","baseKeyType":1,"closed":-1,"used":1706967473306,"created":1706967473306,"remoteIdentityKey":"BWFvreuvrSLBIEZ7BsVnZGdDP/qBsKGZhr20asYAOg8/"},"_chains":{"BSeyEqZsp/RtaGQAVpnlTDP9jbFciFQbBV0jUbE97nVu":{"chainKey":{"counter":6,"key":"QOZywK8Bjs67zkQvBSzanyntEmTEyHMFMXTyn0HWxys="},"chainType":1,"messageKeys":{}}},"pendingPreKey":{"signedKeyId":4,"baseKey":"BT2PdoUoKyfOi0ioDPaE19HVaULTJsBFnmUvVBPPCWQV","preKeyId":16274221}}},"version":"v1"}