{"_sessions":{"BSbJPMJHMoiI1dzaRp+HuQ4ZBqna5Hoc0NO16XRSG+EL":{"registrationId":1748807277,"currentRatchet":{"ephemeralKeyPair":{"pubKey":"BX6VHzUrMNsIZnxFNyaQt632L4pyetvHRuNCov3rcLFo","privKey":"gAYOv6K3cckbvo3kaMGw5zzwS/GtIwPg2QobvV+q5UQ="},"lastRemoteEphemeralKey":"BW+J8yNBf4jNylpXZsFVpX54vpE9lQaAQUdv9+98TbJw","previousCounter":0,"rootKey":"5Fm4ZGxgftkrLQPolqCBml/UG6QK4JI1uxoL79fkZCc="},"indexInfo":{"baseKey":"BSbJPMJHMoiI1dzaRp+HuQ4ZBqna5Hoc0NO16XRSG+EL","baseKeyType":1,"closed":-1,"used":1706967472983,"created":1706967472983,"remoteIdentityKey":"BUJM+VJ5CdQ68wg5JXFvYhkCVySUW57uG3wGHxFXxXAl"},"_chains":{"BX6VHzUrMNsIZnxFNyaQt632L4pyetvHRuNCov3rcLFo":{"chainKey":{"counter":6,"key":"QgVETCkTLE7Qwk2+/4UD4NspI4HLMoUarhOKM/hfLd4="},"chainType":1,"messageKeys":{}}},"pendingPreKey":{"signedKeyId":5,"baseKey":"BSbJPMJHMoiI1dzaRp+HuQ4ZBqna5Hoc0NO16XRSG+EL","preKeyId":7940122}}},"version":"v1"}