{"_sessions":{"BeCai96Vg4P0JL9ov9H4IxEP304SBiOxOrG9fVSQ3s59":{"registrationId":99819761,"currentRatchet":{"ephemeralKeyPair":{"pubKey":"BYv8EUlqJhq+oYTvklKr+mvXc+hPtVXH2Dn53WXc07cL","privKey":"aJJXQDUsnLRM1GrNTwZwdIkOGz21yGH0AGpfHfLs/Xs="},"lastRemoteEphemeralKey":"BfdKdMfCVpl7XtiG7SRaSDXjPJFca5nkUpjWAFf7S69t","previousCounter":0,"rootKey":"qDLmyBo5zJIb4HGc+ma0fXVTz+vqy/9YQ4Xt+EaD8Qk="},"indexInfo":{"baseKey":"BeCai96Vg4P0JL9ov9H4IxEP304SBiOxOrG9fVSQ3s59","baseKeyType":1,"closed":-1,"used":1706967473544,"created":1706967473544,"remoteIdentityKey":"BdEvdY7TDUCH+GdGNKd1IHZ47TRurrworLToe9BYkjVc"},"_chains":{"BYv8EUlqJhq+oYTvklKr+mvXc+hPtVXH2Dn53WXc07cL":{"chainKey":{"counter":6,"key":"BiLtLPguwPXAiMIsvNX2DwzGctLRhXJtEOWYcxDdmic="},"chainType":1,"messageKeys":{}}},"pendingPreKey":{"signedKeyId":21,"baseKey":"BeCai96Vg4P0JL9ov9H4IxEP304SBiOxOrG9fVSQ3s59","preKeyId":4652363}}},"version":"v1"}