{"_sessions":{"BQUzDlCOtj9Qr54yNrTpibzPG5jMCe4I1rhxbhzn0YE+":{"registrationId":1571690948,"currentRatchet":{"ephemeralKeyPair":{"pubKey":"BU9JZHsql7lnYT+bL4qqsHTsF0VueKwldCVawhiDejwU","privKey":"+HSzkB7BvfGK273AvSwJXgixANbIha3b9bzVAYySy1M="},"lastRemoteEphemeralKey":"BfLRwA2BSR6KhrPJfROuIzJzSHbLLRtHObZz8VTjw+ZK","previousCounter":0,"rootKey":"wzvS0E5rkD3c2ybWS1OC/pDpujy5QHUMnrRXu8zSe1g="},"indexInfo":{"baseKey":"BQUzDlCOtj9Qr54yNrTpibzPG5jMCe4I1rhxbhzn0YE+","baseKeyType":1,"closed":-1,"used":1706967471607,"created":1706967471607,"remoteIdentityKey":"Bd+QA7JaBM5VDGc7N3EjqvcR8oFrVwgT0d+a4/F9lhUf"},"_chains":{"BU9JZHsql7lnYT+bL4qqsHTsF0VueKwldCVawhiDejwU":{"chainKey":{"counter":6,"key":"S4Yxm1uMMEhZBzm28uyhStCRpP2bnFtq3b7CbZWcv8c="},"chainType":1,"messageKeys":{}}},"pendingPreKey":{"signedKeyId":7,"baseKey":"BQUzDlCOtj9Qr54yNrTpibzPG5jMCe4I1rhxbhzn0YE+"}}},"version":"v1"}