{"_sessions":{"BXxIwobdr7CsO3pH66KkdXw7EfK0cSzdee/ZeSe+1Tga":{"registrationId":750907130,"currentRatchet":{"ephemeralKeyPair":{"pubKey":"BfkPd5YazPr47L1RADsLbTHQ9Cds/S2HspyzL+lqzwp0","privKey":"GDEzo571+XVwHqQQxDS6VpEPPQ0lu6Rve86JWqRGfWQ="},"lastRemoteEphemeralKey":"BZBYKrOzXEusvEtqFemoLtLXWNMp+jRet/gIbmJ3kfgd","previousCounter":0,"rootKey":"OQodZ1EUQ2jzC85c/98Gr8ynpoiTWvJ5BsSe82HUwoY="},"indexInfo":{"baseKey":"BXxIwobdr7CsO3pH66KkdXw7EfK0cSzdee/ZeSe+1Tga","baseKeyType":1,"closed":-1,"used":1706967473815,"created":1706967473815,"remoteIdentityKey":"BQgRFMKfoLglsyxHcAO2fl39avzWr/nMosUVY3fB8hEs"},"_chains":{"BfkPd5YazPr47L1RADsLbTHQ9Cds/S2HspyzL+lqzwp0":{"chainKey":{"counter":6,"key":"Xa7H82fJavXzAbCfpIZXOsLNMMbqHhJzERP8ZnI7P1M="},"chainType":1,"messageKeys":{}}},"pendingPreKey":{"signedKeyId":5,"baseKey":"BXxIwobdr7CsO3pH66KkdXw7EfK0cSzdee/ZeSe+1Tga","preKeyId":16599572}}},"version":"v1"}