{"_sessions":{"BcCxN7m1fuNxKBMvjPLQucXmIaXWE+tjEUVEQpwifiwO":{"registrationId":32223045,"currentRatchet":{"ephemeralKeyPair":{"pubKey":"BWjI9i2P66GjMH6OmkDZ67bZsvY5wBWVDaYdtbQQWXw8","privKey":"EDZnq1Es7q5+cAdRlkS0jTcK17sLBf93KeyFGiUP0Wc="},"lastRemoteEphemeralKey":"BdL84lRxGNE1NhT60UdiSEVGcm4Dh+Ex/MkLUDKznNsq","previousCounter":0,"rootKey":"LzyDQG0Ke/YEhQe5L2Bi70ZMr5yTymL2IwwqAz/pylM="},"indexInfo":{"baseKey":"BcCxN7m1fuNxKBMvjPLQucXmIaXWE+tjEUVEQpwifiwO","baseKeyType":1,"closed":-1,"used":1706967472516,"created":1706967472516,"remoteIdentityKey":"BXxSYXaRxcNBh/GcmsfZv1A7r0ShWxsFaKRhM89hqgU8"},"_chains":{"BWjI9i2P66GjMH6OmkDZ67bZsvY5wBWVDaYdtbQQWXw8":{"chainKey":{"counter":6,"key":"JYjhfW8BGdc35H2DGF5XUKNr9TJt9j8nPCtPcr9oPJo="},"chainType":1,"messageKeys":{}}},"pendingPreKey":{"signedKeyId":0,"baseKey":"BcCxN7m1fuNxKBMvjPLQucXmIaXWE+tjEUVEQpwifiwO","preKeyId":7714799}}},"version":"v1"}