{"_sessions":{"BQm3vZ/y5UYsldXJr8nbZaLrdSUzYr9dBjrCa/Aq7zcj":{"registrationId":7125,"currentRatchet":{"ephemeralKeyPair":{"pubKey":"BTgVWlqUh4rd3wT0nKoGzYInf7QmZz+X31pC/49hVYgW","privKey":"qBbjn2do6DBCGr+hPKBZTG4n0WisiBpjIG1cyw7S8lU="},"lastRemoteEphemeralKey":"BZzxN3pnK8CDKg5t1VW7N07jTMDxB7ErJhxsD5YUNnhJ","previousCounter":0,"rootKey":"rR5hmeqgJoTYY7IM8jJnTqvbxyaSMhEakM5ZN8OdkDs="},"indexInfo":{"baseKey":"BQm3vZ/y5UYsldXJr8nbZaLrdSUzYr9dBjrCa/Aq7zcj","baseKeyType":1,"closed":-1,"used":1706967471768,"created":1706967471768,"remoteIdentityKey":"BW/3v4sLkqIbNXb4JtWM3jLvgpRif3hLOo1/X9XZTVIP"},"_chains":{"BTgVWlqUh4rd3wT0nKoGzYInf7QmZz+X31pC/49hVYgW":{"chainKey":{"counter":6,"key":"N9RxVsdj/li+JerXJ0j2JJLVO+UBeSbGnWphsqyA+6U="},"chainType":1,"messageKeys":{}}},"pendingPreKey":{"signedKeyId":1,"baseKey":"BQm3vZ/y5UYsldXJr8nbZaLrdSUzYr9dBjrCa/Aq7zcj","preKeyId":315}}},"version":"v1"}