{"_sessions":{"BZvEu8XMgFGnxczLX7xOqwhXb4LBJur1FoFM/yX2SAdD":{"registrationId":1331640917,"currentRatchet":{"ephemeralKeyPair":{"pubKey":"BUbS3Z7g47UmDGluIfV3HtF6leeHXUkSsbxT5Tpj0B9R","privKey":"iFw99abhtxOeS853ItlIlKBQDMNC2Pwf/XyKR4ZB4E4="},"lastRemoteEphemeralKey":"BZNzUgnXqAspiJmgUc95CH6GqA+N142wgGOEkqB4qXh/","previousCounter":0,"rootKey":"42xA12Gd2rTYcFfrEQiHRC7UPzIYIfE4LOEmsP0dxEI="},"indexInfo":{"baseKey":"BZvEu8XMgFGnxczLX7xOqwhXb4LBJur1FoFM/yX2SAdD","baseKeyType":1,"closed":-1,"used":1706967473139,"created":1706967473139,"remoteIdentityKey":"BRfo3vS6xrpxPY83T2rBDFYGdT6AyqlZKdf6ko4IKTBR"},"_chains":{"BUbS3Z7g47UmDGluIfV3HtF6leeHXUkSsbxT5Tpj0B9R":{"chainKey":{"counter":6,"key":"Xg3PscH7NFSc4X5VrYceg+Ndo4ESic3xSkP0jGgmJF0="},"chainType":1,"messageKeys":{}}},"pendingPreKey":{"signedKeyId":7,"baseKey":"BZvEu8XMgFGnxczLX7xOqwhXb4LBJur1FoFM/yX2SAdD","preKeyId":7968529}}},"version":"v1"}