{"_sessions":{"BZ7RiaXKPjPMIKhcflV5GP+D3TbIZH6UTpTugpFjyyod":{"registrationId":10671,"currentRatchet":{"ephemeralKeyPair":{"pubKey":"Bf+4yypnhGMDuaDg45T0BcGW3x6fTxfxMjytoP2l8EJa","privKey":"qN7jQ27MaiGtdWAUNSy3Mqor5MNnfqYAI2QAhaUFDXI="},"lastRemoteEphemeralKey":"BeoqdtQz5tyy6O4zBD1iPdHJQXS6M1EIRkF1fYXlcm9X","previousCounter":0,"rootKey":"GR1Z/R5t/+9lIVFE1awyQvh17O1sEwZHKHfF/RStaTA="},"indexInfo":{"baseKey":"BZ7RiaXKPjPMIKhcflV5GP+D3TbIZH6UTpTugpFjyyod","baseKeyType":1,"closed":-1,"used":1706967471448,"created":1706967471448,"remoteIdentityKey":"BSr4NlMPHmR+zcSd1JTEnRsfIDmpdXRFYXwPhHErDPYH"},"_chains":{"Bf+4yypnhGMDuaDg45T0BcGW3x6fTxfxMjytoP2l8EJa":{"chainKey":{"counter":6,"key":"BwSbx7b+poOevc94W0AeQubScYEyvuyvKUAUwQnkRIY="},"chainType":1,"messageKeys":{}}},"pendingPreKey":{"signedKeyId":1,"baseKey":"BZ7RiaXKPjPMIKhcflV5GP+D3TbIZH6UTpTugpFjyyod"}}},"version":"v1"}