{"_sessions":{"BQlt9qxog21bT2m2G8O0pHApX0lo7q+jLRAetVuAlyAy":{"registrationId":1245369635,"currentRatchet":{"ephemeralKeyPair":{"pubKey":"Bc+18USDDcz7ZqNFjjum/DloKif3ro3uS3EZutFdbN58","privKey":"6D78QZYf5O5k9nwU0UZjkCly/E7K6ciDKmb5IKEITH0="},"lastRemoteEphemeralKey":"BUBcL+jbMzIPnH44mZC4PHZY1E0SLtRuwD6Ff9a6POQG","previousCounter":0,"rootKey":"KJGIxPR2jY1KiQemZAM3xNQwreiJYRfJahqurNMhgfI="},"indexInfo":{"baseKey":"BQlt9qxog21bT2m2G8O0pHApX0lo7q+jLRAetVuAlyAy","baseKeyType":1,"closed":-1,"used":1706967471750,"created":1706967471750,"remoteIdentityKey":"BayfS0tTygGR4HRMp6bd066W7UI+iUucVT6UmtWXHHwk"},"_chains":{"Bc+18USDDcz7ZqNFjjum/DloKif3ro3uS3EZutFdbN58":{"chainKey":{"counter":6,"key":"Z24T2MbmUNnxg6oDJc+pzVwJ6dk0Ah8Yt3233rDxubA="},"chainType":1,"messageKeys":{}}},"pendingPreKey":{"signedKeyId":0,"baseKey":"BQlt9qxog21bT2m2G8O0pHApX0lo7q+jLRAetVuAlyAy","preKeyId":344989}}},"version":"v1"}