{"_sessions":{"BakgsFO8e+bdeoPDZULtxpSAVQxOTPbX39VAZG1ayUQ0":{"registrationId":1469839751,"currentRatchet":{"ephemeralKeyPair":{"pubKey":"BTz+SmdOgKyQ88RO7CGmPrwQOrw1fsxTzOfLVSJUkTce","privKey":"uPehY1kjuZO+2Cc5b/49vlWnwLJFYwhc77POOnqYZFg="},"lastRemoteEphemeralKey":"BaJNIZkW0w3bU5sneX/uKI2T1vQv7IZXPZ5TVkjBdgom","previousCounter":0,"rootKey":"hBLU0qDTiQtHjYE7tx6qxQz+s4HPgrMAp/ddzOGr2LQ="},"indexInfo":{"baseKey":"BakgsFO8e+bdeoPDZULtxpSAVQxOTPbX39VAZG1ayUQ0","baseKeyType":1,"closed":-1,"used":1706967472893,"created":1706967472893,"remoteIdentityKey":"Bd+hAhCqbmKhIzImqjHyYdV1W/taBYRhwa+Mfsbwg7Ry"},"_chains":{"BTz+SmdOgKyQ88RO7CGmPrwQOrw1fsxTzOfLVSJUkTce":{"chainKey":{"counter":6,"key":"nrdlFNhq3jD0xnmfoYrKazyUua6rAeCBZNDwlGEOWUg="},"chainType":1,"messageKeys":{}}},"pendingPreKey":{"signedKeyId":9,"baseKey":"BakgsFO8e+bdeoPDZULtxpSAVQxOTPbX39VAZG1ayUQ0","preKeyId":2788554}}},"version":"v1"}