{"_sessions":{"BQn8C0DWzJZELhVh2Zx3sHXCoH8U5BnTXmJEqQJd/UYh":{"registrationId":1599708683,"currentRatchet":{"ephemeralKeyPair":{"pubKey":"BSB01b8++Jh2GDNAxi9YLHdTAkwZyi6hHPzBpLHc331v","privKey":"UGjXWwshRheqWaZYnAr89jiNe/hjID+Danc0g1thxFk="},"lastRemoteEphemeralKey":"BcCIIc/VU+odLmMOuvwJYAaU3xaoaLihdMqNvid+GBkH","previousCounter":0,"rootKey":"UDF+qhKaYCn5HeBWRx2UA/I+qFWkeyEKQeBDVPYPhxs="},"indexInfo":{"baseKey":"BQn8C0DWzJZELhVh2Zx3sHXCoH8U5BnTXmJEqQJd/UYh","baseKeyType":1,"closed":-1,"used":1706967474050,"created":1706967474050,"remoteIdentityKey":"Bbo7eq9qCI493f9f0pku00hDKvgrBA4MEHG7m4Y9Out9"},"_chains":{"BSB01b8++Jh2GDNAxi9YLHdTAkwZyi6hHPzBpLHc331v":{"chainKey":{"counter":6,"key":"hVaZuQ+0ZcX4ZAYRdCcd5eIFFjXZEDd2NKdhVKeRwWc="},"chainType":1,"messageKeys":{}}},"pendingPreKey":{"signedKeyId":0,"baseKey":"BQn8C0DWzJZELhVh2Zx3sHXCoH8U5BnTXmJEqQJd/UYh","preKeyId":14986594}}},"version":"v1"}