{"_sessions":{"BTZKvzbWd6VLcZjk/im5LnFLRKx45eAk+tqtLIB54o5c":{"registrationId":567778719,"currentRatchet":{"ephemeralKeyPair":{"pubKey":"BQuAQ9Y8v8q+3WTXr2ruR18WZyK/w3J837rEg3E2OoRx","privKey":"SFEYIDChQ6Hm6nECq2Exr2YbUngCTSjBIQQEMarA+Wc="},"lastRemoteEphemeralKey":"Bec3QY1qPd6C9JJhNJrcKqjhoPpEl4UdAni0GRLPW/cl","previousCounter":0,"rootKey":"8cPQYMhE4P+4TKA1acjLO7jpkp45iOCAONLp9FGxge8="},"indexInfo":{"baseKey":"BTZKvzbWd6VLcZjk/im5LnFLRKx45eAk+tqtLIB54o5c","baseKeyType":1,"closed":-1,"used":1706967473939,"created":1706967473939,"remoteIdentityKey":"BWtddNblxahkNeC0fHxDtOC/Z3lQ2kHiFbraqd9bRrND"},"_chains":{"BQuAQ9Y8v8q+3WTXr2ruR18WZyK/w3J837rEg3E2OoRx":{"chainKey":{"counter":6,"key":"jQuh/vO3j79q86Ikz2kbxOyhjr4M/bt5Y+YoldEA15A="},"chainType":1,"messageKeys":{}}},"pendingPreKey":{"signedKeyId":7,"baseKey":"BTZKvzbWd6VLcZjk/im5LnFLRKx45eAk+tqtLIB54o5c","preKeyId":5144885}}},"version":"v1"}