{"_sessions":{"BSUS3G3UefEVFnrUjR39NFYb6WyMUaYLGV3n/vcJfRlh":{"registrationId":771947467,"currentRatchet":{"ephemeralKeyPair":{"pubKey":"BaV/e++BYXshcyUa1jZcfoaQb+eKVM4G5APLGJ8Eg1lo","privKey":"iFHPJyx0o1aGgnphN6a8VrYOQdoGpibLj2AdYorv114="},"lastRemoteEphemeralKey":"BYuT5H5I8YhAijvxfpD2gi+2/RTyUuBoO1d8A8jrMANp","previousCounter":0,"rootKey":"vu4aielEwV7xjm6GzA9t8naMRpcMFxhE9Haj4aqKwQs="},"indexInfo":{"baseKey":"BSUS3G3UefEVFnrUjR39NFYb6WyMUaYLGV3n/vcJfRlh","baseKeyType":1,"closed":-1,"used":1706967472422,"created":1706967472422,"remoteIdentityKey":"BTGoyg7EWx1h7H+OMF+Dm9WAq5rYHpJ/sxhY8CFKg88w"},"_chains":{"BaV/e++BYXshcyUa1jZcfoaQb+eKVM4G5APLGJ8Eg1lo":{"chainKey":{"counter":6,"key":"0ldRFxl687dVW7BRlaQ3Sg6T279fL9wJyp0jpLEixBA="},"chainType":1,"messageKeys":{}}},"pendingPreKey":{"signedKeyId":8,"baseKey":"BSUS3G3UefEVFnrUjR39NFYb6WyMUaYLGV3n/vcJfRlh","preKeyId":13107367}}},"version":"v1"}