{"_sessions":{"BeAic/g0k3OGG/TSXk43DrzsgFwGzaDTodCC0b3sEl0E":{"registrationId":742055327,"currentRatchet":{"ephemeralKeyPair":{"pubKey":"BefdtkkIq8FXvRqVD1yrzrON9yaGvGhG4DurXb0wNOlw","privKey":"2Dz8mpX0/8jiD2Vdhls5pA3/c/aR66ghZ6zeLm0Jdlk="},"lastRemoteEphemeralKey":"Bdo1InjXeYPBdQCccBoyeQwNM6hi2nP1WMO2AfP0YGxi","previousCounter":0,"rootKey":"cpFy5Vhtl3GkE+xgY9Pt4sLboFZfFi34nXLo3oLqlm8="},"indexInfo":{"baseKey":"BeAic/g0k3OGG/TSXk43DrzsgFwGzaDTodCC0b3sEl0E","baseKeyType":1,"closed":-1,"used":1706967473083,"created":1706967473083,"remoteIdentityKey":"BXrZ9oA0CSeLj2OSlf8BS7tx7EqgQJJiRt1pOht6HnE4"},"_chains":{"BefdtkkIq8FXvRqVD1yrzrON9yaGvGhG4DurXb0wNOlw":{"chainKey":{"counter":6,"key":"Pfwv8o0jpT8pKbCgvoe/3pjkSxWeXcT/8QRKF0bCOEQ="},"chainType":1,"messageKeys":{}}},"pendingPreKey":{"signedKeyId":16,"baseKey":"BeAic/g0k3OGG/TSXk43DrzsgFwGzaDTodCC0b3sEl0E","preKeyId":8598111}}},"version":"v1"}