{"_sessions":{"BXnUpj7YqzDpXVC0/jUi+gSBeiua3T3lEVhDi+CsKvFM":{"registrationId":1133780748,"currentRatchet":{"ephemeralKeyPair":{"pubKey":"BUqnnfnh6XnXufZoxcHG/GvQTWbYGaFJLMAncYXGo1UB","privKey":"oOtNcy0y84aDBUoZdv8kFkEzN7lbBXqp2EMKtNZMzHY="},"lastRemoteEphemeralKey":"BQCYnTV20jEr0+53fLMNbgRHd+eZK7csseezyl766PVZ","previousCounter":0,"rootKey":"z/I8LbiAJM+cxp5QnwZ4d0hjN4cUJ0j4Gx2gve1VRuw="},"indexInfo":{"baseKey":"BXnUpj7YqzDpXVC0/jUi+gSBeiua3T3lEVhDi+CsKvFM","baseKeyType":1,"closed":-1,"used":1706967473410,"created":1706967473410,"remoteIdentityKey":"BS1Ytu1mITvmgFIzhsz/B6VOYtvGcWD4MxdeDROukV5M"},"_chains":{"BUqnnfnh6XnXufZoxcHG/GvQTWbYGaFJLMAncYXGo1UB":{"chainKey":{"counter":6,"key":"rzsjEqDsq6U7BGQH1tdqyOpQwl80ztcc6bKj61PnYAI="},"chainType":1,"messageKeys":{}}},"pendingPreKey":{"signedKeyId":14,"baseKey":"BXnUpj7YqzDpXVC0/jUi+gSBeiua3T3lEVhDi+CsKvFM"}}},"version":"v1"}