{"_sessions":{"BWJGW7RKLGyNzSnsk56yLOBpF32u4raeqXpSRQgvXBJk":{"registrationId":427740602,"currentRatchet":{"ephemeralKeyPair":{"pubKey":"BX2pHQ7sS9ssFNoxNVig04QGHVJP1xuuiB5PMXDet69X","privKey":"eEFamtt/WNIwSvkWkFSn7/drysXvFelFb7ydpRmAPHA="},"lastRemoteEphemeralKey":"BRd7TjCrYi/1IZwKj9CQmCtZRxZo4+rWqltZZ/sNIHZC","previousCounter":0,"rootKey":"SyDy7KXgJY3sqdSvGcptJpMdikPrs5Kyny0TU81G+Yo="},"indexInfo":{"baseKey":"BWJGW7RKLGyNzSnsk56yLOBpF32u4raeqXpSRQgvXBJk","baseKeyType":1,"closed":-1,"used":1706967473475,"created":1706967473475,"remoteIdentityKey":"BVmD7r8Sj4WOq44ybzZuPuyHBjR2tGOO8X6gV8A+CVwJ"},"_chains":{"BX2pHQ7sS9ssFNoxNVig04QGHVJP1xuuiB5PMXDet69X":{"chainKey":{"counter":6,"key":"70a4m8sf87TdaevYDzCZgOnTC7CdXcGd2VkUbVtRQvw="},"chainType":1,"messageKeys":{}}},"pendingPreKey":{"signedKeyId":0,"baseKey":"BWJGW7RKLGyNzSnsk56yLOBpF32u4raeqXpSRQgvXBJk","preKeyId":4834292}}},"version":"v1"}