{"_sessions":{"BeFm9IRfxCVcSFHxkNv0WP5bCtJOstZHfFw00XOd5jUl":{"registrationId":75248901,"currentRatchet":{"ephemeralKeyPair":{"pubKey":"BVYrzYsqJ/6Q8A5Za5aS752U4nUoxhJnhIt8qwBLWSgw","privKey":"gDzetlo7PuD4FZg6cTjHGNrBYV/U7lrZZiDRDNvtE3A="},"lastRemoteEphemeralKey":"BdkmYDCOknXYSKGzpKzT5ISnPpde/8jZ3jM+ZTAs6Fhs","previousCounter":0,"rootKey":"Xu1gXNpiBg7T1zVI2ApK+0P/STxcGJ8U2WGVVQDgKQE="},"indexInfo":{"baseKey":"BeFm9IRfxCVcSFHxkNv0WP5bCtJOstZHfFw00XOd5jUl","baseKeyType":1,"closed":-1,"used":1706967472744,"created":1706967472744,"remoteIdentityKey":"BeywxsNf9ZCOpOYVeBqEYonjOrxLWiit3tWLnBRtJHJH"},"_chains":{"BVYrzYsqJ/6Q8A5Za5aS752U4nUoxhJnhIt8qwBLWSgw":{"chainKey":{"counter":6,"key":"AEBTbLDVashaLN5QDfqblKUOajoAe2xco4miH84Svic="},"chainType":1,"messageKeys":{}}},"pendingPreKey":{"signedKeyId":11876270,"baseKey":"BeFm9IRfxCVcSFHxkNv0WP5bCtJOstZHfFw00XOd5jUl","preKeyId":649}}},"version":"v1"}