{"_sessions":{"BaRB//H42vyPq9gJVLiBbsO2h+X+PFKDpwjujJ2eVzFO":{"registrationId":1475068225,"currentRatchet":{"ephemeralKeyPair":{"pubKey":"BW2E6WAGB/63RI6iS/HlTZfirkQ2XLeoYpwteA+JAtoh","privKey":"cOggOK/vpCgIHuDccUbBKhowsSaR+fWAOlbmb3LCMX4="},"lastRemoteEphemeralKey":"BbrGQvrXQibtJ/jk5uHKdf4WY1e72zFhEsRokrgPm9FO","previousCounter":0,"rootKey":"IdgwnzssrCqXnkO8pZwcMK2J1l12KH38BPwWI8+mUjg="},"indexInfo":{"baseKey":"BaRB//H42vyPq9gJVLiBbsO2h+X+PFKDpwjujJ2eVzFO","baseKeyType":1,"closed":-1,"used":1706967473029,"created":1706967473029,"remoteIdentityKey":"BbqyUk/aIW6HvyhmDtQXDLdjZ5R72IYAG+2Ve4bcguZ4"},"_chains":{"BW2E6WAGB/63RI6iS/HlTZfirkQ2XLeoYpwteA+JAtoh":{"chainKey":{"counter":6,"key":"W/+TO2nHA/xDnvLluVPKDjlxWEHFPfycKZFwKah1DKg="},"chainType":1,"messageKeys":{}}},"pendingPreKey":{"signedKeyId":7,"baseKey":"BaRB//H42vyPq9gJVLiBbsO2h+X+PFKDpwjujJ2eVzFO","preKeyId":4655842}}},"version":"v1"}