{"_sessions":{"Bb27HpwCBcDlP++NXnIbYuL4oLpDqjzmZYjFYkLicTVN":{"registrationId":1101147189,"currentRatchet":{"ephemeralKeyPair":{"pubKey":"BUWAuUu/3kPyTuKXGMCdeqTloYMz6AR/ZKcmjT/qSFw4","privKey":"eNvV91Lf/rghzkUjGIPCCP8MXrVJVApQnlKgjJrANGU="},"lastRemoteEphemeralKey":"BWYcl8xjaJRnhG2Cn4JtWsk0j3zNWGPdWuq+o04U9IAP","previousCounter":0,"rootKey":"YlEIFOHdcOrL8DyaXNb2X/1w9qMcLbm/6flysfkQM04="},"indexInfo":{"baseKey":"Bb27HpwCBcDlP++NXnIbYuL4oLpDqjzmZYjFYkLicTVN","baseKeyType":1,"closed":-1,"used":1706967473010,"created":1706967473010,"remoteIdentityKey":"BYBxBizQ46NqnbHk/G7tYJ2hoW3VveAGZr3/npditDEL"},"_chains":{"BUWAuUu/3kPyTuKXGMCdeqTloYMz6AR/ZKcmjT/qSFw4":{"chainKey":{"counter":6,"key":"Edg4nnaMrbsXqZswgozVr22Vw5kK2GYdqvuwfB3kCro="},"chainType":1,"messageKeys":{}}},"pendingPreKey":{"signedKeyId":14,"baseKey":"Bb27HpwCBcDlP++NXnIbYuL4oLpDqjzmZYjFYkLicTVN","preKeyId":5807403}}},"version":"v1"}