{"_sessions":{"Bb4fm1XTBsqA6rHZIBpE0DRmdyByDFK0BT68SPxWbVpE":{"registrationId":1370721674,"currentRatchet":{"ephemeralKeyPair":{"pubKey":"BRpc5+SyoqDdSkjtGY3BlyvWsA36dtLwmFKmdYU0+U8P","privKey":"EIt114mGiOYAVg2dWIkq40VdzCctSb8yMO6UfK2mtFY="},"lastRemoteEphemeralKey":"BRI4Vtoi3aHVIG5zyBYtHqKO62CC6VAYeKLWHRIHZ0si","previousCounter":0,"rootKey":"KckAWXefKiWaLM/OddvBnM/WN0Pw70AxLhSWbCU3vRs="},"indexInfo":{"baseKey":"Bb4fm1XTBsqA6rHZIBpE0DRmdyByDFK0BT68SPxWbVpE","baseKeyType":1,"closed":-1,"used":1706967474023,"created":1706967474023,"remoteIdentityKey":"BUgTtG4UDNZNI3zYyrClLzqqcyze7P+R/283K4/i94ox"},"_chains":{"BRpc5+SyoqDdSkjtGY3BlyvWsA36dtLwmFKmdYU0+U8P":{"chainKey":{"counter":6,"key":"yKYc0skdAJwubYjfNZFCnowpGUk+bTAqI2VZ79npUt0="},"chainType":1,"messageKeys":{}}},"pendingPreKey":{"signedKeyId":2,"baseKey":"Bb4fm1XTBsqA6rHZIBpE0DRmdyByDFK0BT68SPxWbVpE","preKeyId":10353705}}},"version":"v1"}