{"_sessions":{"BUnrYaTWTODgpxVJNVyWE7ae0HDG2LQ66aRdYmENlQ4t":{"registrationId":312792703,"currentRatchet":{"ephemeralKeyPair":{"pubKey":"BaYm/knJlL2RT1DMiqD8nuxniRGtHmEN1BymCt/3DyF6","privKey":"MNvYhRSkDR1/mY39uzkifasa3ajZgGImM4+yPNj5+Ek="},"lastRemoteEphemeralKey":"BfBvX6Y5/QPilH3lribDUjIE9E180xsnwoEFy1zE/9UH","previousCounter":0,"rootKey":"L8c4Kup/UFEUERNc7dYYvP5AzIY6iL+CHoF2Sz5MO0k="},"indexInfo":{"baseKey":"BUnrYaTWTODgpxVJNVyWE7ae0HDG2LQ66aRdYmENlQ4t","baseKeyType":1,"closed":-1,"used":1706967472659,"created":1706967472659,"remoteIdentityKey":"BZbVmhBU2e7jymsPyKXEpldvtQPlS9b3XXc5KuhE7XNu"},"_chains":{"BaYm/knJlL2RT1DMiqD8nuxniRGtHmEN1BymCt/3DyF6":{"chainKey":{"counter":6,"key":"1IBQ1yvoZvTsWpPoUSRAp6i6IcfcyVY35z+Dd3bsoec="},"chainType":1,"messageKeys":{}}},"pendingPreKey":{"signedKeyId":17,"baseKey":"BUnrYaTWTODgpxVJNVyWE7ae0HDG2LQ66aRdYmENlQ4t","preKeyId":14436808}}},"version":"v1"}