{"_sessions":{"BVlQUOfs19OH/taON0KhSwAJYtc/2sqlCdcK8eeif8oi":{"registrationId":1073921483,"currentRatchet":{"ephemeralKeyPair":{"pubKey":"BXY7pu96Uc5mXYxviMN1pCf9M42lWx9gVbLrvKJB994x","privKey":"+Eq3vn+r5dK8gd8TS6YjyTEyWJb82scaS1Ng5HCWd2Y="},"lastRemoteEphemeralKey":"Bd9zUuE9e1Bwhe/NR262LLKhtY4Aqj2UVT0a7QEs0u82","previousCounter":0,"rootKey":"8p2LEsRMgMadLG1L9I0zsKHZl08q//rJFtio5dx54g8="},"indexInfo":{"baseKey":"BVlQUOfs19OH/taON0KhSwAJYtc/2sqlCdcK8eeif8oi","baseKeyType":1,"closed":-1,"used":1706967472332,"created":1706967472332,"remoteIdentityKey":"BQ5b805UY09QRMnGX1m4Lng/l4uaYVv4/NJwgOv5Ubkw"},"_chains":{"BXY7pu96Uc5mXYxviMN1pCf9M42lWx9gVbLrvKJB994x":{"chainKey":{"counter":6,"key":"lIW5mviVFfxTqCyXIddvQ0A44OsA553PvkYjFCMagJg="},"chainType":1,"messageKeys":{}}},"pendingPreKey":{"signedKeyId":10,"baseKey":"BVlQUOfs19OH/taON0KhSwAJYtc/2sqlCdcK8eeif8oi"}}},"version":"v1"}