{"_sessions":{"BRSNb66auY/NT3b1PV5Dh5+EuoXd94BkNVoZX0D5rNIe":{"registrationId":927397702,"currentRatchet":{"ephemeralKeyPair":{"pubKey":"BQl+q+KUlCjQPwYKhzgXwPVjExZDsBuY6gPbUGuvw1kI","privKey":"OLphhuD5STDBkOzZVEmfAFV0fJoCku5YIUP3r8ovgVo="},"lastRemoteEphemeralKey":"BSiO6kEd7cnrfT9QytSwRFGflURDVWMcyL99Dxpin8sA","previousCounter":0,"rootKey":"qI2UZT3wpsSFN0Xk6T/rGZS0ai12QkQjza96TEl3YjQ="},"indexInfo":{"baseKey":"BRSNb66auY/NT3b1PV5Dh5+EuoXd94BkNVoZX0D5rNIe","baseKeyType":1,"closed":-1,"used":1706967474169,"created":1706967474169,"remoteIdentityKey":"BcE1meUbt7hc3EDYv2lA06Ws+WfwJZrH7bsgyLYjwrdQ"},"_chains":{"BQl+q+KUlCjQPwYKhzgXwPVjExZDsBuY6gPbUGuvw1kI":{"chainKey":{"counter":6,"key":"qrb1pW8O2D4Y362XWwqQXX2LLoT9m4xyO18O+bEkR88="},"chainType":1,"messageKeys":{}}},"pendingPreKey":{"signedKeyId":2,"baseKey":"BRSNb66auY/NT3b1PV5Dh5+EuoXd94BkNVoZX0D5rNIe","preKeyId":13539034}}},"version":"v1"}