{"_sessions":{"BSxJq7HL01JBTCzfglksJ6Ov+JlTmnewABoJxtO96pcC":{"registrationId":9564,"currentRatchet":{"ephemeralKeyPair":{"pubKey":"BQ2+xlAVBbM6T8j7lqKaK6yxFRmJ6QwcKTPMaqAvIo1r","privKey":"qFfd4hyqXpVfDL6IWEmBRwgJKiT54Na4bgV7UNGKNH4="},"lastRemoteEphemeralKey":"BSJKPQKjfZOVms9a1Tjo75DI9ylz1diHHdXtKzKUgGxN","previousCounter":0,"rootKey":"2BGLLoVO28ZdD2zAULbuvOVs8X9rJnN/IKiX5WuHh1A="},"indexInfo":{"baseKey":"BSxJq7HL01JBTCzfglksJ6Ov+JlTmnewABoJxtO96pcC","baseKeyType":1,"closed":-1,"used":1706967471471,"created":1706967471471,"remoteIdentityKey":"BeRmkhB9AQE3HdUpCtbB9NEW7c7Vs+MiXCMkSy20Kxlm"},"_chains":{"BQ2+xlAVBbM6T8j7lqKaK6yxFRmJ6QwcKTPMaqAvIo1r":{"chainKey":{"counter":6,"key":"K/ioW3xpsMWM9bM8bTYwomm1pv1Qm51AFXD2mtfn/vA="},"chainType":1,"messageKeys":{}}},"pendingPreKey":{"signedKeyId":1,"baseKey":"BSxJq7HL01JBTCzfglksJ6Ov+JlTmnewABoJxtO96pcC"}}},"version":"v1"}