{"_sessions":{"BeouDVqlie/Swe3ZWgBHV4+0c4TMtP75gxbJghRKqt4b":{"registrationId":585254722,"currentRatchet":{"ephemeralKeyPair":{"pubKey":"BRl8ibzaAlGvo1vVoPGmLZe+U4tsw5c6Is7isll9UyIA","privKey":"SJFUnPiy6YZc1h0Q/HRCuPpqwlYPkPnCoWiDCUmBf24="},"lastRemoteEphemeralKey":"BS3R3bXM/jvsOm3I/pxlwN+Yhcuvq2IJzHLsjJJdBBNY","previousCounter":0,"rootKey":"b4icnLFOXc39lFL/fzcgUFROAzpGvcSu8X3xXRiOSog="},"indexInfo":{"baseKey":"BeouDVqlie/Swe3ZWgBHV4+0c4TMtP75gxbJghRKqt4b","baseKeyType":1,"closed":-1,"used":1706967472318,"created":1706967472318,"remoteIdentityKey":"BTJpUQMUgZUe3OHXdoCbI3h3lOYxYAyn5ShRto1fT69A"},"_chains":{"BRl8ibzaAlGvo1vVoPGmLZe+U4tsw5c6Is7isll9UyIA":{"chainKey":{"counter":6,"key":"KHwZ/AAgraCoWwYQ4dU0R7HAf6UTq5wxCQ7R9EWr5fs="},"chainType":1,"messageKeys":{}}},"pendingPreKey":{"signedKeyId":4,"baseKey":"BeouDVqlie/Swe3ZWgBHV4+0c4TMtP75gxbJghRKqt4b","preKeyId":6366564}}},"version":"v1"}