{"_sessions":{"BfJfhJA3NJ/bqTNul2QTWxtbMHXfQNT29Ejz4BR5wHRZ":{"registrationId":210114174,"currentRatchet":{"ephemeralKeyPair":{"pubKey":"BbeLGpYIqBokMvy5UiI6xGSsS/6K560CB5lI/udqPwNr","privKey":"0E4F9tb9a3NH22x2igiXoe76rPWV5g5xZfSyhfIzfX4="},"lastRemoteEphemeralKey":"Bc/gKi9+H3CI9rYPEUbcNJPONBhIdlegbDqVjvrHPYMl","previousCounter":0,"rootKey":"SyZXmDUtLP+8pEwnvarM13y2/gx92G9bMU0vVyPe4Xw="},"indexInfo":{"baseKey":"BfJfhJA3NJ/bqTNul2QTWxtbMHXfQNT29Ejz4BR5wHRZ","baseKeyType":1,"closed":-1,"used":1706967473132,"created":1706967473132,"remoteIdentityKey":"Bfzw9EnsyNs1LCn4vdAuCfQnvXw9/G8skljcTcQryNZQ"},"_chains":{"BbeLGpYIqBokMvy5UiI6xGSsS/6K560CB5lI/udqPwNr":{"chainKey":{"counter":6,"key":"0Q6T9WD6AxlXkZuk8+//t65azKmfMCDBU6Ipru5PKk0="},"chainType":1,"messageKeys":{}}},"pendingPreKey":{"signedKeyId":9,"baseKey":"BfJfhJA3NJ/bqTNul2QTWxtbMHXfQNT29Ejz4BR5wHRZ","preKeyId":931605}}},"version":"v1"}