{"_sessions":{"Bbg2B08X8FNCVRj+izvbz3MXyiGLEzonzMzcbMykNJsH":{"registrationId":551229114,"currentRatchet":{"ephemeralKeyPair":{"pubKey":"BcKO9dYL+s4eHlO+EdHJLXUguZrETcK4I0YDe6fwYlI9","privKey":"6IxHIKThy909FAxH1tM4VbOfJIFm1clXpu0JzaQztHo="},"lastRemoteEphemeralKey":"BQ0ESIcOhZdoVr3FZD+1juyrzz/VRJ+xRDXOLUDwHaYJ","previousCounter":0,"rootKey":"GPdutX/bGdR+VCaFcc3gGXk5bMDlHkhMWopp9rlSJz4="},"indexInfo":{"baseKey":"Bbg2B08X8FNCVRj+izvbz3MXyiGLEzonzMzcbMykNJsH","baseKeyType":1,"closed":-1,"used":1706967473207,"created":1706967473207,"remoteIdentityKey":"BcAHXnXmii78fmPClfykFxwxwzcaBVeK4/XXqbTlUi1h"},"_chains":{"BcKO9dYL+s4eHlO+EdHJLXUguZrETcK4I0YDe6fwYlI9":{"chainKey":{"counter":6,"key":"3qH9OpCENtQaABONLOlahsv7w4XkWlCH0oa+MOLuhO4="},"chainType":1,"messageKeys":{}}},"pendingPreKey":{"signedKeyId":1,"baseKey":"Bbg2B08X8FNCVRj+izvbz3MXyiGLEzonzMzcbMykNJsH","preKeyId":1419809}}},"version":"v1"}