{"_sessions":{"BdT1W91vJ/McWIYZax6lGd8+WjOzemUOiubZXGvz5tpf":{"registrationId":444418873,"currentRatchet":{"ephemeralKeyPair":{"pubKey":"BWqftAHL4Zynm8v+cTLmVp8vRmcbrBdXHeBGxiqSB98s","privKey":"2GCOL/dv1RDWnjcgx9HPILhDS/2jydRHhZ8ZYK+KDXw="},"lastRemoteEphemeralKey":"BchMUj8OU2GKcdFvvOBHC2k41FHORrMRe9m8It6p1CxM","previousCounter":0,"rootKey":"7j2Q/Lp4XZr8Z0v1nR4VFAg886uLqWpJEfVI3wltEi0="},"indexInfo":{"baseKey":"BdT1W91vJ/McWIYZax6lGd8+WjOzemUOiubZXGvz5tpf","baseKeyType":1,"closed":-1,"used":1706967472582,"created":1706967472582,"remoteIdentityKey":"BZ0hqnUrVnq4kuu8Q7bWkQmE5NRAwHyrcZEBtd11zv1w"},"_chains":{"BWqftAHL4Zynm8v+cTLmVp8vRmcbrBdXHeBGxiqSB98s":{"chainKey":{"counter":6,"key":"VGrPcd+xfFdZzNGXAY8BONamN5rPLAMJ4el2T2+TMds="},"chainType":1,"messageKeys":{}}},"pendingPreKey":{"signedKeyId":2,"baseKey":"BdT1W91vJ/McWIYZax6lGd8+WjOzemUOiubZXGvz5tpf","preKeyId":3593596}}},"version":"v1"}