{"_sessions":{"BVExRjqoROiYvhZkSXcdnxsRi3VHLAueX1SJ7WJTFKZR":{"registrationId":2128829277,"currentRatchet":{"ephemeralKeyPair":{"pubKey":"Be1jco0mpxXoR1A1LQWdUxW7Z8pCqjOWPriw7uGDUcJP","privKey":"mCJR8NLe9pp0TA34zF0X9aFL5DtNcvF5K1r9aytGjEw="},"lastRemoteEphemeralKey":"BaGyGLTu2jjNpJuwiGffqu7y8gt83QNHfMO3BRuY0SNR","previousCounter":0,"rootKey":"dE8Q/EaN9qzIuGnz/bUc+dUzx8r5Lzv42S1tcrk09ao="},"indexInfo":{"baseKey":"BVExRjqoROiYvhZkSXcdnxsRi3VHLAueX1SJ7WJTFKZR","baseKeyType":1,"closed":-1,"used":1706967472445,"created":1706967472445,"remoteIdentityKey":"BSUpC7F+8ckWbcnsUtXmJXur0rCHvxaiNJjBUB9NgNln"},"_chains":{"Be1jco0mpxXoR1A1LQWdUxW7Z8pCqjOWPriw7uGDUcJP":{"chainKey":{"counter":6,"key":"V7pZfYI8LcaJcHrxrDInO0AkS0fX+kLPCRmbvf9kSSk="},"chainType":1,"messageKeys":{}}},"pendingPreKey":{"signedKeyId":12,"baseKey":"BVExRjqoROiYvhZkSXcdnxsRi3VHLAueX1SJ7WJTFKZR"}}},"version":"v1"}