{"_sessions":{"BUxhR0gZWMbHgtkv+o3kS26H3Ty+g+zcNK7O6TFpwfEX":{"registrationId":1515519523,"currentRatchet":{"ephemeralKeyPair":{"pubKey":"BTvrTFujW8H20WEbXvqvcsJJNseCqbFv8VBcbk3McbN0","privKey":"WHwm8Z92ccdLbR/1sm3AMbdlLyGtqAtyN+2cKXZsCkM="},"lastRemoteEphemeralKey":"BdcK16BEKqfh7Ey8K8McJ0dUrDjVSgBHbRkaleQqhxo2","previousCounter":0,"rootKey":"4SbFy40kI9S7imrXp8BbDVJj8CipUSNgKv8B9mN+Yzs="},"indexInfo":{"baseKey":"BUxhR0gZWMbHgtkv+o3kS26H3Ty+g+zcNK7O6TFpwfEX","baseKeyType":1,"closed":-1,"used":1706967473861,"created":1706967473861,"remoteIdentityKey":"BSQBjmdolC8AFIGWBCv1dmNT+UL+EYX+ZlUZUJadUVw7"},"_chains":{"BTvrTFujW8H20WEbXvqvcsJJNseCqbFv8VBcbk3McbN0":{"chainKey":{"counter":6,"key":"ONxlSYpERj7BAUlIN5rGG8sz9uR9cTe6s8DuFVcYF/M="},"chainType":1,"messageKeys":{}}},"pendingPreKey":{"signedKeyId":0,"baseKey":"BUxhR0gZWMbHgtkv+o3kS26H3Ty+g+zcNK7O6TFpwfEX","preKeyId":14916579}}},"version":"v1"}