{"_sessions":{"BduAXEIpbnH3sbPyU3MgEIrtJ3D7x0lV/GTetKh7iwxA":{"registrationId":2034237254,"currentRatchet":{"ephemeralKeyPair":{"pubKey":"BTrmLkUzGMN2h87RuUJIHMSGIVkcOfj/XslI7LeWdH4b","privKey":"0ORr1ExKiD1U8GpzlTOb9gFGh1Ye2wpGpg+8ECppYGs="},"lastRemoteEphemeralKey":"BUAx3UCd61UesTIxaRBqVehEokgJV+DU8MtQptzR7zR1","previousCounter":0,"rootKey":"334zG21tTPbLPaLsSh+RYGmkFAEids8RAXXgnqAUXno="},"indexInfo":{"baseKey":"BduAXEIpbnH3sbPyU3MgEIrtJ3D7x0lV/GTetKh7iwxA","baseKeyType":1,"closed":-1,"used":1706967474159,"created":1706967474159,"remoteIdentityKey":"BSjdgMUKlVUl12suDmc2wLtYOaomKC/tl2q248uqE8l+"},"_chains":{"BTrmLkUzGMN2h87RuUJIHMSGIVkcOfj/XslI7LeWdH4b":{"chainKey":{"counter":6,"key":"78Ybcgdv5mcserwbBZ8WRO7827zJ0ZCLgQjaeelitv0="},"chainType":1,"messageKeys":{}}},"pendingPreKey":{"signedKeyId":9,"baseKey":"BduAXEIpbnH3sbPyU3MgEIrtJ3D7x0lV/GTetKh7iwxA","preKeyId":3127012}}},"version":"v1"}