{"_sessions":{"BSKN1pcON3Kn6fdseDRRXl8h6qkjXiuizERautu88bN2":{"registrationId":1020323697,"currentRatchet":{"ephemeralKeyPair":{"pubKey":"BZjWgz3kPk3cVtf7Mxnv4CFdhB46BcWNNEaL/q9q+UFW","privKey":"0Hc55JDb7GNsnW0oDVEaMBEP99yh3efBn94jAWz+vUQ="},"lastRemoteEphemeralKey":"BebnG7Pcc69KkLBCskY0m/29b1yn9BFHVs2+Ee/hy1ED","previousCounter":0,"rootKey":"Mx8YI7rAovGC1ZhPpLyiwxaggcsiuxWiIVFBk5u21/0="},"indexInfo":{"baseKey":"BSKN1pcON3Kn6fdseDRRXl8h6qkjXiuizERautu88bN2","baseKeyType":1,"closed":-1,"used":1706967472261,"created":1706967472261,"remoteIdentityKey":"BWMv8U5OCyqIMI4F2rGQv08y4r9+w4ywgtbAQi3yKysI"},"_chains":{"BZjWgz3kPk3cVtf7Mxnv4CFdhB46BcWNNEaL/q9q+UFW":{"chainKey":{"counter":6,"key":"fljMGDKHltaj7uTOWurXkBU2lLPkvO/cd1WB8fXt+38="},"chainType":1,"messageKeys":{}}},"pendingPreKey":{"signedKeyId":0,"baseKey":"BSKN1pcON3Kn6fdseDRRXl8h6qkjXiuizERautu88bN2","preKeyId":15122772}}},"version":"v1"}