{"_sessions":{"BTew92Gf5/WLDqQHUVcesZ/WL475+xOJLSJU10Bgt44A":{"registrationId":1719987927,"currentRatchet":{"ephemeralKeyPair":{"pubKey":"BQ6G2mFml+3eX9MlA0LYGdRh2Jthc+0sMPYGBWIqZ5Uv","privKey":"OKK5Gool03nqYGpVWt5jsP9l6gPmVHMA9xburvmM7WU="},"lastRemoteEphemeralKey":"BV50b6ZzZy+JKiH7fYnxqPW4vPiopCmLGDL5W5eCmnRF","previousCounter":0,"rootKey":"UEvSPYAaOUL7HvPtiwLA++GTQVANx0gBKb69jBrCaTw="},"indexInfo":{"baseKey":"BTew92Gf5/WLDqQHUVcesZ/WL475+xOJLSJU10Bgt44A","baseKeyType":1,"closed":-1,"used":1706967472600,"created":1706967472600,"remoteIdentityKey":"BT85r0IkT2FdH/D5EYI2T4JHc+c83bbekF839uxhERwt"},"_chains":{"BQ6G2mFml+3eX9MlA0LYGdRh2Jthc+0sMPYGBWIqZ5Uv":{"chainKey":{"counter":6,"key":"7VVOhjPlEhZpb1wL1LytQ/kG7qAUK8jyNUNuwyKrApo="},"chainType":1,"messageKeys":{}}},"pendingPreKey":{"signedKeyId":8,"baseKey":"BTew92Gf5/WLDqQHUVcesZ/WL475+xOJLSJU10Bgt44A"}}},"version":"v1"}