{"_sessions":{"BdczCkjSRS5RQOaLi5GPuCVNw35eJJf4IJfduAiFsPVj":{"registrationId":300298928,"currentRatchet":{"ephemeralKeyPair":{"pubKey":"BWmq0pyx6q7giY7RzaSmUIdGKuHbOEBz4ymBUA9jPopj","privKey":"eDI0Tw9h36W6agTeoX2hZfgh6aY6vQRSdLGKxdPSLlY="},"lastRemoteEphemeralKey":"BbLlD/BypKSu8iRqCJKKshWBT28dZtdoohuNaMZxu1h1","previousCounter":0,"rootKey":"Z1oTDMQZ26/L1BeFPRjFO0E5X0e3e+N/bSCXiN28duo="},"indexInfo":{"baseKey":"BdczCkjSRS5RQOaLi5GPuCVNw35eJJf4IJfduAiFsPVj","baseKeyType":1,"closed":-1,"used":1706967473034,"created":1706967473034,"remoteIdentityKey":"Bc2RwQ+FmuWbEqRA1xbC0DWLAV0v2moGIKPZ8vRtSdUb"},"_chains":{"BWmq0pyx6q7giY7RzaSmUIdGKuHbOEBz4ymBUA9jPopj":{"chainKey":{"counter":6,"key":"5uSxZ/3Jo41uVd7XiGvvPARAe9VE9/1J4CF1uwH7AeI="},"chainType":1,"messageKeys":{}}},"pendingPreKey":{"signedKeyId":1,"baseKey":"BdczCkjSRS5RQOaLi5GPuCVNw35eJJf4IJfduAiFsPVj","preKeyId":4724486}}},"version":"v1"}