{"_sessions":{"BUZ0/ZgnJwKCIfUouZ5PGkhjFhA47Xh0vDg4Hyua0D5u":{"registrationId":1577919778,"currentRatchet":{"ephemeralKeyPair":{"pubKey":"BeoUN1bWCOKOPQOXeqJtMG+VkfmfnXqI7U/4WBOqINxk","privKey":"SKhiL/VUidNRYd02NgOIGml+oVH5pRGcGdsBHy/vGkM="},"lastRemoteEphemeralKey":"BWSwhmG4Ts+rV6r1nSFxqsx+w1Uoj58Dr2IGP+sMbC0m","previousCounter":0,"rootKey":"LaXwriuAY1kyN3o0hi9P9AbgXywhMycsnqVoGE8URC4="},"indexInfo":{"baseKey":"BUZ0/ZgnJwKCIfUouZ5PGkhjFhA47Xh0vDg4Hyua0D5u","baseKeyType":1,"closed":-1,"used":1706967472465,"created":1706967472465,"remoteIdentityKey":"BX97U8n6wDh2zVz4oehmgc85O5pD+fclewz4ZgljXw5f"},"_chains":{"BeoUN1bWCOKOPQOXeqJtMG+VkfmfnXqI7U/4WBOqINxk":{"chainKey":{"counter":6,"key":"E+SGix+OSgdOjFjEUWB7JybZPWb7J0txb88xg1b3mwg="},"chainType":1,"messageKeys":{}}},"pendingPreKey":{"signedKeyId":0,"baseKey":"BUZ0/ZgnJwKCIfUouZ5PGkhjFhA47Xh0vDg4Hyua0D5u","preKeyId":9058371}}},"version":"v1"}