{"_sessions":{"BWPWc7ewKUa+r5EzprmnDrZkcxfibz4eIXp8pwNfWQZf":{"registrationId":473410576,"currentRatchet":{"ephemeralKeyPair":{"pubKey":"BfkBJ9tI4jvWbz9a3lnVmeI+++ZdaCJRX8EcwUKbgKM6","privKey":"eAteZCU12H42P1iU5o8+QddfNqOMYdfTGFWWvvVw+no="},"lastRemoteEphemeralKey":"BQ+eR/+dIryLwEN+PTrubWCpkCu0bZzjcXBtDOx3oJk6","previousCounter":0,"rootKey":"TmFBf3oZyEvV2ubqymW/NTQwCiHy1NMmh2V+Xtv3ix0="},"indexInfo":{"baseKey":"BWPWc7ewKUa+r5EzprmnDrZkcxfibz4eIXp8pwNfWQZf","baseKeyType":1,"closed":-1,"used":1706967474056,"created":1706967474056,"remoteIdentityKey":"BS4cDehX5mq0CnZtfGWPrFI9RL7/k9SgNzxtCtB2S5Ik"},"_chains":{"BfkBJ9tI4jvWbz9a3lnVmeI+++ZdaCJRX8EcwUKbgKM6":{"chainKey":{"counter":6,"key":"AfjQe7i/d/n+O4zsYcBCp7qbTtxnN6HeMoXDSb8aZwE="},"chainType":1,"messageKeys":{}}},"pendingPreKey":{"signedKeyId":19,"baseKey":"BWPWc7ewKUa+r5EzprmnDrZkcxfibz4eIXp8pwNfWQZf","preKeyId":4987009}}},"version":"v1"}