{"_sessions":{"BWEx9bPNaKn7/7uWKIfoceyMtIbJC3IZidEZWQqzkKtx":{"registrationId":2133067341,"currentRatchet":{"ephemeralKeyPair":{"pubKey":"BXHbBWoXiSDGL47t3ouww3rQhJtYg38LCQwCZ0QmCntI","privKey":"mCkxbDW/FQ+Q8hZIWDV5/OON+/H+zPgztMaG5ewuKWI="},"lastRemoteEphemeralKey":"BehdWyh7CzvKA9rmeB/vcY0aY2xSpQ86Q7n6mvoOIpwF","previousCounter":0,"rootKey":"F2SJNpBHq0eMbyv8KuKu45QaTbDMr42rZv+TOmhGyYg="},"indexInfo":{"baseKey":"BWEx9bPNaKn7/7uWKIfoceyMtIbJC3IZidEZWQqzkKtx","baseKeyType":1,"closed":-1,"used":1706967473966,"created":1706967473966,"remoteIdentityKey":"BY56oFO5/AkPYWD+05KIZVcXPHIspsZKU59KFR1Z4A1+"},"_chains":{"BXHbBWoXiSDGL47t3ouww3rQhJtYg38LCQwCZ0QmCntI":{"chainKey":{"counter":6,"key":"JGUeMkTaFZz7i4L8teshfYPYWRWmtf5/EjeQI/10WyQ="},"chainType":1,"messageKeys":{}}},"pendingPreKey":{"signedKeyId":2,"baseKey":"BWEx9bPNaKn7/7uWKIfoceyMtIbJC3IZidEZWQqzkKtx","preKeyId":10128520}}},"version":"v1"}