{"_sessions":{"BQf8pqyjJXMOaiVtt6i3eXubjhP6Ib0Hd8oPmUw+w9BJ":{"registrationId":1312490531,"currentRatchet":{"ephemeralKeyPair":{"pubKey":"BWnj/nrmBF9EsyGcJX1Udn1ub+Ah5HNfhuDyaas9B64n","privKey":"MO5AAR2X9UvXINqMl1jN7oD0CrEWxabQYsUdvSUlnk4="},"lastRemoteEphemeralKey":"BbapKnoWa3rpDJ61w32clVYg9w0xdpXtJeHm/LSFJPtP","previousCounter":0,"rootKey":"AUAbdqwksGif5+cSRvQcAPKlQ4dsPbcnUFGrOpps674="},"indexInfo":{"baseKey":"BQf8pqyjJXMOaiVtt6i3eXubjhP6Ib0Hd8oPmUw+w9BJ","baseKeyType":1,"closed":-1,"used":1706967473159,"created":1706967473159,"remoteIdentityKey":"BWpNr2ikhoFLNZZPuaIy2gvLP6VQzePGJYXWkA2k1ggh"},"_chains":{"BWnj/nrmBF9EsyGcJX1Udn1ub+Ah5HNfhuDyaas9B64n":{"chainKey":{"counter":6,"key":"W1lSxgMRc2XpC33tPsjzf6ps5CXWwNm4WUNHFTmNAFI="},"chainType":1,"messageKeys":{}}},"pendingPreKey":{"signedKeyId":31,"baseKey":"BQf8pqyjJXMOaiVtt6i3eXubjhP6Ib0Hd8oPmUw+w9BJ","preKeyId":13214788}}},"version":"v1"}