{"_sessions":{"BTpc25EQXKIxwjiRoHj2JegN2m4AdrV6uFjwpAUK4r4m":{"registrationId":896175164,"currentRatchet":{"ephemeralKeyPair":{"pubKey":"Bduj6yu7xJ7P1rVzIWZRWKn4gpxRz0pc0a74P40rDOQg","privKey":"QHeO9XtHD8CLPJMI1lo9WvcVWncqOugvhUDniymbeXg="},"lastRemoteEphemeralKey":"BcWWbxjjaMOV4w+pXhkF6bOYP45WCuFF71k8NbZxU4dU","previousCounter":0,"rootKey":"euTY/Bqpe4FwcNRdzhq6LU1+TcwmWjH5cApQYRUVVMk="},"indexInfo":{"baseKey":"BTpc25EQXKIxwjiRoHj2JegN2m4AdrV6uFjwpAUK4r4m","baseKeyType":1,"closed":-1,"used":1706967472078,"created":1706967472078,"remoteIdentityKey":"BQZay3iU3KOl/370qAN2kL6yuO5YnjSfVattkOnv5S1r"},"_chains":{"Bduj6yu7xJ7P1rVzIWZRWKn4gpxRz0pc0a74P40rDOQg":{"chainKey":{"counter":6,"key":"VwYEpYLPoYQU4ROuMssC5JGyqwb+MFsB7VBwhB7T86I="},"chainType":1,"messageKeys":{}}},"pendingPreKey":{"signedKeyId":4,"baseKey":"BTpc25EQXKIxwjiRoHj2JegN2m4AdrV6uFjwpAUK4r4m","preKeyId":2913013}}},"version":"v1"}