{"_sessions":{"BfkIfWs33rBQJslN/iTNZo4WhBT6jErzEXYf1NzKBDdE":{"registrationId":2040481624,"currentRatchet":{"ephemeralKeyPair":{"pubKey":"BRZQKRtnooUIeIEvXiSfubnbLnBt/562jCeVuYPuDnJa","privKey":"kP1N4m4MvMyjVmufl+7K9d4jyD2QdqqC6Ei+dIw5yUI="},"lastRemoteEphemeralKey":"BXp5pN0+9POHNw8Q4Acm/w4mGPl665MiKh1RnviL5383","previousCounter":0,"rootKey":"QsRKxAg1bWpnOEGclep9y42jQjZvRSjkjLgK6PTKAO8="},"indexInfo":{"baseKey":"BfkIfWs33rBQJslN/iTNZo4WhBT6jErzEXYf1NzKBDdE","baseKeyType":1,"closed":-1,"used":1706967472377,"created":1706967472377,"remoteIdentityKey":"BSOFlw1RvbtJansmveUfMZ+Ylops8NQ8ZLPpUdiktP53"},"_chains":{"BRZQKRtnooUIeIEvXiSfubnbLnBt/562jCeVuYPuDnJa":{"chainKey":{"counter":6,"key":"ZHGa+hzpIntkwCZWtfwKEEH8sYEiJ86pSJO8ZC2ijWo="},"chainType":1,"messageKeys":{}}},"pendingPreKey":{"signedKeyId":47,"baseKey":"BfkIfWs33rBQJslN/iTNZo4WhBT6jErzEXYf1NzKBDdE","preKeyId":11181741}}},"version":"v1"}