{"_sessions":{"BVqLK7fkzvJRF/b73hh3nScczE9jtlrIp/2Ojvm33zYN":{"registrationId":207810064,"currentRatchet":{"ephemeralKeyPair":{"pubKey":"BaR5itiuJpfjkXq75ycp7aICOhpm4Znq0VPvonznzAI5","privKey":"WPm4+aUwMm0c6loXN4n7sKZNVT48FT/FJk+VCKuE8mE="},"lastRemoteEphemeralKey":"BVFOR6ARbIZW15/vv29nV0XJ0aQhU7RMRrRry5WbntUR","previousCounter":0,"rootKey":"7FBSVEp360bAYw4oU/z+drUJCy/PzSTbBlElz3aSY+g="},"indexInfo":{"baseKey":"BVqLK7fkzvJRF/b73hh3nScczE9jtlrIp/2Ojvm33zYN","baseKeyType":1,"closed":-1,"used":1706967474147,"created":1706967474147,"remoteIdentityKey":"BUHLkJEHZBrm2OUd5fXU21v68WNsAUxRvle7VSTM7j8g"},"_chains":{"BaR5itiuJpfjkXq75ycp7aICOhpm4Znq0VPvonznzAI5":{"chainKey":{"counter":6,"key":"td2rqyaqCE32Jml+8PseH6oLyWp94ZnMvwxKH2pFm8k="},"chainType":1,"messageKeys":{}}},"pendingPreKey":{"signedKeyId":5,"baseKey":"BVqLK7fkzvJRF/b73hh3nScczE9jtlrIp/2Ojvm33zYN","preKeyId":15383287}}},"version":"v1"}