{"_sessions":{"BQfvmPts3pML6MrBVlEcWLsKbt+tqMOzG6HZ/41mpUI2":{"registrationId":1124084576,"currentRatchet":{"ephemeralKeyPair":{"pubKey":"BTn6tCqS5VN/CGc2tpjdvbZ04PXV1K7N5OCvJKJnPkNX","privKey":"MKxTqxzWH3dybED6ppK5mjrAhxEAHvtSgeB3VeJQsks="},"lastRemoteEphemeralKey":"BUBE2JJfxyw9SxQqYE4seSrG6m/wSHRF63qiLrKlLLlB","previousCounter":0,"rootKey":"IZlYrElbBRDSpMDRgZQ3+qCmHJOq/ca+pYDw5x4+r04="},"indexInfo":{"baseKey":"BQfvmPts3pML6MrBVlEcWLsKbt+tqMOzG6HZ/41mpUI2","baseKeyType":1,"closed":-1,"used":1706967472107,"created":1706967472107,"remoteIdentityKey":"BT6cQppx0rBAO6VssVCqt/JmjkHwBlaKeOKMRDXCmtpc"},"_chains":{"BTn6tCqS5VN/CGc2tpjdvbZ04PXV1K7N5OCvJKJnPkNX":{"chainKey":{"counter":6,"key":"YyTx0qYTSEFVfnwWgtBDH5sKky2BOiD71MmNEDa9Nnk="},"chainType":1,"messageKeys":{}}},"pendingPreKey":{"signedKeyId":4,"baseKey":"BQfvmPts3pML6MrBVlEcWLsKbt+tqMOzG6HZ/41mpUI2","preKeyId":3658585}}},"version":"v1"}