{"_sessions":{"BccH018hGyc73GH51ygYtsSSerUzaMMexdUCYPLe3hMR":{"registrationId":1154510317,"currentRatchet":{"ephemeralKeyPair":{"pubKey":"BQTtUw/kno4Uz0ItuuLkbI9VntGq6GoJ7HbQakRL2fFa","privKey":"2AlJupb0ZQEsk06BD7+HT0nYF/fUVBj6ecE08YN1s00="},"lastRemoteEphemeralKey":"BQxZD5bde+CFAQw3mkObUo4sr5QLNPusW9YGCQPNvrIO","previousCounter":0,"rootKey":"EHYtMtL6KOycsGH0CAMCmQbP+DG216gf+iwUQ/tpmCY="},"indexInfo":{"baseKey":"BccH018hGyc73GH51ygYtsSSerUzaMMexdUCYPLe3hMR","baseKeyType":1,"closed":-1,"used":1706967473321,"created":1706967473321,"remoteIdentityKey":"BaSSPxT/FKKNU7UDO1hnC8GVOr7Rbq+a1LjGtuEQFI8S"},"_chains":{"BQTtUw/kno4Uz0ItuuLkbI9VntGq6GoJ7HbQakRL2fFa":{"chainKey":{"counter":6,"key":"o5NMHqTmMnRiPbpUDeAmZgQWLOQhfJ4ojISGkh6sMBs="},"chainType":1,"messageKeys":{}}},"pendingPreKey":{"signedKeyId":6,"baseKey":"BccH018hGyc73GH51ygYtsSSerUzaMMexdUCYPLe3hMR","preKeyId":14817236}}},"version":"v1"}