{"_sessions":{"Bf8cV5c64jwkEEiBZkqRUrMsv+6TeHxxBRUUvznfLmpK":{"registrationId":1148707512,"currentRatchet":{"ephemeralKeyPair":{"pubKey":"BdAsnHiBD+81pjWFnosIhgAQmBwmhKhx2/GGceSCrjwz","privKey":"aNimJQZ3KbXl1zdG53MbKlzXZN24VJApSrghSVibZX0="},"lastRemoteEphemeralKey":"BU3uNiNM7FKGhzXCmyZtL403/b+uF5l3j/R0s4r3z/5R","previousCounter":1,"rootKey":"l9JN03cyZ645Ap1kka7OiC8bf6/yanMJ2jcgPVWdD3s="},"indexInfo":{"baseKey":"Bf8cV5c64jwkEEiBZkqRUrMsv+6TeHxxBRUUvznfLmpK","baseKeyType":2,"closed":1706967476625,"used":1706967128576,"created":1706967095385,"remoteIdentityKey":"BfsD34rNmLCtR1x9C0L2YcQCZAGdzF1605zmrTss++90"},"_chains":{"BeShFrqhfNiOh8a2DZJ6rXvn+bisApFZOAfyPVQifrMp":{"chainKey":{"counter":6},"chainType":2,"messageKeys":{}},"BU3uNiNM7FKGhzXCmyZtL403/b+uF5l3j/R0s4r3z/5R":{"chainKey":{"counter":3,"key":"j/xqZGNgW3gEFfdTTuiXQkIp0Up2etCFbH81Vb+FRPA="},"chainType":2,"messageKeys":{}},"BdAsnHiBD+81pjWFnosIhgAQmBwmhKhx2/GGceSCrjwz":{"chainKey":{"counter":11,"key":"crIr+jSA+PiruumNDdIbrfhRqTXSBYdH6yqOGIfo7Ic="},"chainType":1,"messageKeys":{}}}},"BbSIoGkKwgGC/n1fRZeEF78ofDedKpD72BmF6pn9UOZr":{"registrationId":1148707512,"currentRatchet":{"ephemeralKeyPair":{"pubKey":"Bbufc1rMefnyPyuY/f4IjBFRFYWvZbzOdoC0/yILczUW","privKey":"4EzYat7KaaKirUT6APp3x4SD/K+ZnV0kljlQlUtXMWQ="},"lastRemoteEphemeralKey":"BWj4Nk94gpltmem2ATr7561WeTZg6yye4O7y8OhwTKFm","previousCounter":0,"rootKey":"zgt21IXWldHTZ8g6hIaB3wQk9apEFnLWVdpTR2UVFdM="},"indexInfo":{"baseKey":"BbSIoGkKwgGC/n1fRZeEF78ofDedKpD72BmF6pn9UOZr","baseKeyType":1,"closed":1706967487189,"used":1706967476619,"created":1706967476619,"remoteIdentityKey":"BfsD34rNmLCtR1x9C0L2YcQCZAGdzF1605zmrTss++90"},"_chains":{"Bbufc1rMefnyPyuY/f4IjBFRFYWvZbzOdoC0/yILczUW":{"chainKey":{"counter":-1,"key":"fSfYqFH4JmGNHYx1YmS9Dk14L/xj90u9N3fYcgMKjtM="},"chainType":1,"messageKeys":{}}},"pendingPreKey":{"signedKeyId":0,"baseKey":"BbSIoGkKwgGC/n1fRZeEF78ofDedKpD72BmF6pn9UOZr","preKeyId":2211053}},"BVmseSLPqGeI8ShVK1TrVtqnmCD+3rO1DMrvkINf8blU":{"registrationId":1148707512,"currentRatchet":{"ephemeralKeyPair":{"pubKey":"BRNmTkHYbIuKNUH98Z/5MQBaFKsyS79PYUKUfmEVRXZT","privKey":"2PZw0jbCmTFuJxU1S5E62zYPhObs4RIaLRMbSaJw92w="},"lastRemoteEphemeralKey":"BWj4Nk94gpltmem2ATr7561WeTZg6yye4O7y8OhwTKFm","previousCounter":0,"rootKey":"E4SpbVVAUAGTl/aDGVjXxKjqwqSQFsYYqJBYlz5datM="},"indexInfo":{"baseKey":"BVmseSLPqGeI8ShVK1TrVtqnmCD+3rO1DMrvkINf8blU","baseKeyType":1,"closed":1706967506436,"used":1706967487185,"created":1706967487185,"remoteIdentityKey":"BfsD34rNmLCtR1x9C0L2YcQCZAGdzF1605zmrTss++90"},"_chains":{"BRNmTkHYbIuKNUH98Z/5MQBaFKsyS79PYUKUfmEVRXZT":{"chainKey":{"counter":-1,"key":"VM27HbAmsglaxhOVBldUigx7J3wfRTwhjbe/OGAaO3A="},"chainType":1,"messageKeys":{}}},"pendingPreKey":{"signedKeyId":0,"baseKey":"BVmseSLPqGeI8ShVK1TrVtqnmCD+3rO1DMrvkINf8blU","preKeyId":2211022}},"BSGBJCBBjWh4J3Wzh/rRQuKoKzleRl1/jguEJpLFK01T":{"registrationId":1148707512,"currentRatchet":{"ephemeralKeyPair":{"pubKey":"BYGIj7hMXJNzitsa+aixh5UpSAedX9gfGGgrARB1wjJF","privKey":"MKa8YTL9lmgCTEraNsTc045jw3IWH2bWriZL7YdYNU8="},"lastRemoteEphemeralKey":"BWj4Nk94gpltmem2ATr7561WeTZg6yye4O7y8OhwTKFm","previousCounter":0,"rootKey":"g4D/OYEFy1uswaZ2hPezj7ol/uMlgyrhpD2BgCaoaiE="},"indexInfo":{"baseKey":"BSGBJCBBjWh4J3Wzh/rRQuKoKzleRl1/jguEJpLFK01T","baseKeyType":1,"closed":1706967517704,"used":1706967506433,"created":1706967506433,"remoteIdentityKey":"BfsD34rNmLCtR1x9C0L2YcQCZAGdzF1605zmrTss++90"},"_chains":{"BYGIj7hMXJNzitsa+aixh5UpSAedX9gfGGgrARB1wjJF":{"chainKey":{"counter":0,"key":"1Mcgc6neEOw/nBeshi0HvLxKN4AMTwl6g8X18nppyyM="},"chainType":1,"messageKeys":{}}},"pendingPreKey":{"signedKeyId":0,"baseKey":"BSGBJCBBjWh4J3Wzh/rRQuKoKzleRl1/jguEJpLFK01T","preKeyId":2211143}},"Bb4KAwQGElwI6qnvaKHxXNY4BmZeMs7MQ5m7ntch5TZX":{"registrationId":1148707512,"currentRatchet":{"ephemeralKeyPair":{"pubKey":"BXBRdNsl22POLDRie2u8JnrqBpTkQrmpEyIjD+i0Ts0G","privKey":"CKoETtMleBuBb7qdjPfGli5QAioKg50qASCzPOKNEl8="},"lastRemoteEphemeralKey":"BWj4Nk94gpltmem2ATr7561WeTZg6yye4O7y8OhwTKFm","previousCounter":0,"rootKey":"JQP01XzsMbwl7qxskAdQjvT2DBdQBC+SdU4VGXLwqJ4="},"indexInfo":{"baseKey":"Bb4KAwQGElwI6qnvaKHxXNY4BmZeMs7MQ5m7ntch5TZX","baseKeyType":1,"closed":1706967537087,"used":1706967517701,"created":1706967517701,"remoteIdentityKey":"BfsD34rNmLCtR1x9C0L2YcQCZAGdzF1605zmrTss++90"},"_chains":{"BXBRdNsl22POLDRie2u8JnrqBpTkQrmpEyIjD+i0Ts0G":{"chainKey":{"counter":-1,"key":"jyTDhN2xVDchJX0NH46uNFk6Dr0twui7VsUeBLQIUoM="},"chainType":1,"messageKeys":{}}},"pendingPreKey":{"signedKeyId":0,"baseKey":"Bb4KAwQGElwI6qnvaKHxXNY4BmZeMs7MQ5m7ntch5TZX","preKeyId":2211096}},"BQSqtqbk4mVYv6GsaDGCIF/UaHSK3qj+h8m2/QylLEIz":{"registrationId":1148707512,"currentRatchet":{"ephemeralKeyPair":{"pubKey":"BYR6uH9u0aAV3Kx9nj6bBLPcM7q4vzGFbD8TTw2sSmVw","privKey":"iBvCYReNMXdxj63qSc3TzdL8VZgkl2uiiwcWnB6kpUg="},"lastRemoteEphemeralKey":"BWj4Nk94gpltmem2ATr7561WeTZg6yye4O7y8OhwTKFm","previousCounter":0,"rootKey":"r7q4JMRKh+frMspJ49Z4VA338oiVAGv5ifhWi6bcy9w="},"indexInfo":{"baseKey":"BQSqtqbk4mVYv6GsaDGCIF/UaHSK3qj+h8m2/QylLEIz","baseKeyType":1,"closed":1706967537368,"used":1706967537084,"created":1706967537084,"remoteIdentityKey":"BfsD34rNmLCtR1x9C0L2YcQCZAGdzF1605zmrTss++90"},"_chains":{"BYR6uH9u0aAV3Kx9nj6bBLPcM7q4vzGFbD8TTw2sSmVw":{"chainKey":{"counter":-1,"key":"A6gerEuJE9YTa7U75UAuqEwmerA7VBkl00CgjGK6oig="},"chainType":1,"messageKeys":{}}},"pendingPreKey":{"signedKeyId":0,"baseKey":"BQSqtqbk4mVYv6GsaDGCIF/UaHSK3qj+h8m2/QylLEIz","preKeyId":2211128}},"BXCJnFi+pEba9j572dAVghN6fzs/OmOhiTzcEofVU7kb":{"registrationId":1148707512,"currentRatchet":{"ephemeralKeyPair":{"pubKey":"BWlalvFIbqsyiJysYsA7e2IVqOJDXIdIaRcX7LOn2qww","privKey":"uESwSvICSMmcGAaiLHscn96TfgYZlAaYTaLGy99pE2U="},"lastRemoteEphemeralKey":"BWj4Nk94gpltmem2ATr7561WeTZg6yye4O7y8OhwTKFm","previousCounter":0,"rootKey":"789wQSlrk5LbDWKk9JXPjXTXjCkF/MtP5dmMVwMGC8Q="},"indexInfo":{"baseKey":"BXCJnFi+pEba9j572dAVghN6fzs/OmOhiTzcEofVU7kb","baseKeyType":1,"closed":1706967603460,"used":1706967537364,"created":1706967537364,"remoteIdentityKey":"BfsD34rNmLCtR1x9C0L2YcQCZAGdzF1605zmrTss++90"},"_chains":{"BWlalvFIbqsyiJysYsA7e2IVqOJDXIdIaRcX7LOn2qww":{"chainKey":{"counter":-1,"key":"zv4T3VM+ODzxL/xRlgaYza67VRUhfkZD8ZuPSG7Ruq0="},"chainType":1,"messageKeys":{}}},"pendingPreKey":{"signedKeyId":0,"baseKey":"BXCJnFi+pEba9j572dAVghN6fzs/OmOhiTzcEofVU7kb","preKeyId":2211007}},"BVj6vLE3dp/Hx93ZxFhmvtP/igikmyzEq7vNmiFLwuA6":{"registrationId":1148707512,"currentRatchet":{"ephemeralKeyPair":{"pubKey":"BXANOWScL/xWJFHNmkJGuxt0+bamOAgv0AJvhu2xklEl","privKey":"8PH/ArDnguy+EsFxUZ9dk3h8PCir9SP/GRsIJ+5qSGI="},"lastRemoteEphemeralKey":"BWj4Nk94gpltmem2ATr7561WeTZg6yye4O7y8OhwTKFm","previousCounter":0,"rootKey":"BEVXNQoybaZsVu6ggNTcysjZSsSCAU+Jkfo0DURLQCA="},"indexInfo":{"baseKey":"BVj6vLE3dp/Hx93ZxFhmvtP/igikmyzEq7vNmiFLwuA6","baseKeyType":1,"closed":1706967604054,"used":1706967603457,"created":1706967603457,"remoteIdentityKey":"BfsD34rNmLCtR1x9C0L2YcQCZAGdzF1605zmrTss++90"},"_chains":{"BXANOWScL/xWJFHNmkJGuxt0+bamOAgv0AJvhu2xklEl":{"chainKey":{"counter":-1,"key":"42CVNzZlCrA/bQTQC3xKsGgTASKFfwgVDYeD6mFGKR4="},"chainType":1,"messageKeys":{}}},"pendingPreKey":{"signedKeyId":0,"baseKey":"BVj6vLE3dp/Hx93ZxFhmvtP/igikmyzEq7vNmiFLwuA6","preKeyId":2211076}},"BeV8N8izNYCwV6cvJ9HtdqDtyPdXZma47ampwU4c5z5b":{"registrationId":1148707512,"currentRatchet":{"ephemeralKeyPair":{"pubKey":"Bdn2TzM7aO1xZEctPcbYVlcS2PRRzbyV15O+Q9a3nIt5","privKey":"cNduyYDVLffQtllpN0+cYHZ4Q8lThoecQEYFXh4I8H4="},"lastRemoteEphemeralKey":"BWj4Nk94gpltmem2ATr7561WeTZg6yye4O7y8OhwTKFm","previousCounter":0,"rootKey":"5Plo7OBy1iy1xuCGTqWt+dhb5tujUQwGHctXqulw4Lk="},"indexInfo":{"baseKey":"BeV8N8izNYCwV6cvJ9HtdqDtyPdXZma47ampwU4c5z5b","baseKeyType":1,"closed":1706967623224,"used":1706967604051,"created":1706967604051,"remoteIdentityKey":"BfsD34rNmLCtR1x9C0L2YcQCZAGdzF1605zmrTss++90"},"_chains":{"Bdn2TzM7aO1xZEctPcbYVlcS2PRRzbyV15O+Q9a3nIt5":{"chainKey":{"counter":0,"key":"sKSusChGLD+LjrH0jBwGj4J4IhMorDUqgo47WRsnHxQ="},"chainType":1,"messageKeys":{}}},"pendingPreKey":{"signedKeyId":0,"baseKey":"BeV8N8izNYCwV6cvJ9HtdqDtyPdXZma47ampwU4c5z5b","preKeyId":2210452}},"BdJ7x1m4wr2ao+6CfDqBoGcBxgFitu/yXX3nvtWOp2Mn":{"registrationId":1148707512,"currentRatchet":{"ephemeralKeyPair":{"pubKey":"BfGqn40xASSyd53FRJxU/2Tpd++kyAALt+q+pAdM58Z4","privKey":"kO6YcTYmg5J91v3CcZOvl2NIkQPe0enLcKL5YdI/qXI="},"lastRemoteEphemeralKey":"BWj4Nk94gpltmem2ATr7561WeTZg6yye4O7y8OhwTKFm","previousCounter":0,"rootKey":"cHnCFkMvohrfaTnDJagy4i2/OzshwNxLcXMwnW/ATBw="},"indexInfo":{"baseKey":"BdJ7x1m4wr2ao+6CfDqBoGcBxgFitu/yXX3nvtWOp2Mn","baseKeyType":1,"closed":1706967628712,"used":1706967623221,"created":1706967623221,"remoteIdentityKey":"BfsD34rNmLCtR1x9C0L2YcQCZAGdzF1605zmrTss++90"},"_chains":{"BfGqn40xASSyd53FRJxU/2Tpd++kyAALt+q+pAdM58Z4":{"chainKey":{"counter":-1,"key":"OErWH4pLp4bF3QcoyvLA8yfZ7kt+WSreeZateGbeEG4="},"chainType":1,"messageKeys":{}}},"pendingPreKey":{"signedKeyId":0,"baseKey":"BdJ7x1m4wr2ao+6CfDqBoGcBxgFitu/yXX3nvtWOp2Mn","preKeyId":2210338}},"BZsazhcIxsTJISSSSefOozAlJ/zafKTKIY7swiZwRe0A":{"registrationId":1148707512,"currentRatchet":{"ephemeralKeyPair":{"pubKey":"BerSr03WrQL1sUPiucruly4RVlA3Z0xzDBikZdOuKlo3","privKey":"0P6sUnj+ORMjMWgZNHX3xP0+VnlVPQt253eypU5rHlQ="},"lastRemoteEphemeralKey":"BWj4Nk94gpltmem2ATr7561WeTZg6yye4O7y8OhwTKFm","previousCounter":0,"rootKey":"Z8JhVU465VYGdYTZqhH0by5t5yEsFxTGuKW72O4/E4s="},"indexInfo":{"baseKey":"BZsazhcIxsTJISSSSefOozAlJ/zafKTKIY7swiZwRe0A","baseKeyType":1,"closed":1706967629465,"used":1706967628688,"created":1706967628688,"remoteIdentityKey":"BfsD34rNmLCtR1x9C0L2YcQCZAGdzF1605zmrTss++90"},"_chains":{"BerSr03WrQL1sUPiucruly4RVlA3Z0xzDBikZdOuKlo3":{"chainKey":{"counter":-1,"key":"vQyXSKYH3Jyc/mbJyKlGd7dSOm0+IiqYO4Oa6BfWnkM="},"chainType":1,"messageKeys":{}}},"pendingPreKey":{"signedKeyId":0,"baseKey":"BZsazhcIxsTJISSSSefOozAlJ/zafKTKIY7swiZwRe0A","preKeyId":2210385}},"BdDBDtVTJXQ1d1jL4sMQwSeBRu3mDB8R2olrHCbP+SNg":{"registrationId":1148707512,"currentRatchet":{"ephemeralKeyPair":{"pubKey":"BbSVLzclY0toSRzQ90ipOGhNW5OWYOOon5m9s+ivb/lm","privKey":"mKN/w+ZdhbDmbf50nNDkneBDPWZqj/+k7AMMakKKllA="},"lastRemoteEphemeralKey":"BWj4Nk94gpltmem2ATr7561WeTZg6yye4O7y8OhwTKFm","previousCounter":0,"rootKey":"I38TBADXZQqvIzX6Z8cftzho+aAjbXRMq57VfDgtBho="},"indexInfo":{"baseKey":"BdDBDtVTJXQ1d1jL4sMQwSeBRu3mDB8R2olrHCbP+SNg","baseKeyType":1,"closed":1706967667527,"used":1706967629367,"created":1706967629367,"remoteIdentityKey":"BfsD34rNmLCtR1x9C0L2YcQCZAGdzF1605zmrTss++90"},"_chains":{"BbSVLzclY0toSRzQ90ipOGhNW5OWYOOon5m9s+ivb/lm":{"chainKey":{"counter":-1,"key":"4FSLPI57+1KLttDGAtlDwANsHDXvSEQCb3n5p2n/ObQ="},"chainType":1,"messageKeys":{}}},"pendingPreKey":{"signedKeyId":0,"baseKey":"BdDBDtVTJXQ1d1jL4sMQwSeBRu3mDB8R2olrHCbP+SNg","preKeyId":2211115}},"BVBcdltpk0syW6hekEYFLnKbvzVkoCUslay37/snj2N4":{"registrationId":1148707512,"currentRatchet":{"ephemeralKeyPair":{"pubKey":"BduYHesbbixKhJWQarimHpmyZ0sOWhYhREG5uYy/T3pG","privKey":"kJhrkidSlE9dfRYAqvYp55hP5BOkfZ5J/xFDAl14hU4="},"lastRemoteEphemeralKey":"BWj4Nk94gpltmem2ATr7561WeTZg6yye4O7y8OhwTKFm","previousCounter":0,"rootKey":"gqmG3qvgOEjCInbxwF1Tifbwy0OCt8h17GJJTq8RvGk="},"indexInfo":{"baseKey":"BVBcdltpk0syW6hekEYFLnKbvzVkoCUslay37/snj2N4","baseKeyType":1,"closed":1706967667809,"used":1706967667523,"created":1706967667523,"remoteIdentityKey":"BfsD34rNmLCtR1x9C0L2YcQCZAGdzF1605zmrTss++90"},"_chains":{"BduYHesbbixKhJWQarimHpmyZ0sOWhYhREG5uYy/T3pG":{"chainKey":{"counter":-1,"key":"yvlCXcGWRh+isquajBWuqKXE0He6AVrSfIAwkt7AM7Q="},"chainType":1,"messageKeys":{}}},"pendingPreKey":{"signedKeyId":0,"baseKey":"BVBcdltpk0syW6hekEYFLnKbvzVkoCUslay37/snj2N4","preKeyId":2211023}},"BekCTKizT6P5VLqQwQrh5K3O4Hd2fdOICtL1izEcsK58":{"registrationId":1148707512,"currentRatchet":{"ephemeralKeyPair":{"pubKey":"BaCgxgx9nncUu+HF60S7SexmfDdIe5EnaCUyOCJ8w9ht","privKey":"UDTnMQZTYx0NW6eZW7ypFPnQ4/INNceslCGJP+YpiF4="},"lastRemoteEphemeralKey":"BWj4Nk94gpltmem2ATr7561WeTZg6yye4O7y8OhwTKFm","previousCounter":0,"rootKey":"h2M7npHxY6ulTlesw2h0jTQpiQ/v3hHiwhws3tFsGRE="},"indexInfo":{"baseKey":"BekCTKizT6P5VLqQwQrh5K3O4Hd2fdOICtL1izEcsK58","baseKeyType":1,"closed":1706967668090,"used":1706967667805,"created":1706967667805,"remoteIdentityKey":"BfsD34rNmLCtR1x9C0L2YcQCZAGdzF1605zmrTss++90"},"_chains":{"BaCgxgx9nncUu+HF60S7SexmfDdIe5EnaCUyOCJ8w9ht":{"chainKey":{"counter":-1,"key":"7+ON5vVLsfGvQEHzVdm5GD/58XX+MOfVKo/KOGIWVOI="},"chainType":1,"messageKeys":{}}},"pendingPreKey":{"signedKeyId":0,"baseKey":"BekCTKizT6P5VLqQwQrh5K3O4Hd2fdOICtL1izEcsK58","preKeyId":2210975}},"BWqTjE7prOBEoxBn38op1/XOKq9HkA4JRfyBT43oz/gm":{"registrationId":1148707512,"currentRatchet":{"ephemeralKeyPair":{"pubKey":"BbthO8iYwsuKloBW+ssWJkemfg7g77OIo96DM2fh1asi","privKey":"AHlCLD8BKBbLRNSaVBPyrw9g/d39SVyFnlgvSjV34k4="},"lastRemoteEphemeralKey":"BWj4Nk94gpltmem2ATr7561WeTZg6yye4O7y8OhwTKFm","previousCounter":0,"rootKey":"91pZSDORkvnVtCWuY3to9XfspeHEA7aZRg7g3JMAgN0="},"indexInfo":{"baseKey":"BWqTjE7prOBEoxBn38op1/XOKq9HkA4JRfyBT43oz/gm","baseKeyType":1,"closed":1706967668369,"used":1706967668087,"created":1706967668087,"remoteIdentityKey":"BfsD34rNmLCtR1x9C0L2YcQCZAGdzF1605zmrTss++90"},"_chains":{"BbthO8iYwsuKloBW+ssWJkemfg7g77OIo96DM2fh1asi":{"chainKey":{"counter":-1,"key":"q0I7I+Vi264VNriBUdtDKt+Fx5aPy84mWKrP0nkDJQM="},"chainType":1,"messageKeys":{}}},"pendingPreKey":{"signedKeyId":0,"baseKey":"BWqTjE7prOBEoxBn38op1/XOKq9HkA4JRfyBT43oz/gm","preKeyId":2210342}},"Bah1ugnsILLkBRjJxUJBmEU8oXMma4LovnI1NPRGD6FT":{"registrationId":1148707512,"currentRatchet":{"ephemeralKeyPair":{"pubKey":"BTJ0c2lMZk6tcrAbE2N0KanwTQOqEkinf1Mr3uUJ1HdP","privKey":"mFgGHz61DH4MKYAyiB8xkSxwNo4/bfna209JKR3AJ1Q="},"lastRemoteEphemeralKey":"BWj4Nk94gpltmem2ATr7561WeTZg6yye4O7y8OhwTKFm","previousCounter":0,"rootKey":"Vz0cztf2FtD+uIH5ul71n/R67xz1CFqHB3W4g+cI/D4="},"indexInfo":{"baseKey":"Bah1ugnsILLkBRjJxUJBmEU8oXMma4LovnI1NPRGD6FT","baseKeyType":1,"closed":1706967668654,"used":1706967668366,"created":1706967668366,"remoteIdentityKey":"BfsD34rNmLCtR1x9C0L2YcQCZAGdzF1605zmrTss++90"},"_chains":{"BTJ0c2lMZk6tcrAbE2N0KanwTQOqEkinf1Mr3uUJ1HdP":{"chainKey":{"counter":-1,"key":"K/Yhm7D3C5voJa0VtPRZr+A2jpMen31LtyIHi/QEby0="},"chainType":1,"messageKeys":{}}},"pendingPreKey":{"signedKeyId":0,"baseKey":"Bah1ugnsILLkBRjJxUJBmEU8oXMma4LovnI1NPRGD6FT","preKeyId":2210438}},"BXD+lml9KuKtsDeVUQ1rcxkJrCS7guHOSBCRJ3frQsgx":{"registrationId":1148707512,"currentRatchet":{"ephemeralKeyPair":{"pubKey":"BQzgMbxbf+IECScV5k9xEBA5amdEvgTYRFNE85ml8rVs","privKey":"KF1KkMV/mOILd6HJSDseaDZzscyiy9MFXtOETUNXDnU="},"lastRemoteEphemeralKey":"BWj4Nk94gpltmem2ATr7561WeTZg6yye4O7y8OhwTKFm","previousCounter":0,"rootKey":"uKt7QqBPZgJBKaQToFkriKsUYD2necrzz+K15WJOBx0="},"indexInfo":{"baseKey":"BXD+lml9KuKtsDeVUQ1rcxkJrCS7guHOSBCRJ3frQsgx","baseKeyType":1,"closed":-1,"used":1706967668650,"created":1706967668650,"remoteIdentityKey":"BfsD34rNmLCtR1x9C0L2YcQCZAGdzF1605zmrTss++90"},"_chains":{"BQzgMbxbf+IECScV5k9xEBA5amdEvgTYRFNE85ml8rVs":{"chainKey":{"counter":23,"key":"pg62rf/Q7gVrHMIQxBWPE09zLxEV9Ck9ytradNp4/ro="},"chainType":1,"messageKeys":{}}},"pendingPreKey":{"signedKeyId":0,"baseKey":"BXD+lml9KuKtsDeVUQ1rcxkJrCS7guHOSBCRJ3frQsgx","preKeyId":2210383}}},"version":"v1"}