{"_sessions":{"BUudxyhFGqE+stTmUhCGJY9oDNVWR1sCX4uDDtI4xW9l":{"registrationId":990741578,"currentRatchet":{"ephemeralKeyPair":{"pubKey":"Bebhsqoxvg9C72KOs6FBzwMZk4MYAIwEnVxU0dA7UcVL","privKey":"yCWaXFnEOEQtZZA/sKhzmQGdN4IUx/et3Z6OzmTGU24="},"lastRemoteEphemeralKey":"BUThkT6TH4Wae/McASEAI6XUKoiFz4JKayJ9VHNyEL4U","previousCounter":0,"rootKey":"URSsA095uAk3VAANwnM8b8wFPGQgNMfacutsqHSNl7M="},"indexInfo":{"baseKey":"BUudxyhFGqE+stTmUhCGJY9oDNVWR1sCX4uDDtI4xW9l","baseKeyType":1,"closed":-1,"used":1706967472647,"created":1706967472647,"remoteIdentityKey":"Ba84x5v4/FK5tmz72oDvvDNRakBkjus0RxPG7Wj9ZVw8"},"_chains":{"Bebhsqoxvg9C72KOs6FBzwMZk4MYAIwEnVxU0dA7UcVL":{"chainKey":{"counter":6,"key":"0MpI/4OjIer3E9S8eA966HHmzvcyJ/8RJradII91FEQ="},"chainType":1,"messageKeys":{}}},"pendingPreKey":{"signedKeyId":45,"baseKey":"BUudxyhFGqE+stTmUhCGJY9oDNVWR1sCX4uDDtI4xW9l","preKeyId":9204945}}},"version":"v1"}