{"_sessions":{"BXCgn5KtcGkqWGqgqXQCr5ZgwCFDHrzWicezsTmFZqJO":{"registrationId":1669159441,"currentRatchet":{"ephemeralKeyPair":{"pubKey":"BUsb6xSz36CLwgXwpnMCiXH9e9Sy9eI7mi0Tt/vkw8lb","privKey":"YJGoytpG1ME8f9lP0F2RwhIaC1XqI3QEjqhEI7XjTWU="},"lastRemoteEphemeralKey":"Ba1I3GRoi0ribrtLNVklHWfHXdL5xCHGt8TfojiDVOxJ","previousCounter":0,"rootKey":"KfSvoDLE0STydJKCkaW3qnURbqpXJxGt1UnZd2UT/qM="},"indexInfo":{"baseKey":"BXCgn5KtcGkqWGqgqXQCr5ZgwCFDHrzWicezsTmFZqJO","baseKeyType":1,"closed":-1,"used":1706967473808,"created":1706967473808,"remoteIdentityKey":"Bb9+2SJUQ82S0iMyumhVyCDHJPT7gB1BendMMGo3Odga"},"_chains":{"BUsb6xSz36CLwgXwpnMCiXH9e9Sy9eI7mi0Tt/vkw8lb":{"chainKey":{"counter":6,"key":"tJmCgV4HIScxSPOt13uY08AfRQe/+fl3pSkEUTjq/Vk="},"chainType":1,"messageKeys":{}}},"pendingPreKey":{"signedKeyId":15,"baseKey":"BXCgn5KtcGkqWGqgqXQCr5ZgwCFDHrzWicezsTmFZqJO","preKeyId":14108637}}},"version":"v1"}