{"_sessions":{"BWEdoZgXncwEZ7sJoDOH+y/mJmoAXrg/OeqlkEDBZFYJ":{"registrationId":1426790348,"currentRatchet":{"ephemeralKeyPair":{"pubKey":"BaTqcxioWlwtTqw1Ypb399G9lFJeGscWHllS70h5uO1m","privKey":"ABt+yJ2qMPhYQ7W2dHIRHynk14AmgTAwvasumcfn5Ec="},"lastRemoteEphemeralKey":"BVQP8msHR4QzlCnD3AOgJlbAWuzRj3jTizajv0WO7LIA","previousCounter":0,"rootKey":"bOIZPvmHfirIWDE8RgwF7/juSCMTu+AYEXfLXwCpoZo="},"indexInfo":{"baseKey":"BWEdoZgXncwEZ7sJoDOH+y/mJmoAXrg/OeqlkEDBZFYJ","baseKeyType":1,"closed":-1,"used":1706967472479,"created":1706967472479,"remoteIdentityKey":"BaXYfbgTdQsZlGXTg5b6ltDPdsdlbsb+TQIAe/Rle0Zk"},"_chains":{"BaTqcxioWlwtTqw1Ypb399G9lFJeGscWHllS70h5uO1m":{"chainKey":{"counter":6,"key":"Opf1m3nB36+hzoGMLPQcCocF5hPdCm2p7NJF1EeYNlY="},"chainType":1,"messageKeys":{}}},"pendingPreKey":{"signedKeyId":14120090,"baseKey":"BWEdoZgXncwEZ7sJoDOH+y/mJmoAXrg/OeqlkEDBZFYJ","preKeyId":3011}}},"version":"v1"}