{"_sessions":{"BfWuDcGPxSmWHCN15Wm4D73kMQtX2EQNz2ZueHYg+2Qn":{"registrationId":11678,"currentRatchet":{"ephemeralKeyPair":{"pubKey":"BUyawH9ASqgTU+4YmcwOryCbQ1NvvwO8mUBZCFS1u1Jm","privKey":"EMgMhWN5BKF2oKPHOZ3A8BZIbTTFeV9THqAjdCVjOX0="},"lastRemoteEphemeralKey":"Bbb/uiWp1mQ/N1CeGywjsOT2lN5CNWiJPfRW58GgY40o","previousCounter":0,"rootKey":"uK1NgL4l9j170qcLYSs2o61QXWgqb1IJw+wVKFvZGrY="},"indexInfo":{"baseKey":"BfWuDcGPxSmWHCN15Wm4D73kMQtX2EQNz2ZueHYg+2Qn","baseKeyType":1,"closed":-1,"used":1706967471520,"created":1706967471520,"remoteIdentityKey":"BekTJWj1dVBJ0XPbJAIYJfnVVusqX0m9qrfQrAK9tI9w"},"_chains":{"BUyawH9ASqgTU+4YmcwOryCbQ1NvvwO8mUBZCFS1u1Jm":{"chainKey":{"counter":6,"key":"SN4oV/UETLIW30GbsFmT/CiReSi1WSPnkSB/jEHnL1o="},"chainType":1,"messageKeys":{}}},"pendingPreKey":{"signedKeyId":1,"baseKey":"BfWuDcGPxSmWHCN15Wm4D73kMQtX2EQNz2ZueHYg+2Qn"}}},"version":"v1"}