{"_sessions":{"BdwyhJqoX5DoRgOx3ms7yFhEtPGZMVQUKpzL1BNKh+lH":{"registrationId":1074945049,"currentRatchet":{"ephemeralKeyPair":{"pubKey":"BT+R8bD0qGNNg3lTPXE1sMTqY3J0mfEwwM0p1DLsZYU6","privKey":"aN/GFLSTVrxIh50r/KfC7oR5mhZMZk9VPCVvpjTdHFY="},"lastRemoteEphemeralKey":"BbBoY1NZjGA7D9MOZkK9RXxF1yrK5TKYkfMOLgCykx5C","previousCounter":0,"rootKey":"Dqu2qWsrGb8Af9bT5Ln9AOCer8VYsD9mzhb2Ykm8ssc="},"indexInfo":{"baseKey":"BdwyhJqoX5DoRgOx3ms7yFhEtPGZMVQUKpzL1BNKh+lH","baseKeyType":1,"closed":-1,"used":1706967472547,"created":1706967472547,"remoteIdentityKey":"BY3txZPDYdx+jbPCdNaCkqlVFjalgYIj26HstU/TKals"},"_chains":{"BT+R8bD0qGNNg3lTPXE1sMTqY3J0mfEwwM0p1DLsZYU6":{"chainKey":{"counter":6,"key":"ANlq88Ek2EbxtmdGR4u1s3iUU7t8fztsv+3NIW46CEA="},"chainType":1,"messageKeys":{}}},"pendingPreKey":{"signedKeyId":11,"baseKey":"BdwyhJqoX5DoRgOx3ms7yFhEtPGZMVQUKpzL1BNKh+lH","preKeyId":15326691}}},"version":"v1"}