{"_sessions":{"Bb36GHMUSSNGaJ0bNou7m1BksMvJ/xm4dz/usG20nXYu":{"registrationId":1557226476,"currentRatchet":{"ephemeralKeyPair":{"pubKey":"BQzUao+sEBEfAa+MPl4/FESOTstnCw5HmwlqeWg6kU9Y","privKey":"UIp59cKfIkS9IK+9FnfFjsj5jOy+1XlHPJQKWMupg3g="},"lastRemoteEphemeralKey":"BaMgCtJQcmk6IUsK7adCCGhh2XxMjPDEF+QUjow9r4NY","previousCounter":0,"rootKey":"+LXoPkDT4Dgr6fZAc/YzWoqnOqOJUt2sgGGwHX1L414="},"indexInfo":{"baseKey":"Bb36GHMUSSNGaJ0bNou7m1BksMvJ/xm4dz/usG20nXYu","baseKeyType":1,"closed":-1,"used":1706967474071,"created":1706967474071,"remoteIdentityKey":"BbZD+onIwbFVvgdN1UqaZjtkKXxuH6CCRKl13EKpiR5q"},"_chains":{"BQzUao+sEBEfAa+MPl4/FESOTstnCw5HmwlqeWg6kU9Y":{"chainKey":{"counter":6,"key":"PGh+LOq4rPrAypBEALZShXex2VfOhJE1+qQvmHZyIK4="},"chainType":1,"messageKeys":{}}},"pendingPreKey":{"signedKeyId":14,"baseKey":"Bb36GHMUSSNGaJ0bNou7m1BksMvJ/xm4dz/usG20nXYu","preKeyId":6001570}}},"version":"v1"}