{"_sessions":{"BfHIQfIFLgZWOdz8JziX/ez3OTqOlHr0mI+Oxyhal4NR":{"registrationId":1394856976,"currentRatchet":{"ephemeralKeyPair":{"pubKey":"BfowGf3ml6mtS0dDc1MZfXiVUp4dw06tUlxoiQy8U0hf","privKey":"8AasKCdOvP7TBdq2qOKxmI3eL6xcsLut6WT4SC0k/Wk="},"lastRemoteEphemeralKey":"Ba0h+IrJfOFn9qya6Sp4xVsPQFffHfrioIuOGJEeO/0O","previousCounter":0,"rootKey":"W7qWO2/i+oTq48pbWIYDBZUaes6ag6WFfVr0Nz0bNQw="},"indexInfo":{"baseKey":"BfHIQfIFLgZWOdz8JziX/ez3OTqOlHr0mI+Oxyhal4NR","baseKeyType":1,"closed":-1,"used":1706967473987,"created":1706967473987,"remoteIdentityKey":"BSOpxKU88mkPNQUeCfEx2tMEW2KIwdujnPWBXD1MVFx9"},"_chains":{"BfowGf3ml6mtS0dDc1MZfXiVUp4dw06tUlxoiQy8U0hf":{"chainKey":{"counter":6,"key":"I8tjwHp5lmp9LbIC5448ShKMQuP+GwHbDGvfBIBon7s="},"chainType":1,"messageKeys":{}}},"pendingPreKey":{"signedKeyId":12,"baseKey":"BfHIQfIFLgZWOdz8JziX/ez3OTqOlHr0mI+Oxyhal4NR","preKeyId":10568696}}},"version":"v1"}