{"_sessions":{"BRgJtDBagQWELkPgPxNgCH5PVOzRqWw4BKbvR11Nio4f":{"registrationId":517648650,"currentRatchet":{"ephemeralKeyPair":{"pubKey":"BWvLAebx3+8QvTzX98kW/PmD+5gSXIkJSm6oAzMPomts","privKey":"8MTjCBvXFhlyjP3lBTDjYLiaTAWhue65N1IAKLsXzl4="},"lastRemoteEphemeralKey":"BbpagS5pU2Jms4b4kjtJKg71yQAeVZSuyoEDjC6mjx0G","previousCounter":0,"rootKey":"nB2MKPICdO415APQK17rLR0m3usesSL2Zvt0X16hBqA="},"indexInfo":{"baseKey":"BRgJtDBagQWELkPgPxNgCH5PVOzRqWw4BKbvR11Nio4f","baseKeyType":1,"closed":-1,"used":1706967473252,"created":1706967473252,"remoteIdentityKey":"BUamLMJUYRIVMg66Y2qDNbXKf/ljHe3beX/MBdI1ijMB"},"_chains":{"BWvLAebx3+8QvTzX98kW/PmD+5gSXIkJSm6oAzMPomts":{"chainKey":{"counter":6,"key":"P1SJ6H4fqgikPKkazck+rFLTY1d3PeEiWk8ULShNiYc="},"chainType":1,"messageKeys":{}}},"pendingPreKey":{"signedKeyId":16,"baseKey":"BRgJtDBagQWELkPgPxNgCH5PVOzRqWw4BKbvR11Nio4f","preKeyId":13170432}}},"version":"v1"}