{"_sessions":{"BZZr3uzMuKrUSkabdqqc08A+PUy/bLJwojr2fqqnFIVW":{"registrationId":460981316,"currentRatchet":{"ephemeralKeyPair":{"pubKey":"Bd9AIxmDsTOa+KZ5gFkdSNlfVgFG55TkPXsBIS36Wakp","privKey":"aMH7tfVqrpQ38l9gdqLYh1cXpw3EDy7NrMfjBXvCXH8="},"lastRemoteEphemeralKey":"BRF5+dH3FLVK2o1FPhG4C1dv1UJtFFDf7UQ0AhiRp285","previousCounter":0,"rootKey":"6axfrPUBCeB8bxWfeoKqgUyoX7rZY4wy7SPbE5ZUHjw="},"indexInfo":{"baseKey":"BZZr3uzMuKrUSkabdqqc08A+PUy/bLJwojr2fqqnFIVW","baseKeyType":1,"closed":-1,"used":1706967472885,"created":1706967472885,"remoteIdentityKey":"BfVQj5ZBRDSPhbIQQEo0xPkXX8Kym2gQW95zLjYRnI9x"},"_chains":{"Bd9AIxmDsTOa+KZ5gFkdSNlfVgFG55TkPXsBIS36Wakp":{"chainKey":{"counter":6,"key":"gzNhg1oFRzRfBWPLwINHyoeLrTUY+FvaRnpmuAlDjp0="},"chainType":1,"messageKeys":{}}},"pendingPreKey":{"signedKeyId":8,"baseKey":"BZZr3uzMuKrUSkabdqqc08A+PUy/bLJwojr2fqqnFIVW","preKeyId":10184574}}},"version":"v1"}