{"_sessions":{"Beq8HNLbxZvn3r5BzZEbB+1itmMVOU8LNLx/qLhjXoRS":{"registrationId":739180502,"currentRatchet":{"ephemeralKeyPair":{"pubKey":"BdvPRAaQw1IK5mN9dQzIh8lSKArfsAV121E8etrSPmEi","privKey":"UAIZXc3nwkwkkEmPAtMC8RkHAjtUmNF9GKODGGW3BVw="},"lastRemoteEphemeralKey":"Bb9yW5g269ZlXGfnObBAIf+cj5J+x9UUHUgQiwygLcBL","previousCounter":0,"rootKey":"sJniWOEyPMeLzzaChsrjz6X7HS51YmcJvsL1IfpHFbw="},"indexInfo":{"baseKey":"Beq8HNLbxZvn3r5BzZEbB+1itmMVOU8LNLx/qLhjXoRS","baseKeyType":1,"closed":-1,"used":1706967472732,"created":1706967472732,"remoteIdentityKey":"BTYCwyeZ87+mUmJXahww9TTGLGa1PK28eS7cjhGIsOJZ"},"_chains":{"BdvPRAaQw1IK5mN9dQzIh8lSKArfsAV121E8etrSPmEi":{"chainKey":{"counter":6,"key":"Hc6zkzs7nQdH4w/LvL+Tn3sj/oCD/HVNfrWattE1Awc="},"chainType":1,"messageKeys":{}}},"pendingPreKey":{"signedKeyId":6,"baseKey":"Beq8HNLbxZvn3r5BzZEbB+1itmMVOU8LNLx/qLhjXoRS","preKeyId":2812595}}},"version":"v1"}