{"_sessions":{"BYwaCFJVBEnze5jIii2J9g9eXpvl9wsj8OHWOcFEBgcs":{"registrationId":6644,"currentRatchet":{"ephemeralKeyPair":{"pubKey":"BddFq0ynpYvnvkalf6uidvV8VhBRqTh18y5vdFWqdpYE","privKey":"CJnIN7rlQ35+oJADeHtLhWZzXuW0tZKodokRLepAPUU="},"lastRemoteEphemeralKey":"BeaV+ECBjdlu859Wpfw8LiLL//wbvQXM0HiFxQmCmpx4","previousCounter":0,"rootKey":"vxbFvWvWfm+sNKGcy+OaoHx63vtwm7Tl2ls0wppGqQo="},"indexInfo":{"baseKey":"BYwaCFJVBEnze5jIii2J9g9eXpvl9wsj8OHWOcFEBgcs","baseKeyType":1,"closed":-1,"used":1706967471602,"created":1706967471602,"remoteIdentityKey":"BVb+B/dQIWGIGRWA6UEmI0ohNbVoiRlZ6J2kAmq8uP4L"},"_chains":{"BddFq0ynpYvnvkalf6uidvV8VhBRqTh18y5vdFWqdpYE":{"chainKey":{"counter":6,"key":"B2WGqp9QeDnBhmQurZcCMXk/fOIUR6NKuNc02B0bRTo="},"chainType":1,"messageKeys":{}}},"pendingPreKey":{"signedKeyId":1,"baseKey":"BYwaCFJVBEnze5jIii2J9g9eXpvl9wsj8OHWOcFEBgcs"}}},"version":"v1"}