{"_sessions":{"BWvZpfwNzbDB49vgs5wZur6FihM8fuW3Bum74FpaOZl5":{"registrationId":1084806287,"currentRatchet":{"ephemeralKeyPair":{"pubKey":"BalmmNAg3Q1KVpbzUjpFWSfK1VxvmPg9Qzv/sEQ+hSYi","privKey":"UJx7q1/l+mq5p+4Dw7e3iPdp7D56kq+gix5knffkrWg="},"lastRemoteEphemeralKey":"BU0a0KNtUe4iSxoVCONp7ttlzgYN9xF+UkeT4MGKz9Vz","previousCounter":0,"rootKey":"siaK5mfPAS6XoATb0Ps8R4rnEiA0IPF/De3LifUFAwc="},"indexInfo":{"baseKey":"BWvZpfwNzbDB49vgs5wZur6FihM8fuW3Bum74FpaOZl5","baseKeyType":1,"closed":-1,"used":1706967471926,"created":1706967471926,"remoteIdentityKey":"BfkY66m70/NpzuJM2YVJQD/wGhFloMkdDAQrECrXZm1b"},"_chains":{"BalmmNAg3Q1KVpbzUjpFWSfK1VxvmPg9Qzv/sEQ+hSYi":{"chainKey":{"counter":6,"key":"Fxe+1ED/sPo++hRSpjrrzEKy6BP53tTJr77zxC8+T+k="},"chainType":1,"messageKeys":{}}},"pendingPreKey":{"signedKeyId":1,"baseKey":"BWvZpfwNzbDB49vgs5wZur6FihM8fuW3Bum74FpaOZl5","preKeyId":15050502}}},"version":"v1"}