{"_sessions":{"BYIN7KMPE4BcNXWKej8CUfFfY/CN/Ib8m9iCK7SIxmYc":{"registrationId":1659431504,"currentRatchet":{"ephemeralKeyPair":{"pubKey":"BV8Y/NT54UljVyHUfkuKNHY+UxGbkLgUMLDSTsLRsapw","privKey":"EGT5nkSxgpKgAZH9tsbJ4Gd259mRHe0VaVyXqE12lUo="},"lastRemoteEphemeralKey":"BUFPqfMtbTy3JvJFLZBQBzuPcicZTIz/lhaA/6Ua11NJ","previousCounter":0,"rootKey":"NpLpTxe1v7rHzAOIf5zcSpSasThAJ/HAKrssJ9GNj+k="},"indexInfo":{"baseKey":"BYIN7KMPE4BcNXWKej8CUfFfY/CN/Ib8m9iCK7SIxmYc","baseKeyType":1,"closed":-1,"used":1706967471967,"created":1706967471967,"remoteIdentityKey":"BZj0uuelWYVqb9ypSg3Pv3i/Oc6DmtLzyAbQZOpQOFJe"},"_chains":{"BV8Y/NT54UljVyHUfkuKNHY+UxGbkLgUMLDSTsLRsapw":{"chainKey":{"counter":6,"key":"uX43dApWZFuVgDwAzNI4SPc7QM47mXe2CJAkGExoI2M="},"chainType":1,"messageKeys":{}}},"pendingPreKey":{"signedKeyId":0,"baseKey":"BYIN7KMPE4BcNXWKej8CUfFfY/CN/Ib8m9iCK7SIxmYc","preKeyId":906114}}},"version":"v1"}