{"_sessions":{"BQ6gbN2SvKdR+kacnXsq95OYvCo26NWoBsWncskolOIJ":{"registrationId":677304459,"currentRatchet":{"ephemeralKeyPair":{"pubKey":"BRkzVKW9cLcVQtusci6Z6+RRfyOSmdc6LubW/EbpZSIB","privKey":"kOWjd1nPjQsZxDuH4btf+EgwLE1y3JMG5UtYez2semk="},"lastRemoteEphemeralKey":"BYAjhqpgEbntpPZwO0EEBXX/hOVmMEs7R/JAviRvBJVU","previousCounter":0,"rootKey":"MB6u5v+4DsvCXwG2h+PTBwpOkTBEu/6+GMF+Fy0GVBY="},"indexInfo":{"baseKey":"BQ6gbN2SvKdR+kacnXsq95OYvCo26NWoBsWncskolOIJ","baseKeyType":1,"closed":-1,"used":1706967473221,"created":1706967473221,"remoteIdentityKey":"Bbz0/YSBE7oKQ7GLOLaI4jvKSPr5Qc2jHuyjEPJxCwxc"},"_chains":{"BRkzVKW9cLcVQtusci6Z6+RRfyOSmdc6LubW/EbpZSIB":{"chainKey":{"counter":6,"key":"vP7W5y42loTQgdyU1U9/kOzU8WOn9jDZIYtpXpIBh9Q="},"chainType":1,"messageKeys":{}}},"pendingPreKey":{"signedKeyId":6409128,"baseKey":"BQ6gbN2SvKdR+kacnXsq95OYvCo26NWoBsWncskolOIJ","preKeyId":53494}}},"version":"v1"}