{"_sessions":{"BeGzVj14ElgEVu/pEaarXH5b/QJMJmdqnblk1QTk8TF9":{"registrationId":1725785163,"currentRatchet":{"ephemeralKeyPair":{"pubKey":"BdEbl48V8E1GRxJ5E/KjaFdCQJUQ+m3IGlsbgx7codJB","privKey":"8F19Ebh/1nfFiET0olGhQuDl2tcSFEwQ/ir3932xeVE="},"lastRemoteEphemeralKey":"Bf4NdS4pAfrDt/hA/jxwyQWHlbxWV7mekckWFgTxWYxZ","previousCounter":0,"rootKey":"KJWmpmSkcFdAHCVt2esYrBYXZudlesal3sNmwLkiV7A="},"indexInfo":{"baseKey":"BeGzVj14ElgEVu/pEaarXH5b/QJMJmdqnblk1QTk8TF9","baseKeyType":1,"closed":-1,"used":1706967473727,"created":1706967473727,"remoteIdentityKey":"BTpIJxYLBfmP7u21e6471ZZCWSID1BPfg/b88XDit9k8"},"_chains":{"BdEbl48V8E1GRxJ5E/KjaFdCQJUQ+m3IGlsbgx7codJB":{"chainKey":{"counter":6,"key":"cYOolneXPz6Abna/s4hq8AJ71AfpWli26KynbhDaxjQ="},"chainType":1,"messageKeys":{}}},"pendingPreKey":{"signedKeyId":14,"baseKey":"BeGzVj14ElgEVu/pEaarXH5b/QJMJmdqnblk1QTk8TF9","preKeyId":13024528}}},"version":"v1"}