{"_sessions":{"BVUTVuEPMqBxz9lnN26tJUz/QloULQujqT0ZWYo+ESdl":{"registrationId":346974159,"currentRatchet":{"ephemeralKeyPair":{"pubKey":"BbaeFabZjDzayH38WMhHKQexZ9qllGaEPbfC/pUflF5l","privKey":"uCMvUEhYCEQyAweoz6LCRJSwuc8Xh5Rrtf2YFGM5kFg="},"lastRemoteEphemeralKey":"Bdk+09leA/iA48td7VMlaZNarH9NB6uQU2KBcHiXr7sD","previousCounter":0,"rootKey":"4TsG9rgK7Q+JBTMoHFTtBCBMlI5C34mtXO1BKC/Rjdo="},"indexInfo":{"baseKey":"BVUTVuEPMqBxz9lnN26tJUz/QloULQujqT0ZWYo+ESdl","baseKeyType":1,"closed":-1,"used":1706967471802,"created":1706967471802,"remoteIdentityKey":"BXUI9pYfzpnvEeOinB8f9ZZu47Lklmldic/LO6i38G0m"},"_chains":{"BbaeFabZjDzayH38WMhHKQexZ9qllGaEPbfC/pUflF5l":{"chainKey":{"counter":6,"key":"3Db7JQP96aksdqvzLzYm6N14HhIcJTMa6UMAczzsXKw="},"chainType":1,"messageKeys":{}}},"pendingPreKey":{"signedKeyId":1,"baseKey":"BVUTVuEPMqBxz9lnN26tJUz/QloULQujqT0ZWYo+ESdl","preKeyId":5950439}}},"version":"v1"}