{"_sessions":{"BUDmRrAeZToXZSdK8Uz7D4/Qf8hz8EcxfoMMFDSa8Fpb":{"registrationId":219759376,"currentRatchet":{"ephemeralKeyPair":{"pubKey":"BQiwawqhvm+MtuZ6WPKERsm/Ub5jBUkX0xTimLgSz9cr","privKey":"IL8usMFjaBoIzmwyjUrgJxHGsuHIVVeZG9Ncwc3sCWw="},"lastRemoteEphemeralKey":"BaX5kARnaZ/hGQ3r/mae7Lq4hDfWcs/Hmt90ePHZiEFj","previousCounter":0,"rootKey":"IwYZjpLmbhIKbKI/Hhlm+6hIKmEYV08/h03GMe2J1BI="},"indexInfo":{"baseKey":"BUDmRrAeZToXZSdK8Uz7D4/Qf8hz8EcxfoMMFDSa8Fpb","baseKeyType":1,"closed":-1,"used":1706967471941,"created":1706967471941,"remoteIdentityKey":"BeOpg3N6krmtlUKzuhQB/ZDE7iI2cAXHoLyF4I/je/xW"},"_chains":{"BQiwawqhvm+MtuZ6WPKERsm/Ub5jBUkX0xTimLgSz9cr":{"chainKey":{"counter":6,"key":"97W+na/PVDhzAHQGJbfaufSK+CXAtu9o6uMrPNV+AEA="},"chainType":1,"messageKeys":{}}},"pendingPreKey":{"signedKeyId":1,"baseKey":"BUDmRrAeZToXZSdK8Uz7D4/Qf8hz8EcxfoMMFDSa8Fpb","preKeyId":14729901}}},"version":"v1"}