{"_sessions":{"BWXa19SKjAhDCVVdV+/3jjQmdnume0wl0Gi/4pOs795N":{"registrationId":206401911,"currentRatchet":{"ephemeralKeyPair":{"pubKey":"BXh6VcoQXbyOJLr2doMaPLVMxgVUkVKA0oOyPcEo6Por","privKey":"GNl2GeCSNWJbIK2MC92otK2wWakU6hRw42MPBTTeHk8="},"lastRemoteEphemeralKey":"BQA/sann0zHYZXgNBtcPKV/XbAj/PQtoW90nopfbiHJy","previousCounter":0,"rootKey":"NoeGDUnWCgpSHzQLyuaOvLEfx+pjYY4djxF33ttT2TQ="},"indexInfo":{"baseKey":"BWXa19SKjAhDCVVdV+/3jjQmdnume0wl0Gi/4pOs795N","baseKeyType":1,"closed":-1,"used":1706967471456,"created":1706967471456,"remoteIdentityKey":"BUN6QByv4jaFmJsA6PIc3U99Vrj3/QxK6X0uxWl1S1M5"},"_chains":{"BXh6VcoQXbyOJLr2doMaPLVMxgVUkVKA0oOyPcEo6Por":{"chainKey":{"counter":6,"key":"tl0LQpJqFbfZB9VMoDgSywBNalnSuEaBOu8SoqjRRto="},"chainType":1,"messageKeys":{}}},"pendingPreKey":{"signedKeyId":1,"baseKey":"BWXa19SKjAhDCVVdV+/3jjQmdnume0wl0Gi/4pOs795N","preKeyId":946005}}},"version":"v1"}