{"_sessions":{"BetxCO3PNp6q2efEr7aJW24O0ed0AVTlmaDsg7O9nW1g":{"registrationId":1584087243,"currentRatchet":{"ephemeralKeyPair":{"pubKey":"BduKWZQckRnFJ3U99li5CwkaOwARWeRVUpO2z2DQOXcd","privKey":"sEyMb/vr4IIxTDmn+1mTCvWv0SN5E/rgPHnGaNAknnM="},"lastRemoteEphemeralKey":"BTshXvAP7bfQKxNvIKYsp3JJ8arvzqIhfUFuIcgfS3JV","previousCounter":0,"rootKey":"ZK0gxpGwheC/bo9O/NMJsoMGh/2zShtILHhMh+qbu1E="},"indexInfo":{"baseKey":"BetxCO3PNp6q2efEr7aJW24O0ed0AVTlmaDsg7O9nW1g","baseKeyType":1,"closed":-1,"used":1706967473385,"created":1706967473385,"remoteIdentityKey":"BRLZqkBomCaYhlstEz707kmwYDLqwxXfJbMolO23MF9S"},"_chains":{"BduKWZQckRnFJ3U99li5CwkaOwARWeRVUpO2z2DQOXcd":{"chainKey":{"counter":6,"key":"935tNsWezrDATk75Uen0tJnt9LUCyo8u0Zxi9Lhn1Ec="},"chainType":1,"messageKeys":{}}},"pendingPreKey":{"signedKeyId":9,"baseKey":"BetxCO3PNp6q2efEr7aJW24O0ed0AVTlmaDsg7O9nW1g","preKeyId":15309218}}},"version":"v1"}