{"_sessions":{"BaP8qrjfCMI5mUmjNkI9EMyVWTkwg7ZSSYIh+jY9fr9g":{"registrationId":1520660742,"currentRatchet":{"ephemeralKeyPair":{"pubKey":"BcZ/uHJl2cl7yzNYgMXsLPGKr0HkjuTwNmoWmcK/OsZL","privKey":"MOYEPow3Qe5G+W2gKUOiMB3J5PHPVaYX/JRujOp9HWk="},"lastRemoteEphemeralKey":"BeHrrG1t5ldvuAnYGeqt6VgiK1S5qVv8lLKiYDayCZQ/","previousCounter":0,"rootKey":"BiD0fyctwYYx4X97XtueKMNSMMFbLOnZj6R9tifxzOo="},"indexInfo":{"baseKey":"BaP8qrjfCMI5mUmjNkI9EMyVWTkwg7ZSSYIh+jY9fr9g","baseKeyType":1,"closed":-1,"used":1706967473755,"created":1706967473755,"remoteIdentityKey":"BVC2WePOWac3HTOipWdSOEor/jQCP87I8l/pUowMAQA7"},"_chains":{"BcZ/uHJl2cl7yzNYgMXsLPGKr0HkjuTwNmoWmcK/OsZL":{"chainKey":{"counter":6,"key":"jxnEQchLYhtjT+911m9vlyfDKMNltpr/3BPrBb6W3/g="},"chainType":1,"messageKeys":{}}},"pendingPreKey":{"signedKeyId":17,"baseKey":"BaP8qrjfCMI5mUmjNkI9EMyVWTkwg7ZSSYIh+jY9fr9g","preKeyId":3624917}}},"version":"v1"}