{"_sessions":{"BRNvtnDhFz1Xl2Pa3futVNFcUVpUKof1SBiKiZP9iOJ5":{"registrationId":5737,"currentRatchet":{"ephemeralKeyPair":{"pubKey":"BU4WhrGta8LVpwRd4jgV84VCTsM6rYO0LkhFHJ/aVtxM","privKey":"uBbY/52R6r3toVLiFUksP9iEGaRN+0Byg9KZj0+AmWU="},"lastRemoteEphemeralKey":"BTVc4bc34waI0u1dycw50ehACcf90LMbWOQMH48Rr7Rz","previousCounter":0,"rootKey":"0P6SdbMahzQwtyFYmM028Emz63t+xsmamIIIV7cnv+8="},"indexInfo":{"baseKey":"BRNvtnDhFz1Xl2Pa3futVNFcUVpUKof1SBiKiZP9iOJ5","baseKeyType":1,"closed":-1,"used":1706967471346,"created":1706967471346,"remoteIdentityKey":"BT5FTRSFBE6Jf3HwpRtm8ULc5L3j0UxCPVQG+8f2LYI5"},"_chains":{"BU4WhrGta8LVpwRd4jgV84VCTsM6rYO0LkhFHJ/aVtxM":{"chainKey":{"counter":6,"key":"pbwg6/fe7FQ7d27pqQxzmAQEk0BT4qBT+taic06ot6E="},"chainType":1,"messageKeys":{}}},"pendingPreKey":{"signedKeyId":1,"baseKey":"BRNvtnDhFz1Xl2Pa3futVNFcUVpUKof1SBiKiZP9iOJ5"}}},"version":"v1"}