{"_sessions":{"BcvlY3wjqXa58IlfKkFQBDao9nhc1bg5VUMC7YnA40wm":{"registrationId":291960848,"currentRatchet":{"ephemeralKeyPair":{"pubKey":"BRxMCUHmHal60d2/rmzErlDJW4d97jg7SBQ0Am/HJCET","privKey":"cBq8qQyNILKrqlgNvR804pDhbl8nyDLmtGof9CAqek0="},"lastRemoteEphemeralKey":"BQGxxdPhgeKQvctLhZfHabs1HW+mSC/AWlEnlsv7/ipi","previousCounter":0,"rootKey":"nriCFBimvfC01kv639N2Cqfp9L4DXG3LtGaCD8GewKY="},"indexInfo":{"baseKey":"BcvlY3wjqXa58IlfKkFQBDao9nhc1bg5VUMC7YnA40wm","baseKeyType":1,"closed":-1,"used":1706967472473,"created":1706967472473,"remoteIdentityKey":"Bb/2zuaBRZTm2zaUzG36Xko0/aZYgV0fm0YzZCwWX8oU"},"_chains":{"BRxMCUHmHal60d2/rmzErlDJW4d97jg7SBQ0Am/HJCET":{"chainKey":{"counter":6,"key":"BtewxHQ/S8/9fRGjcVq0HuIYe+oLH5M1SmxICn13SJU="},"chainType":1,"messageKeys":{}}},"pendingPreKey":{"signedKeyId":2,"baseKey":"BcvlY3wjqXa58IlfKkFQBDao9nhc1bg5VUMC7YnA40wm","preKeyId":13991867}}},"version":"v1"}