{"_sessions":{"BUU0+zasyzPdGIkqIY3t/qY3p4bKb4m/KABFlwDwhyEs":{"registrationId":115904099,"currentRatchet":{"ephemeralKeyPair":{"pubKey":"BdFHYJvkVj+bhTzhIXW3pxS1G5E3UT1y+PHO9S6FOmwg","privKey":"sMJDLLbsoJVFZ/T+wGJxzXoxK068OiukgfmRi6JK0XI="},"lastRemoteEphemeralKey":"BSPH+uf1l45h/7OPXPG5I6Uj+0NWr97l2wWsu57jUVo2","previousCounter":0,"rootKey":"rZ7xsxOvt4/TlutMGC7fK26qtg4Hs3dtuxW5NoLk7Fc="},"indexInfo":{"baseKey":"BUU0+zasyzPdGIkqIY3t/qY3p4bKb4m/KABFlwDwhyEs","baseKeyType":1,"closed":-1,"used":1706967472763,"created":1706967472763,"remoteIdentityKey":"BbdFDhaKxNfcUI+6YcyGgD8S5DHGK2LeEymgwCYB5xRu"},"_chains":{"BdFHYJvkVj+bhTzhIXW3pxS1G5E3UT1y+PHO9S6FOmwg":{"chainKey":{"counter":6,"key":"p7/cMOwM3/+vCy7k+MW5VFuwCULgJC1gUXesyBIRFDs="},"chainType":1,"messageKeys":{}}},"pendingPreKey":{"signedKeyId":7,"baseKey":"BUU0+zasyzPdGIkqIY3t/qY3p4bKb4m/KABFlwDwhyEs"}}},"version":"v1"}