{"_sessions":{"BXxGs9mkStfWunnQdPoHxUV9+qLMNZYhusp6OOUQOrEA":{"registrationId":907911665,"currentRatchet":{"ephemeralKeyPair":{"pubKey":"BdYlHuoOrJvbXjiuDlrkpJJM/l9/YIfKWiesZTHmEGoq","privKey":"WP3ZW9kN7YqXwuKoQJ7Ba64t6FAS/GNrXY6w0/f/3mo="},"lastRemoteEphemeralKey":"BZhnYtA7ooDtU1QtTmjsSJqy+NCGsMhmW8Q2uhCYq4Z3","previousCounter":0,"rootKey":"GZjlkHd5ExTHxrXABmL49bPtux/bd/zBXyDPuI6Oo+Y="},"indexInfo":{"baseKey":"BXxGs9mkStfWunnQdPoHxUV9+qLMNZYhusp6OOUQOrEA","baseKeyType":1,"closed":-1,"used":1706967474132,"created":1706967474132,"remoteIdentityKey":"BU7IQ+62vpgyITKoq1PHOvDMzXcKp4OFT5YvjLggryos"},"_chains":{"BdYlHuoOrJvbXjiuDlrkpJJM/l9/YIfKWiesZTHmEGoq":{"chainKey":{"counter":6,"key":"dsh61wTZBd7W9TcLOjzWiUi5/gr++x571dbwrariMv4="},"chainType":1,"messageKeys":{}}},"pendingPreKey":{"signedKeyId":5,"baseKey":"BXxGs9mkStfWunnQdPoHxUV9+qLMNZYhusp6OOUQOrEA","preKeyId":4506670}}},"version":"v1"}