{"_sessions":{"BaVPHS4NaGXnWkFXy85N6dLCud23IsHrXwiiB5Xh6q1f":{"registrationId":185470416,"currentRatchet":{"ephemeralKeyPair":{"pubKey":"BV/suLy4UpeC3CVbjfGEqubExGYC6kjgyFkphlRBNVZK","privKey":"gBqDhvFUEYFYQixoKbS9vUrlBQ+WaPnq1dSHrP59yW8="},"lastRemoteEphemeralKey":"BTmPpW3RZCo5cu2E7qXXWgtUnY6zXpHABWO0cki+cQxm","previousCounter":0,"rootKey":"dIsWBFhYJjACCXfQJ+aBUfnq/BPeD258w5VAUlWO6ro="},"indexInfo":{"baseKey":"BaVPHS4NaGXnWkFXy85N6dLCud23IsHrXwiiB5Xh6q1f","baseKeyType":1,"closed":-1,"used":1706967473071,"created":1706967473071,"remoteIdentityKey":"Bb+lzm4+wax7XCt+twMe2FdogFMPQyZ+pOoD1TvukdAk"},"_chains":{"BV/suLy4UpeC3CVbjfGEqubExGYC6kjgyFkphlRBNVZK":{"chainKey":{"counter":6,"key":"2iMU1RcUfBSeixIT8sQNKIy9wFo6QCu4QDxSIBBocFs="},"chainType":1,"messageKeys":{}}},"pendingPreKey":{"signedKeyId":1,"baseKey":"BaVPHS4NaGXnWkFXy85N6dLCud23IsHrXwiiB5Xh6q1f","preKeyId":14348235}}},"version":"v1"}