{"_sessions":{"Bc6rdJbqwSjJijQPTe4rKo5dPM0FimZdmrKH6MNh2Eth":{"registrationId":343944103,"currentRatchet":{"ephemeralKeyPair":{"pubKey":"BR2IYH99Yd0LtHN4qEVGgA8mL2lJ3mP/yIOrRYjo/u5H","privKey":"+EBlg31s6Eq4aoD2cRdQn27AgcMrJXHbQ3XyORBcBV0="},"lastRemoteEphemeralKey":"BToM6dGjI28wEneR5r1ASHns3EzXxkIC6d5YQPhgipVu","previousCounter":0,"rootKey":"3ssNzVXKg/yygGF6QFv8E3zXtRwm79t0TfkUvXC8oxc="},"indexInfo":{"baseKey":"Bc6rdJbqwSjJijQPTe4rKo5dPM0FimZdmrKH6MNh2Eth","baseKeyType":1,"closed":-1,"used":1706967473619,"created":1706967473619,"remoteIdentityKey":"BV5xHWYa70tfAfmEpvOQG0OvN94p5q7zNxeWXbyFjxg2"},"_chains":{"BR2IYH99Yd0LtHN4qEVGgA8mL2lJ3mP/yIOrRYjo/u5H":{"chainKey":{"counter":6,"key":"17/CT/a+NZsOrx+ZO3eHX3Bj56AdpRPVocXpk/g3p2E="},"chainType":1,"messageKeys":{}}},"pendingPreKey":{"signedKeyId":24,"baseKey":"Bc6rdJbqwSjJijQPTe4rKo5dPM0FimZdmrKH6MNh2Eth","preKeyId":15735711}}},"version":"v1"}