{"_sessions":{"BeqymRoEyBSQcApAPY5MAzOvHr6bRAxmhMvQS2dCkch4":{"registrationId":1560853580,"currentRatchet":{"ephemeralKeyPair":{"pubKey":"Baqyr/khXnlqo+9SHVDjJd8iMbpVtLFSR3BHoskOa59Q","privKey":"OP7/VDIvTed3ChMYhqzp9nGjxyrje3BdSDEmmquUoHw="},"lastRemoteEphemeralKey":"BVXriNxpgafx7dJEogWaU6WDMStN5hg5N1wYEp9CF6IH","previousCounter":0,"rootKey":"47b+W6nYvkvaOjM25V4mKJ3iXWk1/VyrVtdLPA8ED5I="},"indexInfo":{"baseKey":"BeqymRoEyBSQcApAPY5MAzOvHr6bRAxmhMvQS2dCkch4","baseKeyType":1,"closed":-1,"used":1706967472339,"created":1706967472339,"remoteIdentityKey":"BSoEqNYoCmhT8KrsESCcDNOWuoQcgM8BCbkJxIATioow"},"_chains":{"Baqyr/khXnlqo+9SHVDjJd8iMbpVtLFSR3BHoskOa59Q":{"chainKey":{"counter":6,"key":"ZERMM6blW0fHtsbCKo26yxbPRl3MrBwhu/bWwr8DmkU="},"chainType":1,"messageKeys":{}}},"pendingPreKey":{"signedKeyId":0,"baseKey":"BeqymRoEyBSQcApAPY5MAzOvHr6bRAxmhMvQS2dCkch4","preKeyId":15009874}}},"version":"v1"}