{"_sessions":{"BdwDT/JmDg5raJfQcz/LFEv96Su/mZPaAHPAX+UMMsBr":{"registrationId":7229,"currentRatchet":{"ephemeralKeyPair":{"pubKey":"BUdgjdGhp+BgZj3jUTyz9+wg9PJj0xuB/60EFL4nVL54","privKey":"ON3yWKJWoR6h6oPTgAMkZyd5LCufK25dfHBc/ad9uU0="},"lastRemoteEphemeralKey":"BXSZ3kC+vZzGvqcu+503ydezOW4e54CeRyynrVsb7clN","previousCounter":0,"rootKey":"13GpCN49v0kkoDoJ1taxAnDLpgHPCaDRB3bGzHCSi1A="},"indexInfo":{"baseKey":"BdwDT/JmDg5raJfQcz/LFEv96Su/mZPaAHPAX+UMMsBr","baseKeyType":1,"closed":-1,"used":1706967471577,"created":1706967471577,"remoteIdentityKey":"Ba24hUFYnszk67Zsey0abEoGBgYVkdcK8ELNKFDQUg59"},"_chains":{"BUdgjdGhp+BgZj3jUTyz9+wg9PJj0xuB/60EFL4nVL54":{"chainKey":{"counter":6,"key":"5FCE1uICYIZI2rd3OhN7bmrftcrMow9bFwLHhWT47QE="},"chainType":1,"messageKeys":{}}},"pendingPreKey":{"signedKeyId":1,"baseKey":"BdwDT/JmDg5raJfQcz/LFEv96Su/mZPaAHPAX+UMMsBr","preKeyId":695}}},"version":"v1"}