{"_sessions":{"BWddTXCVBZsGKTbLMhpWnasIjL9DX3B/rN4sAYLAQCM8":{"registrationId":793587466,"currentRatchet":{"ephemeralKeyPair":{"pubKey":"BbE4dqlxJbK+dl06wZi9HsoSwvrXOmMnAFQ2tlUdLwNH","privKey":"4LRFK2/bPUfaoaEv+6cHdIjIMnp/gpgk7fmNKIul0VU="},"lastRemoteEphemeralKey":"BRpfS9TqFDN5vFB/5pxwrQF76CC2q/hIBzXokgeQgchL","previousCounter":0,"rootKey":"3bx4wUkmCagpZpIowNjAGCGfbHTvIn3/CmwghnKt8tw="},"indexInfo":{"baseKey":"BWddTXCVBZsGKTbLMhpWnasIjL9DX3B/rN4sAYLAQCM8","baseKeyType":1,"closed":-1,"used":1706967471533,"created":1706967471533,"remoteIdentityKey":"BZ8ofSxgYXnGaLIH3rTAN44iwt3hhpO0kSEFC4XBXFgz"},"_chains":{"BbE4dqlxJbK+dl06wZi9HsoSwvrXOmMnAFQ2tlUdLwNH":{"chainKey":{"counter":6,"key":"d58+AZjH4vYGdcImOLk5ywNnKBRUUiWyLcyq0brDm44="},"chainType":1,"messageKeys":{}}},"pendingPreKey":{"signedKeyId":1,"baseKey":"BWddTXCVBZsGKTbLMhpWnasIjL9DX3B/rN4sAYLAQCM8","preKeyId":10473202}}},"version":"v1"}