{"_sessions":{"BSGcv1yq0Y3Hr4atN3ZiL5AOEyYrmDSy7gLYI686Pmtw":{"registrationId":1822858843,"currentRatchet":{"ephemeralKeyPair":{"pubKey":"BYkbV8KaK9vHQ0HHM8VLJWBCNNiV1YnmK1BNyEXSSV8W","privKey":"mDhnHd580vEtpsTP78z2LQ+IW+JtKn5jIFt8SG6hZmQ="},"lastRemoteEphemeralKey":"BdWjLuodEsjcm9GTpqTAI/lNPeD+ZRUxXqYnWppCUIkn","previousCounter":0,"rootKey":"NTXS8mSxACFXwGZ313n2XB4YbSAG7M1/4kZtz/WnOys="},"indexInfo":{"baseKey":"BSGcv1yq0Y3Hr4atN3ZiL5AOEyYrmDSy7gLYI686Pmtw","baseKeyType":1,"closed":-1,"used":1706967473108,"created":1706967473108,"remoteIdentityKey":"BfNF5kvDdpH10eidaIWQ+HU6fIBI4dI609jO6Uriu1A6"},"_chains":{"BYkbV8KaK9vHQ0HHM8VLJWBCNNiV1YnmK1BNyEXSSV8W":{"chainKey":{"counter":6,"key":"Kjm3Y56nHkWy4wK+Mhs8/a17SCPe8pdzqZACKMEjRKQ="},"chainType":1,"messageKeys":{}}},"pendingPreKey":{"signedKeyId":19,"baseKey":"BSGcv1yq0Y3Hr4atN3ZiL5AOEyYrmDSy7gLYI686Pmtw","preKeyId":7895289}}},"version":"v1"}