{"_sessions":{"BUvGDSdgc1HlC0yowJcCuECejzws7w8GAJB27uinGw1g":{"registrationId":1256489324,"currentRatchet":{"ephemeralKeyPair":{"pubKey":"BR3+ernBt6u7oDdGHSYSop2OGqbY96OrTba/2BGdd/EJ","privKey":"uPaBRhw/BS31mOt9nBv9YlvGPIpWjfTdX4GJS04TyXg="},"lastRemoteEphemeralKey":"BaZy3XKFf9GrIRscC07a7ar3ySsYfMVBt/lWqAuC1Oca","previousCounter":0,"rootKey":"pEKNjMDrx74dWUicMzRuj52Whm0EXMB+pVWR27rXC6A="},"indexInfo":{"baseKey":"BUvGDSdgc1HlC0yowJcCuECejzws7w8GAJB27uinGw1g","baseKeyType":1,"closed":-1,"used":1706967473165,"created":1706967473165,"remoteIdentityKey":"BR624uQA3t/slDeDr6s+PD4WXkWJXcnKbEJXyUJv+EEP"},"_chains":{"BR3+ernBt6u7oDdGHSYSop2OGqbY96OrTba/2BGdd/EJ":{"chainKey":{"counter":6,"key":"mG+x+WWsX1pwjr50gKpx7uSDj411SFxabhIB0/bsWnQ="},"chainType":1,"messageKeys":{}}},"pendingPreKey":{"signedKeyId":3,"baseKey":"BUvGDSdgc1HlC0yowJcCuECejzws7w8GAJB27uinGw1g","preKeyId":16296150}}},"version":"v1"}