{"_sessions":{"BZ5AOatqMU83Ii+RK2QDat5eXM4TySBl3ocdxh7+op0v":{"registrationId":353214825,"currentRatchet":{"ephemeralKeyPair":{"pubKey":"BXd5Hb7KfKgX8LvbQRY7nKv69c2B6QoY6QPnaY7efOki","privKey":"QBCLA9nJKk1zlUXEuoJqhLdTjLIWnQZS8LY4W2bYr1o="},"lastRemoteEphemeralKey":"BekBMyZGPIJtXn9/5dhfJbcG/kETqX6GmiBYdTXjI15p","previousCounter":0,"rootKey":"F5fG/eVuzothJGXi1vcXo3mx+3sPjf/mCaeKiTSTFO0="},"indexInfo":{"baseKey":"BZ5AOatqMU83Ii+RK2QDat5eXM4TySBl3ocdxh7+op0v","baseKeyType":1,"closed":-1,"used":1706967472274,"created":1706967472274,"remoteIdentityKey":"BadILrH2QTslXZ5NSci700EAfOflAF+T4qzSZvF7QV8W"},"_chains":{"BXd5Hb7KfKgX8LvbQRY7nKv69c2B6QoY6QPnaY7efOki":{"chainKey":{"counter":6,"key":"rOMPEwcKIgsGQGjMzFtwAVaN6TNdIirx0buE9KYGxbg="},"chainType":1,"messageKeys":{}}},"pendingPreKey":{"signedKeyId":2,"baseKey":"BZ5AOatqMU83Ii+RK2QDat5eXM4TySBl3ocdxh7+op0v","preKeyId":3867898}}},"version":"v1"}