{"_sessions":{"Bd0ePzljox2FVEpLLRrz85zZ3mKKjHFZ0L/xJEUZQjt5":{"registrationId":830255319,"currentRatchet":{"ephemeralKeyPair":{"pubKey":"BeOx0A3eRfS3K3OdVFEk4QsS1yDQeJQ569uzEiLbYZtD","privKey":"MKpSdel1eaWjVdrd5wO/pOwXWZjcmIzynYmAmGNQ9m8="},"lastRemoteEphemeralKey":"BbIr6k2VA8OmUO/9k/zKaf1tUDPXOgTYCPoNe0TyNThV","previousCounter":0,"rootKey":"vOSnAQ3IHBzgAwdJLo/g7m07dS2RrD3nr6/Lco9Wsp4="},"indexInfo":{"baseKey":"Bd0ePzljox2FVEpLLRrz85zZ3mKKjHFZ0L/xJEUZQjt5","baseKeyType":1,"closed":-1,"used":1706967473282,"created":1706967473282,"remoteIdentityKey":"BRG/WLNR6ip8bkLPfntysCbnfpF0d5G1iR2K4l1C1CNR"},"_chains":{"BeOx0A3eRfS3K3OdVFEk4QsS1yDQeJQ569uzEiLbYZtD":{"chainKey":{"counter":6,"key":"UrdPkIlvg9I6zDpfZyWrtuslzNgQVDSNoGn9+yYsLDA="},"chainType":1,"messageKeys":{}}},"pendingPreKey":{"signedKeyId":9,"baseKey":"Bd0ePzljox2FVEpLLRrz85zZ3mKKjHFZ0L/xJEUZQjt5","preKeyId":11451502}}},"version":"v1"}