{"_sessions":{"BU3eiot67Q11leT3mqIT8N3Xj8yPpAmpzz4WePsB2oIk":{"registrationId":599148177,"currentRatchet":{"ephemeralKeyPair":{"pubKey":"BezJoUgQdTdR4RAfbPxOl1eggLY84Y0ZvldZEn7ye8Rd","privKey":"sJoWcCcSkPoTDManTvMCbXeHDFEvvyTN5bnmnfY1FWY="},"lastRemoteEphemeralKey":"Ba01qwc+8wc63lbPZxCPmxH1UeBDs4ylR2yzht15X9Vy","previousCounter":0,"rootKey":"twjC2b/6mQSR3witMPLVEjqPxfvv2my2GLlexjZvSCw="},"indexInfo":{"baseKey":"BU3eiot67Q11leT3mqIT8N3Xj8yPpAmpzz4WePsB2oIk","baseKeyType":1,"closed":-1,"used":1706967472191,"created":1706967472191,"remoteIdentityKey":"BbNwOk6bC9saVlWzhI+RkZjK9rKmzcA76DdB3xMXLEUY"},"_chains":{"BezJoUgQdTdR4RAfbPxOl1eggLY84Y0ZvldZEn7ye8Rd":{"chainKey":{"counter":6,"key":"IcNCHVxtW9/HDm35stTOWuTNaeXoFMPxnDmg5BcaP2g="},"chainType":1,"messageKeys":{}}},"pendingPreKey":{"signedKeyId":25,"baseKey":"BU3eiot67Q11leT3mqIT8N3Xj8yPpAmpzz4WePsB2oIk","preKeyId":5777593}}},"version":"v1"}