{"_sessions":{"BQ2ckGVsyZUZCbDR8UVBjNIhDmYoVC2eKBIxD+yBaLNp":{"registrationId":7016,"currentRatchet":{"ephemeralKeyPair":{"pubKey":"BavaJIk2rOwx0Vsm2To8a8LOluQE1S7Xwi/vxjky4Olx","privKey":"WAbX+DgIfOGwPUHS9xtRZd++Mt7hFCjSM+GuDr1clmE="},"lastRemoteEphemeralKey":"BQUOA7ujGVaDf2gFzTqEFcBBu3hQET+nDHIZ+Z9LcqgI","previousCounter":0,"rootKey":"e1jcYzclodKk+Z/XAk3/JJVK+Lm8TAl01qNOckaEQJU="},"indexInfo":{"baseKey":"BQ2ckGVsyZUZCbDR8UVBjNIhDmYoVC2eKBIxD+yBaLNp","baseKeyType":1,"closed":-1,"used":1706967471893,"created":1706967471893,"remoteIdentityKey":"BWIew4hgKw4YRXvBuLK203pFkjyktbwbOKx8+lIJCnk4"},"_chains":{"BavaJIk2rOwx0Vsm2To8a8LOluQE1S7Xwi/vxjky4Olx":{"chainKey":{"counter":6,"key":"KxG43kTzQcZNAQT44fFX6NgXHxTl13h7kf8C5RZl3Gc="},"chainType":1,"messageKeys":{}}},"pendingPreKey":{"signedKeyId":1,"baseKey":"BQ2ckGVsyZUZCbDR8UVBjNIhDmYoVC2eKBIxD+yBaLNp"}}},"version":"v1"}