{"_sessions":{"BV+w5xjF5ciLIlO0nKsk47EtRamf4KQTqrFH6SGk4VwT":{"registrationId":1784013474,"currentRatchet":{"ephemeralKeyPair":{"pubKey":"Bd0kyZS7rlx9I6sNxIVuWJjnj2xpzkmpiAv9YgnEKL98","privKey":"8KwAPXhBU9hUwGiRhZtkxW2jvNA/h/lzLp95AMbyr3I="},"lastRemoteEphemeralKey":"BfOANKRMEvtjSFgOCY7woFU1/SeID+6sMFH06/hrlKo9","previousCounter":0,"rootKey":"OtMsRq3krnIRA7HgsYBRBOZ1W54ZFZoTbFxcyNOHRfk="},"indexInfo":{"baseKey":"BV+w5xjF5ciLIlO0nKsk47EtRamf4KQTqrFH6SGk4VwT","baseKeyType":1,"closed":-1,"used":1706967472492,"created":1706967472492,"remoteIdentityKey":"Bd7emOEWgBfARol+BbJaT3lHHXcpsbeHk51A0Wf5DK46"},"_chains":{"Bd0kyZS7rlx9I6sNxIVuWJjnj2xpzkmpiAv9YgnEKL98":{"chainKey":{"counter":6,"key":"yIrMMH1/KHW82oRZEqDv/s4bMTkJn9Wu9iPAB8AYwnY="},"chainType":1,"messageKeys":{}}},"pendingPreKey":{"signedKeyId":10,"baseKey":"BV+w5xjF5ciLIlO0nKsk47EtRamf4KQTqrFH6SGk4VwT","preKeyId":6084798}}},"version":"v1"}