{"_sessions":{"Be3i9hfZ40selGSI1F8hlqJJho8rRqkHuo/zZgJ78kxS":{"registrationId":1310605975,"currentRatchet":{"ephemeralKeyPair":{"pubKey":"Bf1GCKaxBDbkLLBcww/6gfCN2LlUiD+e30aBq2SOiuoC","privKey":"EEp6dzZbMnGqJOSYPEETjCqX9o7nCUqeZdc9iSM8xHQ="},"lastRemoteEphemeralKey":"BXlAvzfcbpB7Pve9kO8GDsJEZQNtdWPEVLYR/Q65caML","previousCounter":0,"rootKey":"aTDw0zHm0k5P8Csku//IbpclYT4BkZlB5X7xvWsPUCw="},"indexInfo":{"baseKey":"Be3i9hfZ40selGSI1F8hlqJJho8rRqkHuo/zZgJ78kxS","baseKeyType":1,"closed":-1,"used":1706967472511,"created":1706967472511,"remoteIdentityKey":"BTmn6C3zCR8BqMw5blVw5XsYpkoNP4vgjuVEDqU2nOMj"},"_chains":{"Bf1GCKaxBDbkLLBcww/6gfCN2LlUiD+e30aBq2SOiuoC":{"chainKey":{"counter":6,"key":"FgSGut1UiwNdiUcq/N3SLD4xbD3IG/soE8WnpqrU0ys="},"chainType":1,"messageKeys":{}}},"pendingPreKey":{"signedKeyId":23,"baseKey":"Be3i9hfZ40selGSI1F8hlqJJho8rRqkHuo/zZgJ78kxS","preKeyId":13719200}}},"version":"v1"}