{"_sessions":{"BYKN6zmqs7+wuSqCGwYc/Ne6rDys0gi1NaBewtPA9JIX":{"registrationId":1643281453,"currentRatchet":{"ephemeralKeyPair":{"pubKey":"BRTAKQHFFu11e3vJqqjm/9s5qh8WQigtvaF7ZMVLnEMv","privKey":"cOFk3GaIeG1oU+4w64yiWgdchzFTjrPQgQCw8vpbMlo="},"lastRemoteEphemeralKey":"BYn3clGMPwes4P8f9Vh/EyXKdVg5QYGxy9XliIU0eqg9","previousCounter":0,"rootKey":"17+LXtSDiRsZ1cl0q5vtHnnJBd5++dlHzpRcTL5FiqA="},"indexInfo":{"baseKey":"BYKN6zmqs7+wuSqCGwYc/Ne6rDys0gi1NaBewtPA9JIX","baseKeyType":1,"closed":-1,"used":1706967473594,"created":1706967473594,"remoteIdentityKey":"BZS8qmdTN1BbctZ73hh8Q6zulQJQz9CsY/B3+u2dKmgM"},"_chains":{"BRTAKQHFFu11e3vJqqjm/9s5qh8WQigtvaF7ZMVLnEMv":{"chainKey":{"counter":6,"key":"KR+85oShXb1sGxZaQDYAIyPryA6yIPHaqD5ET1lQZ7I="},"chainType":1,"messageKeys":{}}},"pendingPreKey":{"signedKeyId":4,"baseKey":"BYKN6zmqs7+wuSqCGwYc/Ne6rDys0gi1NaBewtPA9JIX","preKeyId":4250555}}},"version":"v1"}