{"_sessions":{"Bbfh0ukzTZhWd2uRm23e6+ZJnPw8viuhwXej3yfApM9q":{"registrationId":1827925471,"currentRatchet":{"ephemeralKeyPair":{"pubKey":"BYtcRqJ+HdwitPSwvg09bcnhBz+sCj8BBun7CR3VRZh3","privKey":"EBVnnVA6dIvdjhkBwHeL4OsF+srG17VaGinMnnCQsWc="},"lastRemoteEphemeralKey":"BTHQWYSq+Nf+bjDiO+13oZRbTQNL9PLkHKrIZ6WeaGRP","previousCounter":0,"rootKey":"bwqmigoPu/nbxCboUMiPe4KUg5ktypABXNZFoKnFlVE="},"indexInfo":{"baseKey":"Bbfh0ukzTZhWd2uRm23e6+ZJnPw8viuhwXej3yfApM9q","baseKeyType":1,"closed":-1,"used":1706967472095,"created":1706967472095,"remoteIdentityKey":"Bf/06cx8S6g8lxNychLsaQKSAuRgJ68efibF+1Yki9xk"},"_chains":{"BYtcRqJ+HdwitPSwvg09bcnhBz+sCj8BBun7CR3VRZh3":{"chainKey":{"counter":6,"key":"c3hQyhKBq3+Xbkk1sv0e0SA98SfPDL5YB0BVXMMQdlc="},"chainType":1,"messageKeys":{}}},"pendingPreKey":{"signedKeyId":945591,"baseKey":"Bbfh0ukzTZhWd2uRm23e6+ZJnPw8viuhwXej3yfApM9q","preKeyId":9680}}},"version":"v1"}