{"_sessions":{"BS8c4dV8eTn2owJeZ9U2is+31uCn3jbgeX35N06cwG0b":{"registrationId":1830620166,"currentRatchet":{"ephemeralKeyPair":{"pubKey":"BcnWA2TJw5vmPvKKhFDCpegwYufGnMWxk23xfEC5kSJy","privKey":"INMC1mBlBktILVVY+ozBeHHgibY35PqxfFyX/nuwq0U="},"lastRemoteEphemeralKey":"BfNiLYEOVBjNUdc2NR1OKKqIulsLhTWOAq/UC6GR/ZAs","previousCounter":0,"rootKey":"kqQn2KuTH4dQ7hSOtzI+6YmEJLEhRN1oFPSAmdMsUrw="},"indexInfo":{"baseKey":"BS8c4dV8eTn2owJeZ9U2is+31uCn3jbgeX35N06cwG0b","baseKeyType":1,"closed":-1,"used":1706967473994,"created":1706967473994,"remoteIdentityKey":"BcCraajVzapsNw48tka+GGzFIGXALx5tRQECdSnBo9lc"},"_chains":{"BcnWA2TJw5vmPvKKhFDCpegwYufGnMWxk23xfEC5kSJy":{"chainKey":{"counter":6,"key":"laE4NluwxCkDV/viLHk0au7nrRuO6/YJUIJd6+aAPBY="},"chainType":1,"messageKeys":{}}},"pendingPreKey":{"signedKeyId":5,"baseKey":"BS8c4dV8eTn2owJeZ9U2is+31uCn3jbgeX35N06cwG0b","preKeyId":1334109}}},"version":"v1"}