{"_sessions":{"BehScjHzhbprrz2yQZBY1rk7FL9JwT5y8iLC9t4wf7BD":{"registrationId":431250007,"currentRatchet":{"ephemeralKeyPair":{"pubKey":"BSfJZE8pTJ59dykpo0HqzUzJrYhXUXFroqnXt0zwgBlS","privKey":"cHHD6qgJG+pBZQeBUVwEw4WQuhNk01sV6UQe/sdSF3w="},"lastRemoteEphemeralKey":"Bb/8GyZxOsFOzP0kSVyiRJlLvmUaiQb0WQmjDsnJVcRu","previousCounter":0,"rootKey":"dTK32+L2SV55d4tfI8dtc1qMPwPxikNLG6+Pk8TEzsU="},"indexInfo":{"baseKey":"BehScjHzhbprrz2yQZBY1rk7FL9JwT5y8iLC9t4wf7BD","baseKeyType":1,"closed":-1,"used":1706967473883,"created":1706967473883,"remoteIdentityKey":"BZ6GR/Tq1nP5rVp6FLmxVxPklwh2ncxu6l4Hn/ls65JE"},"_chains":{"BSfJZE8pTJ59dykpo0HqzUzJrYhXUXFroqnXt0zwgBlS":{"chainKey":{"counter":6,"key":"8KocxZLv5Pp1zrQjXDEvk6s4Cu86zr0phOBhtMI0zEk="},"chainType":1,"messageKeys":{}}},"pendingPreKey":{"signedKeyId":0,"baseKey":"BehScjHzhbprrz2yQZBY1rk7FL9JwT5y8iLC9t4wf7BD","preKeyId":7405502}}},"version":"v1"}