{"_sessions":{"BYr3db0o8z0x/Nxcp/EO91/ydevfEx4OTCMV/7F83yNB":{"registrationId":2094406814,"currentRatchet":{"ephemeralKeyPair":{"pubKey":"BSMYQhlKlm7glSRD+AezcUiIlYai1rsb1XoYyTsMuu1r","privKey":"0JEs/RBFC/ZY9d5e8PrA002PlrkDww3011GJ17Du5Eg="},"lastRemoteEphemeralKey":"BSBVRfemJ2/asIuZQ6jlN9ry9KK+YGzcpvTVhVvHnTFb","previousCounter":0,"rootKey":"8YgM+xZGJ8so2oRYhFh00buJSBD4Y78PJ5OPj3S2a20="},"indexInfo":{"baseKey":"BYr3db0o8z0x/Nxcp/EO91/ydevfEx4OTCMV/7F83yNB","baseKeyType":1,"closed":-1,"used":1706967473189,"created":1706967473189,"remoteIdentityKey":"BaJ+jszG6x5WGSC91nupZ3qXoqPeuxcxEaslBgXGj5cN"},"_chains":{"BSMYQhlKlm7glSRD+AezcUiIlYai1rsb1XoYyTsMuu1r":{"chainKey":{"counter":6,"key":"F7zBzrrwUnv+Z8dPH5/x3qKX98y3OfscOOR3xPY+rsU="},"chainType":1,"messageKeys":{}}},"pendingPreKey":{"signedKeyId":0,"baseKey":"BYr3db0o8z0x/Nxcp/EO91/ydevfEx4OTCMV/7F83yNB","preKeyId":7298881}}},"version":"v1"}