{"_sessions":{"BW0WpyqFE5mnmmfDgylvOmfJoRkbUJSR5Yr5+WCJEq4x":{"registrationId":431890450,"currentRatchet":{"ephemeralKeyPair":{"pubKey":"BQETCrtfS578o76zdU/dapn2Gei/Co2woAiaTITIP+AZ","privKey":"uCR78SepUTaU1PBmi4lQPfg6x8mMsU51x/3W2YWsSl4="},"lastRemoteEphemeralKey":"BYrSLzAS1AZJP+Mla1f/tdGoqq3FOQL3UVXmL4qMgjBI","previousCounter":0,"rootKey":"AiUEUjpVBeQ1SNtfgyeVXeuJW+mtYFOz4Dg0dWoiAPs="},"indexInfo":{"baseKey":"BW0WpyqFE5mnmmfDgylvOmfJoRkbUJSR5Yr5+WCJEq4x","baseKeyType":1,"closed":-1,"used":1706967473264,"created":1706967473264,"remoteIdentityKey":"BWEylUl6+yB79hPXD2GiVyROCMQBxTRW0G/8MrzSWcFv"},"_chains":{"BQETCrtfS578o76zdU/dapn2Gei/Co2woAiaTITIP+AZ":{"chainKey":{"counter":6,"key":"3cYudfKb3955KaIKaMUm2x5JAHfsk52cwSM7AND240c="},"chainType":1,"messageKeys":{}}},"pendingPreKey":{"signedKeyId":17,"baseKey":"BW0WpyqFE5mnmmfDgylvOmfJoRkbUJSR5Yr5+WCJEq4x","preKeyId":8854843}}},"version":"v1"}