{"_sessions":{"Bb6Hj+jXG+UazV0fLjB/DOETOFNHiqQpTbnoD4PUgY17":{"registrationId":1789221958,"currentRatchet":{"ephemeralKeyPair":{"pubKey":"BWVKov1yZKBuVgR5zD2zIlysQyynXuuY/C3HlWe9XL5u","privKey":"2BJoSqkkcZ/1ugRYgTLpB0InCr22s7sgutb6K7cqzn4="},"lastRemoteEphemeralKey":"BShwXiFPxjQ2Jiea58eVoSMOgfRkfEbgAaAHP1OBUFpB","previousCounter":0,"rootKey":"pDMFLz/rY6o1z+XvKsyDswWmkX99Hk8mC3QQLJSVc+g="},"indexInfo":{"baseKey":"Bb6Hj+jXG+UazV0fLjB/DOETOFNHiqQpTbnoD4PUgY17","baseKeyType":2,"closed":1706967476934,"used":1706967602569,"created":1706967110511,"remoteIdentityKey":"BQJTnH3torgrbxRpZpzx1QW8T3JV8NNw+tXGRCvapXZw"},"_chains":{"BfBJplx7V77IBkTZ059TnZyqSLonOAUP6KlJT1n6xI9G":{"chainKey":{"counter":1},"chainType":2,"messageKeys":{}},"BcLZLM2H35QppcD44sU7CZ3q2TmJreHUGZ9hLU7uFZRi":{"chainKey":{"counter":0},"chainType":2,"messageKeys":{}},"BdzSD0GlScD4a1QNWz4oM4c+UqoEShEbQZDjM9XXvDoL":{"chainKey":{"counter":0},"chainType":2,"messageKeys":{}},"BY2MsK0h0rtgktNmDyqMk9Uq3i0yVbRiy0lCK8osWMFP":{"chainKey":{"counter":0},"chainType":2,"messageKeys":{}},"BftyRKUhgqS1DUiQ4RwIr6ZdlVBjKfH5kX1Yf2rkyT0Y":{"chainKey":{"counter":0},"chainType":2,"messageKeys":{}},"Bc4jujN3ucHOcqQCkrbOpRZZx0TMO2RPkqbl/zVY2jgZ":{"chainKey":{"counter":0},"chainType":2,"messageKeys":{}},"BYryiIj4nKTjNmm62p91tsegM9QViFefHtWYr3Rf/Wkp":{"chainKey":{"counter":0},"chainType":2,"messageKeys":{}},"BfB5QCnYE2vPOPNYIe/EJ6Ifxqs6ewPZCiaArywwkXs+":{"chainKey":{"counter":0},"chainType":2,"messageKeys":{}},"BZw6JCcSF2Ykkk/+nt28jHkDTRAg6uxOaPMKQnhLa156":{"chainKey":{"counter":0},"chainType":2,"messageKeys":{}},"Bbndy0p4qmZgZTYadMmF3gK92/Z3c/aKyNvotQZmdLsP":{"chainKey":{"counter":1},"chainType":2,"messageKeys":{}},"BbqXE3FZo7epnuJyGPomaNlp31cJZcCuET0fd1aMejlE":{"chainKey":{"counter":0},"chainType":2,"messageKeys":{}},"BYfaiyT5OwML7q2R+XiF1hUUqs7eNcTacmj4Kj/sGVIM":{"chainKey":{"counter":0},"chainType":2,"messageKeys":{}},"BWlM6KO551DfwCZc5KyBT6xRRMEjiQXXWhG6K475E/xj":{"chainKey":{"counter":0},"chainType":2,"messageKeys":{}},"BShwXiFPxjQ2Jiea58eVoSMOgfRkfEbgAaAHP1OBUFpB":{"chainKey":{"counter":2,"key":"LAylRfvj9/8PJVNgYvvtBCvNbeWVzmUCd5rbpqxAvNo="},"chainType":2,"messageKeys":{}},"BWVKov1yZKBuVgR5zD2zIlysQyynXuuY/C3HlWe9XL5u":{"chainKey":{"counter":-1,"key":"o2LPVtFZABGNJYN4S849QjZdDjEdy1/HAQNefYcoD9U="},"chainType":1,"messageKeys":{}}}},"BX6LOkU1bcHfPko55t8E/YkNzHCpEnUf4NSVy54RCLAT":{"registrationId":1789221958,"currentRatchet":{"ephemeralKeyPair":{"pubKey":"BUL4eYgFOpE131nP80dnZnELvCuht/6dmwVkdgxIiWgm","privKey":"oN+e6mw1yqkLfRY7uJSoFAlyyr3+43jqpoJ2p01CfGE="},"lastRemoteEphemeralKey":"BShwXiFPxjQ2Jiea58eVoSMOgfRkfEbgAaAHP1OBUFpB","previousCounter":-1,"rootKey":"pKb9uQQbXQ2iBLYmT6WIzBJUSvKBIRNajzlkMTNznZE="},"indexInfo":{"baseKey":"BX6LOkU1bcHfPko55t8E/YkNzHCpEnUf4NSVy54RCLAT","baseKeyType":1,"closed":1706967506154,"used":1706967476929,"created":1706967476929,"remoteIdentityKey":"BQJTnH3torgrbxRpZpzx1QW8T3JV8NNw+tXGRCvapXZw"},"_chains":{"BShwXiFPxjQ2Jiea58eVoSMOgfRkfEbgAaAHP1OBUFpB":{"chainKey":{"counter":1,"key":"015muSEUIUX3VXpNC8dhfHFFTYzw+P2b95pYQzjJ3Qc="},"chainType":2,"messageKeys":{"0":"O2v8h1K99RntAWvWOBHghBmA7pisMQ6QokXkq9EQsro="}},"BUL4eYgFOpE131nP80dnZnELvCuht/6dmwVkdgxIiWgm":{"chainKey":{"counter":-1,"key":"G5Rbwwj/k/VeGChP89c5eYx3DCvzpBevByzu7TZj9jM="},"chainType":1,"messageKeys":{}}},"pendingPreKey":{"signedKeyId":5,"baseKey":"BX6LOkU1bcHfPko55t8E/YkNzHCpEnUf4NSVy54RCLAT","preKeyId":839668}},"BfF2urY4izITtrShY4k9hLHdhE7xUZ5Yr4G4Xrc+HZNq":{"registrationId":1789221958,"currentRatchet":{"ephemeralKeyPair":{"pubKey":"BeUR2vqmdR4en9G7xMhOkzYjbg8vOYfvGr1SHiV/qJxd","privKey":"iLrDf8uv+Yd3um4bKszZwP6+D7WIG8MtGA5nMxO0Skw="},"lastRemoteEphemeralKey":"BShwXiFPxjQ2Jiea58eVoSMOgfRkfEbgAaAHP1OBUFpB","previousCounter":-1,"rootKey":"aUDCMgdZynieuMK9kCX7q9lG1SDn6kpFRgUVWm+A67E="},"indexInfo":{"baseKey":"BfF2urY4izITtrShY4k9hLHdhE7xUZ5Yr4G4Xrc+HZNq","baseKeyType":1,"closed":1706967508047,"used":1706967506152,"created":1706967506152,"remoteIdentityKey":"BQJTnH3torgrbxRpZpzx1QW8T3JV8NNw+tXGRCvapXZw"},"_chains":{"BShwXiFPxjQ2Jiea58eVoSMOgfRkfEbgAaAHP1OBUFpB":{"chainKey":{"counter":1,"key":"YUQt+ANEoulSYtoQ2sVbvvW+XvAfx8dStDyEmGMOku4="},"chainType":2,"messageKeys":{"0":"YIXOBaQhZvvOI2B+D5GOiYQMkogFT7Fq/bhrdcrBBoQ="}},"BeUR2vqmdR4en9G7xMhOkzYjbg8vOYfvGr1SHiV/qJxd":{"chainKey":{"counter":0,"key":"cFASWf9WXASvEV+rUv/9maUTiz56tc71sRTXQ4sA6rs="},"chainType":1,"messageKeys":{}}},"pendingPreKey":{"signedKeyId":5,"baseKey":"BfF2urY4izITtrShY4k9hLHdhE7xUZ5Yr4G4Xrc+HZNq","preKeyId":840427}},"Bbwf+ok0EjqSsQ2Df1RLnost8v/hMJbr/Vp01XW++LoH":{"registrationId":1789221958,"currentRatchet":{"ephemeralKeyPair":{"pubKey":"BYbKIUnGSKqQNydqDI2/6YzmGYX1X6JSuY3QuMCIvKkg","privKey":"QOXeKrXulTV2b92nQDNMhGM8qC70IPlarMeRLpr63kQ="},"lastRemoteEphemeralKey":"BShwXiFPxjQ2Jiea58eVoSMOgfRkfEbgAaAHP1OBUFpB","previousCounter":-1,"rootKey":"mZFXW8v1zmSh+jRNLq0N+hxVOpgoWhx6vcclM/GrDSM="},"indexInfo":{"baseKey":"Bbwf+ok0EjqSsQ2Df1RLnost8v/hMJbr/Vp01XW++LoH","baseKeyType":1,"closed":1706967517418,"used":1706967508044,"created":1706967508044,"remoteIdentityKey":"BQJTnH3torgrbxRpZpzx1QW8T3JV8NNw+tXGRCvapXZw"},"_chains":{"BShwXiFPxjQ2Jiea58eVoSMOgfRkfEbgAaAHP1OBUFpB":{"chainKey":{"counter":2,"key":"Qxd2SqmZglitSpD1EUUVLfzlipOBrtvoJIUnV00KKgo="},"chainType":2,"messageKeys":{"0":"a1OZLyrSMOiQmoLlhE5lzToboxbaQjRDD2hcyaUDohE=","1":"EXkgbIxMDOxNQlnxFmwkvlcxXI1+C/dOaKmS19e3Pi4="}},"BYbKIUnGSKqQNydqDI2/6YzmGYX1X6JSuY3QuMCIvKkg":{"chainKey":{"counter":-1,"key":"XewjoVRlWcdrs3Q/lT2Djxjxg411WcTA98kgB8hU9/A="},"chainType":1,"messageKeys":{}}},"pendingPreKey":{"signedKeyId":5,"baseKey":"Bbwf+ok0EjqSsQ2Df1RLnost8v/hMJbr/Vp01XW++LoH","preKeyId":839720}},"BTl4noDEZW9cSFBVQflP6xSaxOpH1cM4muRFsv5GmM5g":{"registrationId":1789221958,"currentRatchet":{"ephemeralKeyPair":{"pubKey":"BUY3lLbyHs6fXH1ArMop8P3ktXMctjYTX0FIMWVhvx45","privKey":"YKb/Ydqtm5Amz1xG/7d9sk7X3qH/bQwTfusAP8xmDGI="},"lastRemoteEphemeralKey":"BShwXiFPxjQ2Jiea58eVoSMOgfRkfEbgAaAHP1OBUFpB","previousCounter":-1,"rootKey":"AFD21P1TtcKLCGPxoJquXVhv0v4+3WTggTr1hg3nZOQ="},"indexInfo":{"baseKey":"BTl4noDEZW9cSFBVQflP6xSaxOpH1cM4muRFsv5GmM5g","baseKeyType":1,"closed":1706967603176,"used":1706967517413,"created":1706967517413,"remoteIdentityKey":"BQJTnH3torgrbxRpZpzx1QW8T3JV8NNw+tXGRCvapXZw"},"_chains":{"BShwXiFPxjQ2Jiea58eVoSMOgfRkfEbgAaAHP1OBUFpB":{"chainKey":{"counter":2,"key":"LxSy+MTA4Za8/Q70n6+b7bDjgZHF+q2GEdUyBOJ4o4E="},"chainType":2,"messageKeys":{"0":"2hXEl000vNM7JvJaihte8IEuVLxf2azJLBWaIF6x4ew=","1":"v2y10QxnTA2b0vPDOtx21gilacL4IyAldoxKf9L9YTQ="}},"BUY3lLbyHs6fXH1ArMop8P3ktXMctjYTX0FIMWVhvx45":{"chainKey":{"counter":-1,"key":"dlqOfBpFosdo/Fp4JU9IuSq6fh4HoIbl2/1K3QJohFQ="},"chainType":1,"messageKeys":{}}},"pendingPreKey":{"signedKeyId":5,"baseKey":"BTl4noDEZW9cSFBVQflP6xSaxOpH1cM4muRFsv5GmM5g","preKeyId":839776}},"Ba4e06K05BsfnttQWBx0esEarplJQNl0+E7WwdrhpWom":{"registrationId":1789221958,"currentRatchet":{"ephemeralKeyPair":{"pubKey":"BfSv01FlX1CgknU2jUfWOCIbqmvWhnNZpLFu542C6CQK","privKey":"6B9oUNBD+BqYls3noh9/Hfhwukeo9yo5PY3X5nV892w="},"lastRemoteEphemeralKey":"BfHDJlkE3hSO5jPVQ1USHMCEXjwip5y2QK48Fp6mz9I/","previousCounter":0,"rootKey":"HD35jgKlE67onH5KVZ1hy9U4pPijSmtQzRCYMOsAbCg="},"indexInfo":{"baseKey":"Ba4e06K05BsfnttQWBx0esEarplJQNl0+E7WwdrhpWom","baseKeyType":1,"closed":1706967603768,"used":1706967603171,"created":1706967603171,"remoteIdentityKey":"BQJTnH3torgrbxRpZpzx1QW8T3JV8NNw+tXGRCvapXZw"},"_chains":{"BfSv01FlX1CgknU2jUfWOCIbqmvWhnNZpLFu542C6CQK":{"chainKey":{"counter":-1,"key":"qVVNWjA+/aU1rXsLJV8XwVL5XD2TRWkWeDlX54o6eh8="},"chainType":1,"messageKeys":{}}},"pendingPreKey":{"signedKeyId":5,"baseKey":"Ba4e06K05BsfnttQWBx0esEarplJQNl0+E7WwdrhpWom","preKeyId":839658}},"BT4zbJ0YmzKmrd92FBuJ0NclMi1pJ4CAF1hdhGggK+ZT":{"registrationId":1789221958,"currentRatchet":{"ephemeralKeyPair":{"pubKey":"BQrWY7T/hI5odixk0KBI0d78rKPRlj0Kv0cugsiipnk+","privKey":"mAiorG37cv6ZsGgeZLr/spedFDa4ujPPNg/1vjOedEQ="},"lastRemoteEphemeralKey":"BaQEN+PIq5xSfYtIeaZMbpOsltbU8VJcQsM78NTcnUkc","previousCounter":0,"rootKey":"1vo7pvtpZRm9afVi5oOhMEjC23+am7iBURuHfBJJMVU="},"indexInfo":{"baseKey":"BT4zbJ0YmzKmrd92FBuJ0NclMi1pJ4CAF1hdhGggK+ZT","baseKeyType":1,"closed":1706967622917,"used":1706967717168,"created":1706967603764,"remoteIdentityKey":"BQJTnH3torgrbxRpZpzx1QW8T3JV8NNw+tXGRCvapXZw"},"_chains":{"BaQEN+PIq5xSfYtIeaZMbpOsltbU8VJcQsM78NTcnUkc":{"chainKey":{"counter":0,"key":"01ZdjmknZxBXd3ed1z41TGul1rnJr5gDpsVbZcsAhe4="},"chainType":2,"messageKeys":{}},"BQrWY7T/hI5odixk0KBI0d78rKPRlj0Kv0cugsiipnk+":{"chainKey":{"counter":-1,"key":"zwOS4z9b5lkRokOv8nafQM7X93Mf6wCHM2+ZtfmjUhI="},"chainType":1,"messageKeys":{}}}},"BSyQttVmNA4mEhy3GrPQvPnMgTeGlBd4PX+vjVGWfNZd":{"registrationId":1789221958,"currentRatchet":{"ephemeralKeyPair":{"pubKey":"Bb5WPNAPM+trxjwspbUNaVVFPnuZRveL5Vbwq2RRgdZQ","privKey":"yHTdEXHUYhtWrkP61e29PCRlxDBkf5vXXLSRkvZpB1s="},"lastRemoteEphemeralKey":"BaQEN+PIq5xSfYtIeaZMbpOsltbU8VJcQsM78NTcnUkc","previousCounter":-1,"rootKey":"6DTJd6xbhNKEpq4sohYqwsN6bh/I3cl0k55Lw58G5Jw="},"indexInfo":{"baseKey":"BSyQttVmNA4mEhy3GrPQvPnMgTeGlBd4PX+vjVGWfNZd","baseKeyType":1,"closed":1706967628404,"used":1706967622914,"created":1706967622914,"remoteIdentityKey":"BQJTnH3torgrbxRpZpzx1QW8T3JV8NNw+tXGRCvapXZw"},"_chains":{"BaQEN+PIq5xSfYtIeaZMbpOsltbU8VJcQsM78NTcnUkc":{"chainKey":{"counter":0,"key":"F7OHuXpll9m2hfItf7N8Tvi/Y/66cmF1u+APLad2NGM="},"chainType":2,"messageKeys":{}},"Bb5WPNAPM+trxjwspbUNaVVFPnuZRveL5Vbwq2RRgdZQ":{"chainKey":{"counter":-1,"key":"AJdYkWhkjinF5Gtio0VbYXB51eTSv50maFYGx2SympU="},"chainType":1,"messageKeys":{}}},"pendingPreKey":{"signedKeyId":5,"baseKey":"BSyQttVmNA4mEhy3GrPQvPnMgTeGlBd4PX+vjVGWfNZd","preKeyId":839718}},"BdUUXS4ze2nViG8H+DYuqMtVwqqqF+C/iwgjw/xB24wN":{"registrationId":1789221958,"currentRatchet":{"ephemeralKeyPair":{"pubKey":"BUdAdCHv4oIofRil82D0oyUnG2XZt0eT5/SrylHKBPo6","privKey":"UCxZpKyGMIEXdF/SJ6m0jQwMv+um2/iWIw7t0xE3/GE="},"lastRemoteEphemeralKey":"BaQEN+PIq5xSfYtIeaZMbpOsltbU8VJcQsM78NTcnUkc","previousCounter":-1,"rootKey":"KZelyWChgA+cBvNpPSZaFBef8wQd4IJ7b0+1xhIKI0c="},"indexInfo":{"baseKey":"BdUUXS4ze2nViG8H+DYuqMtVwqqqF+C/iwgjw/xB24wN","baseKeyType":1,"closed":1706967629070,"used":1706967628399,"created":1706967628399,"remoteIdentityKey":"BQJTnH3torgrbxRpZpzx1QW8T3JV8NNw+tXGRCvapXZw"},"_chains":{"BaQEN+PIq5xSfYtIeaZMbpOsltbU8VJcQsM78NTcnUkc":{"chainKey":{"counter":0,"key":"daPcrG3/d9fxFDBQnuE4lJEck/ETrJwl88hk0boVZ94="},"chainType":2,"messageKeys":{}},"BUdAdCHv4oIofRil82D0oyUnG2XZt0eT5/SrylHKBPo6":{"chainKey":{"counter":-1,"key":"BDjpCy4NtDRG31ur+eGqGoON75u19ti4JtQHBKhQf9Q="},"chainType":1,"messageKeys":{}}},"pendingPreKey":{"signedKeyId":5,"baseKey":"BdUUXS4ze2nViG8H+DYuqMtVwqqqF+C/iwgjw/xB24wN","preKeyId":839657}},"BbVuYRZ3NlGhgJpmOEZXJXawc5hgZb86YmlVWUvliRZm":{"registrationId":1789221958,"currentRatchet":{"ephemeralKeyPair":{"pubKey":"BTyNsFhgvIK3IkZnwd6iE8mlk/BlNbgcJ/G/UkFopJ11","privKey":"6LUpGzkBtMrmv/npddHHUX5RVunSNLCBadFxWDHnQWI="},"lastRemoteEphemeralKey":"BaQEN+PIq5xSfYtIeaZMbpOsltbU8VJcQsM78NTcnUkc","previousCounter":-1,"rootKey":"hPGLSabtmyX7aO8I0J0HNiyn1YtOztXXe1iJw0q8RQ8="},"indexInfo":{"baseKey":"BbVuYRZ3NlGhgJpmOEZXJXawc5hgZb86YmlVWUvliRZm","baseKeyType":1,"closed":1706967718750,"used":1706967629033,"created":1706967629033,"remoteIdentityKey":"BQJTnH3torgrbxRpZpzx1QW8T3JV8NNw+tXGRCvapXZw"},"_chains":{"BaQEN+PIq5xSfYtIeaZMbpOsltbU8VJcQsM78NTcnUkc":{"chainKey":{"counter":0,"key":"Nd7G43MHiSzpOHFfMNGF2SEV3uNFxrORwMVfqY3LRJk="},"chainType":2,"messageKeys":{}},"BTyNsFhgvIK3IkZnwd6iE8mlk/BlNbgcJ/G/UkFopJ11":{"chainKey":{"counter":0,"key":"gVpuLRsS1dDluGJLzN8dhjMQJkQC7Lx+TyJqgXeCcvM="},"chainType":1,"messageKeys":{}}},"pendingPreKey":{"signedKeyId":5,"baseKey":"BbVuYRZ3NlGhgJpmOEZXJXawc5hgZb86YmlVWUvliRZm","preKeyId":840298}},"BXSK2EQ/TwOvJ/qrCMwra/qFX0OxXEiKbK8G4UqTnjFa":{"registrationId":1789221958,"currentRatchet":{"ephemeralKeyPair":{"pubKey":"BepQ//rBbZVTTavCE+yCnyPwoqmPBuJLMWVVcfHX1UkB","privKey":"AGbUWam7DFp3uiNxfAYURbjkBjKLaXSzimoClazhBHo="},"lastRemoteEphemeralKey":"BaqSmkLOhs/goH7ernxLaC2FD32zVOQMspEJskA/16pD","previousCounter":0,"rootKey":"3XYDJPfYsWExTP/cQOXn02oKm+IAaX8oA7eqzzmp/C0="},"indexInfo":{"baseKey":"BXSK2EQ/TwOvJ/qrCMwra/qFX0OxXEiKbK8G4UqTnjFa","baseKeyType":1,"closed":-1,"used":1706968077100,"created":1706967718747,"remoteIdentityKey":"BQJTnH3torgrbxRpZpzx1QW8T3JV8NNw+tXGRCvapXZw"},"_chains":{"BaotdITGsC9NCdI70GHDs6gjyW8HnMKgrCaixyQ4UOZH":{"chainKey":{"counter":0},"chainType":2,"messageKeys":{}},"BduHtF8luIGDhLeF9dXmbb5GLZ3CoL2cPVlmvzLt+bJ1":{"chainKey":{"counter":0},"chainType":2,"messageKeys":{}},"BZNeixIsUIkdMvPgz5y6TTlzKHWr9dIuV2GOVAf5lsUd":{"chainKey":{"counter":0},"chainType":2,"messageKeys":{}},"Bff8UruUbei3u9ed1T+WpdnLlv9/I/0mKCTlqgxRLC96":{"chainKey":{"counter":1},"chainType":2,"messageKeys":{}},"Ba5DlS4CAd3MVCPWtbzOW5tPj9VwIB1RvTBkodfUDIp+":{"chainKey":{"counter":0},"chainType":2,"messageKeys":{}},"BR4Fr3Kj7SzXpEiK5ES/RxGdnwgRr9hxsUf2CC6/nhJ8":{"chainKey":{"counter":0},"chainType":2,"messageKeys":{}},"BWZn6g8jDnxwgwybsZTYyIsBvXMOzCRIQKTJvMwjHVED":{"chainKey":{"counter":0},"chainType":2,"messageKeys":{}},"BVCwjKz3vFCU5jvskr84Hq2jU7fmyovEuqLFI/sds+xE":{"chainKey":{"counter":0},"chainType":2,"messageKeys":{}},"BaqSmkLOhs/goH7ernxLaC2FD32zVOQMspEJskA/16pD":{"chainKey":{"counter":0,"key":"C2brBPpAiFOl9wB52iay4IAKEHW3mZjUwVGwKJngKxI="},"chainType":2,"messageKeys":{}},"BepQ//rBbZVTTavCE+yCnyPwoqmPBuJLMWVVcfHX1UkB":{"chainKey":{"counter":0,"key":"evu6oSSxM2CwszR/1p7xFJrkKL/rdZfHgEZm3kMcL9A="},"chainType":1,"messageKeys":{}}}}},"version":"v1"}