{"_sessions":{"BXbsYDmdcUt6T9d1mbgC6cFPUBQjPFoWTRR0tar7S3QL":{"registrationId":872605667,"currentRatchet":{"ephemeralKeyPair":{"pubKey":"BauKXWbUZNVwnO9Rre62/UJjtwezJPJgs3qmIzw62C1M","privKey":"2NYgDXJBU6ncCxMJLSdTTYOLer0VwJKsZ9rHdPftBVI="},"lastRemoteEphemeralKey":"Bek0y7KKhM7OJZZWozFEKwY/3Xs90nYpxg+yrdvAO5Yb","previousCounter":0,"rootKey":"nwxcMfcU9SyYqFJOWYv/YZPnln4bc34tCvrL+nqE9bA="},"indexInfo":{"baseKey":"BXbsYDmdcUt6T9d1mbgC6cFPUBQjPFoWTRR0tar7S3QL","baseKeyType":1,"closed":-1,"used":1706967473153,"created":1706967473153,"remoteIdentityKey":"BRhgF+nB1qhqJIVjLRGxFQO1rnpkl8vp8HFqiw3IYIpW"},"_chains":{"BauKXWbUZNVwnO9Rre62/UJjtwezJPJgs3qmIzw62C1M":{"chainKey":{"counter":6,"key":"N4y56mVfAXLkxMPme0k4XkrpAMiVKYrGqTTdjOWkHv4="},"chainType":1,"messageKeys":{}}},"pendingPreKey":{"signedKeyId":2,"baseKey":"BXbsYDmdcUt6T9d1mbgC6cFPUBQjPFoWTRR0tar7S3QL","preKeyId":10890427}}},"version":"v1"}