{"_sessions":{"BcN9wqpXUf2Pxuhyp3nJxYilikSjOWU7N8dhp2it/9o/":{"registrationId":1191438509,"currentRatchet":{"ephemeralKeyPair":{"pubKey":"Ba2GQzpQlM1WelL8K5N94pajiNZy133FAUGtWmzcJzZj","privKey":"6JZoJnhmLtDurPkhiv9qUMhS83WO/q7JZiJ2xGW30H8="},"lastRemoteEphemeralKey":"Bc6AV7bd6QUxs9NxRQoJaRfJcuFsnR4JBQwF79EKmdQE","previousCounter":0,"rootKey":"eaa7l554lA3I6wVa294kUi2jOM0ZHGOE7ktIUZ5r8vA="},"indexInfo":{"baseKey":"BcN9wqpXUf2Pxuhyp3nJxYilikSjOWU7N8dhp2it/9o/","baseKeyType":1,"closed":-1,"used":1706967472404,"created":1706967472404,"remoteIdentityKey":"Ba+nbvAiZimqQV3PCqrtDQbryeoNQ99xNCYN/dBliTka"},"_chains":{"Ba2GQzpQlM1WelL8K5N94pajiNZy133FAUGtWmzcJzZj":{"chainKey":{"counter":6,"key":"saeyn472qkLJZL8+pjzM9630mLLMzQCBmNgS6nnv0g0="},"chainType":1,"messageKeys":{}}},"pendingPreKey":{"signedKeyId":8,"baseKey":"BcN9wqpXUf2Pxuhyp3nJxYilikSjOWU7N8dhp2it/9o/","preKeyId":1976807}}},"version":"v1"}