{"_sessions":{"BWz/HHQucLDtmPeepmlk35Pnup8nbWBrx5NCDJi3M2kr":{"registrationId":2032449519,"currentRatchet":{"ephemeralKeyPair":{"pubKey":"Bdbql1hNux6TbeVTcsgUtri+W83rKt7bYd+ZhTZJWaZR","privKey":"KP8qdmqB0aDzlO06nDWvxOUxKPsgjsqa4vNKPmCzq1I="},"lastRemoteEphemeralKey":"BcczZtCzZluz2MMuQarBkQt+6xW+di/Jr2UYN1CHtpIa","previousCounter":0,"rootKey":"LzO+xpnW1ZhS88lEKWJ5MxqrjAV7aV+HR4mck1/Cs+o="},"indexInfo":{"baseKey":"BWz/HHQucLDtmPeepmlk35Pnup8nbWBrx5NCDJi3M2kr","baseKeyType":1,"closed":-1,"used":1706967472793,"created":1706967472793,"remoteIdentityKey":"BZueFPFiEiGSOieCgCH44Cv2yDktcYPN64c+SifliW1m"},"_chains":{"Bdbql1hNux6TbeVTcsgUtri+W83rKt7bYd+ZhTZJWaZR":{"chainKey":{"counter":6,"key":"n5ejPbItN0LNvY8etVIQ1oADOBf0AKGl1n9SmnCl15Y="},"chainType":1,"messageKeys":{}}},"pendingPreKey":{"signedKeyId":13160097,"baseKey":"BWz/HHQucLDtmPeepmlk35Pnup8nbWBrx5NCDJi3M2kr","preKeyId":904}}},"version":"v1"}