{"_sessions":{"BfuXAmyok8FviaCBVREBPUYv6mLRnyaTiPmAv3QzcTMv":{"registrationId":1708922281,"currentRatchet":{"ephemeralKeyPair":{"pubKey":"BfDbDQCp4mFVQF/FUCr1V6pLuBBNrgS79G+++GHItj1p","privKey":"KJlFhbpGfeYEIVfjvTKv++GZ6m35fn5A48nt5eujQmk="},"lastRemoteEphemeralKey":"BVMJH1andzJVrfr48M9N3qazBrDlj8NY52U/Gi9k7fAC","previousCounter":0,"rootKey":"GSmovSHOW5JZfpD6nHt7avXQOzTksnmt1w4qkoYKd5A="},"indexInfo":{"baseKey":"BfuXAmyok8FviaCBVREBPUYv6mLRnyaTiPmAv3QzcTMv","baseKeyType":1,"closed":-1,"used":1706967472640,"created":1706967472640,"remoteIdentityKey":"BYGv+lOXmeG08HtxdYe1VhbRMfpJGMjjyTfQ1ABRUSE7"},"_chains":{"BfDbDQCp4mFVQF/FUCr1V6pLuBBNrgS79G+++GHItj1p":{"chainKey":{"counter":6,"key":"1cunznOYjV1RXi2Q8gayq1yhq6Tl7AHRX+q84c92Nzk="},"chainType":1,"messageKeys":{}}},"pendingPreKey":{"signedKeyId":16,"baseKey":"BfuXAmyok8FviaCBVREBPUYv6mLRnyaTiPmAv3QzcTMv","preKeyId":12746516}}},"version":"v1"}