{"_sessions":{"BTuojPFOXtdaLPBQUnhcZzOSPccG5lSmvEGlm7uhWyph":{"registrationId":1457543327,"currentRatchet":{"ephemeralKeyPair":{"pubKey":"BZdn8m4uxZijkKNkVwc9I8tw5+daE1PbAKgBBT8APLli","privKey":"wI1aRjQ7yas92A0sP+VL4cEvR4q8m1KE11cx2WPCxVk="},"lastRemoteEphemeralKey":"BZoXg9EqU7htdIWH0QXq9RMb8wSF58OEUslueuGAX0QB","previousCounter":0,"rootKey":"N1rtO/I0+k9angL89Zjd3B05/KbmOrsCiqjapjMtwbk="},"indexInfo":{"baseKey":"BTuojPFOXtdaLPBQUnhcZzOSPccG5lSmvEGlm7uhWyph","baseKeyType":1,"closed":-1,"used":1706967473903,"created":1706967473903,"remoteIdentityKey":"BdCqfEBvSTWPPteWwQWHk8OKyuzp1d9PmADjMQiryP8R"},"_chains":{"BZdn8m4uxZijkKNkVwc9I8tw5+daE1PbAKgBBT8APLli":{"chainKey":{"counter":6,"key":"w7jR1/S5YlzjsYOrJcwm0J7FNm+aAHyH8tCud/Q9OAY="},"chainType":1,"messageKeys":{}}},"pendingPreKey":{"signedKeyId":0,"baseKey":"BTuojPFOXtdaLPBQUnhcZzOSPccG5lSmvEGlm7uhWyph","preKeyId":7611974}}},"version":"v1"}