{"_sessions":{"BfLQzVuOH7uSXC3h5Go0qE9EpMYAt2cMVCMVtGKW9L1a":{"registrationId":1046290323,"currentRatchet":{"ephemeralKeyPair":{"pubKey":"BahbMrBK98KbClDg3UM8wOVvuq7VDnWi3zVAyT41ebsk","privKey":"+D+Q3Uo30QtTkz9GTSm8s5iuu4MEBpp+x4UFIsZA8Ec="},"lastRemoteEphemeralKey":"BQ2CYJUaBkJiLhs/PTxF5eew5D8ev2Bw8kkYrQ+kqKIW","previousCounter":0,"rootKey":"IDWP4KrE+zrxSiejJ9cpihEdS9yr1GqrRB+8QovPIac="},"indexInfo":{"baseKey":"BfLQzVuOH7uSXC3h5Go0qE9EpMYAt2cMVCMVtGKW9L1a","baseKeyType":1,"closed":-1,"used":1706967472577,"created":1706967472577,"remoteIdentityKey":"BXcYW2ywOiX5EOaP5MIh4pgbMMkMOpSVs4mYJVpY8M1P"},"_chains":{"BahbMrBK98KbClDg3UM8wOVvuq7VDnWi3zVAyT41ebsk":{"chainKey":{"counter":6,"key":"awG2Fgxdk2IAKoJ5TiAR4SbaPpWacSwfSBqzOuxAiIk="},"chainType":1,"messageKeys":{}}},"pendingPreKey":{"signedKeyId":31,"baseKey":"BfLQzVuOH7uSXC3h5Go0qE9EpMYAt2cMVCMVtGKW9L1a","preKeyId":1396005}}},"version":"v1"}