{"_sessions":{"BSLYtOgXuqVqdRl2vRap3P8aD/+r29S6pBW0PjPSOsAH":{"registrationId":891377115,"currentRatchet":{"ephemeralKeyPair":{"pubKey":"BboXeeW1lACYgHUhx3BOMe5z3O52mxNSZEuSlVaFmPEZ","privKey":"ABMFKstSwuY3TgGdMWFTt0Ztxbt17d1MBfLAnOlUkU8="},"lastRemoteEphemeralKey":"BY98y3ctRHAN8gp2TYNgJzBuM1hy03iYuJC2KE8YQKw2","previousCounter":0,"rootKey":"OH5lb6GBplKNHAOyoIUlEaIPdA9d/pD3GAgJaCRQ2eg="},"indexInfo":{"baseKey":"BSLYtOgXuqVqdRl2vRap3P8aD/+r29S6pBW0PjPSOsAH","baseKeyType":1,"closed":-1,"used":1706967471860,"created":1706967471860,"remoteIdentityKey":"BWcHVG9PzO/hu/yDd5PwaEejVFG2wBEGGT8y0N3Pbh1s"},"_chains":{"BboXeeW1lACYgHUhx3BOMe5z3O52mxNSZEuSlVaFmPEZ":{"chainKey":{"counter":6,"key":"UvR3WkUoXCDcZX4Ys1yE7ZtUcS5QFxT1R2UjcBRKzfI="},"chainType":1,"messageKeys":{}}},"pendingPreKey":{"signedKeyId":1,"baseKey":"BSLYtOgXuqVqdRl2vRap3P8aD/+r29S6pBW0PjPSOsAH","preKeyId":1232033}}},"version":"v1"}