{"_sessions":{"BdJGzR1lHgFAzs9e1MJsgnwj/r1AlGA4MLUiKt0kFMtJ":{"registrationId":1352934352,"currentRatchet":{"ephemeralKeyPair":{"pubKey":"BU9fg+5n7yZ7dS1/ksk0B2N9lpy6pv/dZEcS1wcCoMIo","privKey":"iKu0vihsDcSzWFmHWgg6rGx7HyOfXSYPCBiPHOBu9kI="},"lastRemoteEphemeralKey":"BUkTp3VV3pfdQ+lNhnFopFursdexjI7BegH7adU08/di","previousCounter":0,"rootKey":"gcjj3GiJsOQhyvZ1qVw5LPujnFn9t6ueD89YPdntHGY="},"indexInfo":{"baseKey":"BdJGzR1lHgFAzs9e1MJsgnwj/r1AlGA4MLUiKt0kFMtJ","baseKeyType":1,"closed":-1,"used":1706967472459,"created":1706967472459,"remoteIdentityKey":"BdX7D2dRbzNW4s6z71YSQeLuzmdhDxfm19mNr3/Ga0dQ"},"_chains":{"BU9fg+5n7yZ7dS1/ksk0B2N9lpy6pv/dZEcS1wcCoMIo":{"chainKey":{"counter":6,"key":"5CgHXMXKRPdCG0tvuWitslTHeebBtrIsTuDqE1hdJzQ="},"chainType":1,"messageKeys":{}}},"pendingPreKey":{"signedKeyId":9,"baseKey":"BdJGzR1lHgFAzs9e1MJsgnwj/r1AlGA4MLUiKt0kFMtJ","preKeyId":4569964}}},"version":"v1"}