{"_sessions":{"BfH3JT1zdPZS+fbtHEFFhEvqfBKQmfk5cPnorgBbhG1K":{"registrationId":2000340622,"currentRatchet":{"ephemeralKeyPair":{"pubKey":"BRQDluWJ4XP/CAv0q7JH+inGdoN9L3adyPGuqwUBtx0/","privKey":"oKwWVWE5WdTi/wV4RX8gGPvzD2FMI3K5mnzSnK9xb2E="},"lastRemoteEphemeralKey":"BQjYKVPGIS751j/+jGyLW9hHYF63gZchBNhWafgge2d3","previousCounter":0,"rootKey":"lRsalVVdVVhQt+NwHhy1knX0ZXenLZn99orSuzgA2uA="},"indexInfo":{"baseKey":"BfH3JT1zdPZS+fbtHEFFhEvqfBKQmfk5cPnorgBbhG1K","baseKeyType":1,"closed":-1,"used":1706967472198,"created":1706967472198,"remoteIdentityKey":"BTQ4h/ackCncdBKzTbmY/bBvHSijsH4TNrgRHq4HM3ly"},"_chains":{"BRQDluWJ4XP/CAv0q7JH+inGdoN9L3adyPGuqwUBtx0/":{"chainKey":{"counter":6,"key":"lc1OUBPLD91Tg1HgpkI1pku1QqbUptzmeNmmhZAYxDU="},"chainType":1,"messageKeys":{}}},"pendingPreKey":{"signedKeyId":12,"baseKey":"BfH3JT1zdPZS+fbtHEFFhEvqfBKQmfk5cPnorgBbhG1K","preKeyId":12479022}}},"version":"v1"}