{"_sessions":{"BYC9EpMPgKX63IPmPZ9zCYtTideUMh/SKjnVmXaM65V7":{"registrationId":231260562,"currentRatchet":{"ephemeralKeyPair":{"pubKey":"BU6KCqm9pUwPDsqyXYRIBUiI+2Ri/8Qf31KXHxieu4cb","privKey":"mOPsF0sVLOURmi7OjWSXWg5B+Fx3g9025Di+iEJi1Ek="},"lastRemoteEphemeralKey":"BaGHIJBW2zN/2lV6Dbawq+WViz4W/WM1hFIIGKeHjPdo","previousCounter":0,"rootKey":"ahf/7yQqM/p7aRiJ1KzxhBtoVZzVcNXCJpLIXCVug4s="},"indexInfo":{"baseKey":"BYC9EpMPgKX63IPmPZ9zCYtTideUMh/SKjnVmXaM65V7","baseKeyType":1,"closed":-1,"used":1706967472212,"created":1706967472212,"remoteIdentityKey":"BWlnFy4HjEYegd3cvPOb5KQHYYgu2WDP8aIVQEexiilk"},"_chains":{"BU6KCqm9pUwPDsqyXYRIBUiI+2Ri/8Qf31KXHxieu4cb":{"chainKey":{"counter":6,"key":"Ly0782MM44mF1IWj71MYe/q8zHtLEpGG0R9aIJUrpTc="},"chainType":1,"messageKeys":{}}},"pendingPreKey":{"signedKeyId":6,"baseKey":"BYC9EpMPgKX63IPmPZ9zCYtTideUMh/SKjnVmXaM65V7","preKeyId":4752668}}},"version":"v1"}