{"_sessions":{"BbZlL3VBKUpbjOYOwo+oBom78DnkumS4MCwVQ6jH92Ut":{"registrationId":338829829,"currentRatchet":{"ephemeralKeyPair":{"pubKey":"Bey97CMZGeoRVUww2YUaqEg8slsOPgugNx6m1RA75kpy","privKey":"aPIZ70FqDskd8+1317tuvcgi3rSYp496dxe+fB11330="},"lastRemoteEphemeralKey":"BRDNbgtD/fC4eS5NbNCuDlXyW10FG0CRVgwjovNpdpZK","previousCounter":0,"rootKey":"3IAHjT22wI127WTPS9f7HrHikCkn9yff5BrLsU+ogbE="},"indexInfo":{"baseKey":"BbZlL3VBKUpbjOYOwo+oBom78DnkumS4MCwVQ6jH92Ut","baseKeyType":1,"closed":-1,"used":1706967473550,"created":1706967473550,"remoteIdentityKey":"BX2UViw/kVPEXr65iUPwfFFGcSCRiyuDXlgNAwYE6zVY"},"_chains":{"Bey97CMZGeoRVUww2YUaqEg8slsOPgugNx6m1RA75kpy":{"chainKey":{"counter":6,"key":"OmR71ZFZJu8AOSXoDXAmzo0a8Ob42FL0G8zRRgJQ09c="},"chainType":1,"messageKeys":{}}},"pendingPreKey":{"signedKeyId":30,"baseKey":"BbZlL3VBKUpbjOYOwo+oBom78DnkumS4MCwVQ6jH92Ut","preKeyId":10136134}}},"version":"v1"}