{"_sessions":{"BSZdHmeygFz+NI2LeM0kRaXrIARwcUGx54Jw+6xDgAIE":{"registrationId":667,"currentRatchet":{"ephemeralKeyPair":{"pubKey":"BSoxQhyyn/4/8T6eT5h3bkq1Jp3VHFCZLMwA08L4QEox","privKey":"+PtviE7U5NcC7JW0Rmq4bMwKqakpKUIs8lDCsmq97V8="},"lastRemoteEphemeralKey":"BeMn1z65qJnLmIY88Y45fRuHm/DPZyN7aRncCUmYO6ck","previousCounter":0,"rootKey":"LnbFeg8WyRo5PzruLQg5r9QhZK5HrI0Kejt5fHoZtYo="},"indexInfo":{"baseKey":"BSZdHmeygFz+NI2LeM0kRaXrIARwcUGx54Jw+6xDgAIE","baseKeyType":1,"closed":-1,"used":1706967471430,"created":1706967471430,"remoteIdentityKey":"BRAuEHuv6AFKDoM8v26uFn3Bl+T/VjKe7AKjHagat60o"},"_chains":{"BSoxQhyyn/4/8T6eT5h3bkq1Jp3VHFCZLMwA08L4QEox":{"chainKey":{"counter":6,"key":"FUgZZCo6YEIaaZDO/lOy0FPjZ/RYkSbc5zrfxzr70/Y="},"chainType":1,"messageKeys":{}}},"pendingPreKey":{"signedKeyId":1,"baseKey":"BSZdHmeygFz+NI2LeM0kRaXrIARwcUGx54Jw+6xDgAIE"}}},"version":"v1"}