{"_sessions":{"BQa6d5hFaNDYIxpByeNh5bYln5Ps4O3xX9Lti9ektaRf":{"registrationId":414979115,"currentRatchet":{"ephemeralKeyPair":{"pubKey":"BWxq4RXhIM8AkYOW+64dXeNPcVcHqZEHzp40hNsAsrAN","privKey":"iHEnr4lLqZ25FXkw6VUy8c/jEYHE1XRZdg6n6DL5jUo="},"lastRemoteEphemeralKey":"BZsvRW/jE0cKr7948G4lRhrdEsLQzN1iRQ5WqSDzQJhk","previousCounter":0,"rootKey":"Py9JmTLyck7ga7KleeeQGD7aZWrbHu7Jyimsugzr+/Q="},"indexInfo":{"baseKey":"BQa6d5hFaNDYIxpByeNh5bYln5Ps4O3xX9Lti9ektaRf","baseKeyType":1,"closed":-1,"used":1706967472665,"created":1706967472665,"remoteIdentityKey":"BeDXGyOxCgIko7pDDBtmT4cIUQ73Fao0IfchL0ZWrRN7"},"_chains":{"BWxq4RXhIM8AkYOW+64dXeNPcVcHqZEHzp40hNsAsrAN":{"chainKey":{"counter":6,"key":"Y84LOTxIg82ZK6s9u4lYJCg1v+u0UuOPLy/5r4RFUmc="},"chainType":1,"messageKeys":{}}},"pendingPreKey":{"signedKeyId":0,"baseKey":"BQa6d5hFaNDYIxpByeNh5bYln5Ps4O3xX9Lti9ektaRf","preKeyId":13148883}}},"version":"v1"}