{"_sessions":{"BZ22vSr6jNuKKyklCLMt8C3FjiPRnfkejw67vhiUnx8J":{"registrationId":1378491639,"currentRatchet":{"ephemeralKeyPair":{"pubKey":"BU3t+QdBMViKpIpo9nFirLoEzsDnbcJJHzqBM/Tll8pA","privKey":"aAfz+rsn0wmTtuwv9D3D4iXRT96TVzaZE3Jo6nrCQVI="},"lastRemoteEphemeralKey":"BTW7Gp2w/WN1wGF6lkcjN3c4903FsnUJLng034CO1PN+","previousCounter":0,"rootKey":"M8IZ39Otywn/CsclaOiptfvudLGq+DAiGu9ZfrfWxMo="},"indexInfo":{"baseKey":"BZ22vSr6jNuKKyklCLMt8C3FjiPRnfkejw67vhiUnx8J","baseKeyType":1,"closed":-1,"used":1706967473146,"created":1706967473146,"remoteIdentityKey":"BTmosXu2bKsskaWk2bHm5I3nr1r/gbHTMaK4potcv241"},"_chains":{"BU3t+QdBMViKpIpo9nFirLoEzsDnbcJJHzqBM/Tll8pA":{"chainKey":{"counter":6,"key":"gJhJVTp98sPgVMYaSmmz+OGVC0aaR2KnU6YLgUb5Mx0="},"chainType":1,"messageKeys":{}}},"pendingPreKey":{"signedKeyId":10,"baseKey":"BZ22vSr6jNuKKyklCLMt8C3FjiPRnfkejw67vhiUnx8J","preKeyId":12213532}}},"version":"v1"}