{"_sessions":{"BTtwnKipbuvBvFuyhrCppRQ8kzVK2arwPOPs+rUJMrM9":{"registrationId":1427072313,"currentRatchet":{"ephemeralKeyPair":{"pubKey":"Bf6oTekOEHeYIiWW+JAy6cl9Dgk9vmI8MAMpq23zvaE1","privKey":"0FiKMCN4PvcL5FebVs8yA9t57j71Dsdl4loOtl4D/W0="},"lastRemoteEphemeralKey":"BZIgv4xAaTFBDuiaN0v6vBYhuigiskfO3njjX1rb8Y4H","previousCounter":0,"rootKey":"0gS73DugXBtuqT0BifXav/EY7kNPYFwlsnRKkywW01Y="},"indexInfo":{"baseKey":"BTtwnKipbuvBvFuyhrCppRQ8kzVK2arwPOPs+rUJMrM9","baseKeyType":1,"closed":-1,"used":1706967473429,"created":1706967473429,"remoteIdentityKey":"BSlKgyn8BdgyOUunBiNrw1DvMCKBGcV4djauvZRI7sBF"},"_chains":{"Bf6oTekOEHeYIiWW+JAy6cl9Dgk9vmI8MAMpq23zvaE1":{"chainKey":{"counter":6,"key":"kxzohzVj2ZZ535svSD40wPcnGRTm+Llw3BGOxT/cp7M="},"chainType":1,"messageKeys":{}}},"pendingPreKey":{"signedKeyId":1,"baseKey":"BTtwnKipbuvBvFuyhrCppRQ8kzVK2arwPOPs+rUJMrM9","preKeyId":10451637}}},"version":"v1"}