{"_sessions":{"Be5hZpN27+G67ciHFzK792T7A5y5TpVil7MkweYdwGEQ":{"registrationId":131,"currentRatchet":{"ephemeralKeyPair":{"pubKey":"BdsnKl3AJ9j7svx0VZN0/rF93cewpDqWwJwXn2R6vRtF","privKey":"gBjnEarxJ1160mFehdue6TAwxTLZPeWaKc0BDaMbJGc="},"lastRemoteEphemeralKey":"BdPS4RqmpWRJXEihlewv+KZtmu46niAlcQmoGLJ5cqdc","previousCounter":0,"rootKey":"CRjxU/YACbtQU7XfXrxUiIBaKbxiH7DevqpwNZHq20s="},"indexInfo":{"baseKey":"Be5hZpN27+G67ciHFzK792T7A5y5TpVil7MkweYdwGEQ","baseKeyType":1,"closed":-1,"used":1706967113043,"created":1706967113043,"remoteIdentityKey":"BdivfQ5BjQMCBM4MqZbWJ4C/SQi/ytBb7qng4oyQhCsb"},"_chains":{"BdsnKl3AJ9j7svx0VZN0/rF93cewpDqWwJwXn2R6vRtF":{"chainKey":{"counter":37,"key":"cyLoKbJH4sZituy17vMUr3hlSc7vVe2shRrX19i2e+k="},"chainType":1,"messageKeys":{}}},"pendingPreKey":{"signedKeyId":1,"baseKey":"Be5hZpN27+G67ciHFzK792T7A5y5TpVil7MkweYdwGEQ"}}},"version":"v1"}