{"_sessions":{"BUgB53rREa/BqELEW708Bbtu0f1FHVfJBl1uYI9SMcB/":{"registrationId":2091281265,"currentRatchet":{"ephemeralKeyPair":{"pubKey":"BUeZzvN8GaKoSiw1RDF3N07fD2rcY685B6RyZiS+KZwM","privKey":"CAfUufCRuNkwDIvP2HfXsIE304oEDnLNqTaZmqt4smI="},"lastRemoteEphemeralKey":"BRZ3NwPgY8UGcAj3fisQ2pK3CulLM9TmL8IjLArcU2xS","previousCounter":0,"rootKey":"Y9W0X1KSqRAr3Sq0thsPcGqo6iHRDDE+PsfURgGsEA4="},"indexInfo":{"baseKey":"BUgB53rREa/BqELEW708Bbtu0f1FHVfJBl1uYI9SMcB/","baseKeyType":1,"closed":-1,"used":1706967473077,"created":1706967473077,"remoteIdentityKey":"BerRdI5ZyivnrkRHrN2DSxIMIGe3C5j+cxQWM+VsMShB"},"_chains":{"BUeZzvN8GaKoSiw1RDF3N07fD2rcY685B6RyZiS+KZwM":{"chainKey":{"counter":6,"key":"0n3jdgggyIGrJOJJb49tnjc87rh3zrq8+zo99k2sSwM="},"chainType":1,"messageKeys":{}}},"pendingPreKey":{"signedKeyId":17,"baseKey":"BUgB53rREa/BqELEW708Bbtu0f1FHVfJBl1uYI9SMcB/","preKeyId":15087440}}},"version":"v1"}