{"_sessions":{"Bcm7Q6ubPRpSmgsTdmNmUMGQCCRSo7gOw1cU0ZRYsqwx":{"registrationId":80406537,"currentRatchet":{"ephemeralKeyPair":{"pubKey":"BYSuZbWwg1vOHBc0KSYoeixobGEIbMp0AJv3fgXNz3cg","privKey":"AK/tEFvRsZuSqLmCZCm7AMBWcu24QWJL1b3QzGTs3G8="},"lastRemoteEphemeralKey":"BXutxBoxPpuA1yk2U36+xmI4ikQX046we8ebLwFYBztP","previousCounter":0,"rootKey":"uudE1IYx79CegMUMxDbKMlB60NyWu8aI5Ko2+X/sFH0="},"indexInfo":{"baseKey":"Bcm7Q6ubPRpSmgsTdmNmUMGQCCRSo7gOw1cU0ZRYsqwx","baseKeyType":1,"closed":-1,"used":1706967473247,"created":1706967473247,"remoteIdentityKey":"BZCSUqt49efIWEtlkiYZ4731epU+w1PcTez5vO5twhIh"},"_chains":{"BYSuZbWwg1vOHBc0KSYoeixobGEIbMp0AJv3fgXNz3cg":{"chainKey":{"counter":6,"key":"V1KBYttbNDazDb/xhOvaraSZN4bl7qwpJwVpJ1tcPPc="},"chainType":1,"messageKeys":{}}},"pendingPreKey":{"signedKeyId":3,"baseKey":"Bcm7Q6ubPRpSmgsTdmNmUMGQCCRSo7gOw1cU0ZRYsqwx","preKeyId":1662157}}},"version":"v1"}