{"_sessions":{"BdXixOPPAnBH3w2NdIh0xjwDsgHE1N4Uk35tas54BsBi":{"registrationId":621150637,"currentRatchet":{"ephemeralKeyPair":{"pubKey":"BcUt6dK9ojt/LHMCIiki2njm97lpWW4oMfk6HD2icQQn","privKey":"WAkg3sfTbRCPZfA7RuynfSnirPYyyfKeEjlgZW6Yjn0="},"lastRemoteEphemeralKey":"BStBjaLeZ/zDMHAcJI3kJurRZEpfpXgGAu0TEHe6+udE","previousCounter":0,"rootKey":"soGcEuknZPZS2++i85lysfQ1TNdXKyntAWY/0MDYwME="},"indexInfo":{"baseKey":"BdXixOPPAnBH3w2NdIh0xjwDsgHE1N4Uk35tas54BsBi","baseKeyType":1,"closed":-1,"used":1706967474139,"created":1706967474139,"remoteIdentityKey":"Bc2cV3h0K0EBOJQHgRPp6B+XzY7PMkjt69wXSqXHqcts"},"_chains":{"BcUt6dK9ojt/LHMCIiki2njm97lpWW4oMfk6HD2icQQn":{"chainKey":{"counter":6,"key":"93x5dAT9DW15/h3XP6NBpq9jPLni5w7jEt0UvajAcEo="},"chainType":1,"messageKeys":{}}},"pendingPreKey":{"signedKeyId":7,"baseKey":"BdXixOPPAnBH3w2NdIh0xjwDsgHE1N4Uk35tas54BsBi","preKeyId":5647563}}},"version":"v1"}