{"_sessions":{"BUukZnKXqexqXX+YcIdkU6sBwqmbk4O9iUpwtCyyisNy":{"registrationId":3719,"currentRatchet":{"ephemeralKeyPair":{"pubKey":"BQn4uR8GGuMee6Mi+gwK+/VPITh/+dxazCMwIyPCTe5F","privKey":"iAa1Q6r0mOrzXmrEtRceeyAGojfxCk5YQxldvrRlT14="},"lastRemoteEphemeralKey":"BSGOBzB4ZDO7lnQvJLOeOpr/IdI6hoTETN/MjcZfTEVF","previousCounter":0,"rootKey":"W07oirqvqqlB+723NTsjvVpc0qR6D3r4IxiH7UwUoLk="},"indexInfo":{"baseKey":"BUukZnKXqexqXX+YcIdkU6sBwqmbk4O9iUpwtCyyisNy","baseKeyType":1,"closed":-1,"used":1706967471789,"created":1706967471789,"remoteIdentityKey":"BUIwNML+N9vfrrN9zoMrWOdLx3hnMetSVR8SflnHlIop"},"_chains":{"BQn4uR8GGuMee6Mi+gwK+/VPITh/+dxazCMwIyPCTe5F":{"chainKey":{"counter":6,"key":"bkp28jUsgSObdlHlAEgj26BXQOXsCmj3vInuAR5sbec="},"chainType":1,"messageKeys":{}}},"pendingPreKey":{"signedKeyId":2,"baseKey":"BUukZnKXqexqXX+YcIdkU6sBwqmbk4O9iUpwtCyyisNy","preKeyId":4369}}},"version":"v1"}