{"_sessions":{"BV1EIJfmzjr7FsDNV9pAGVDE2+jwg2kcuCZSsG5YyCgw":{"registrationId":280959712,"currentRatchet":{"ephemeralKeyPair":{"pubKey":"BRP0wgXA7t1RfkJlgl8iWSPVnm4+t52pLcJpaoE96l5C","privKey":"eGKNrFXeSWAuvrsx5V/5KsE+8MFtrBV5NlRKSXm0WG4="},"lastRemoteEphemeralKey":"BRiVerTRVd5DXR2EswrJH1jdw5TYjI7NLSjQsehe7ss4","previousCounter":0,"rootKey":"vMOiKb7wS5ye4kOuYhmdrhDGJOmkM9VIbXiTf628fng="},"indexInfo":{"baseKey":"BV1EIJfmzjr7FsDNV9pAGVDE2+jwg2kcuCZSsG5YyCgw","baseKeyType":1,"closed":-1,"used":1706967472963,"created":1706967472963,"remoteIdentityKey":"BbVzoN/IZpN3COC3LK6XHPguJkhW7vO/g6gZWlMW6tZ2"},"_chains":{"BRP0wgXA7t1RfkJlgl8iWSPVnm4+t52pLcJpaoE96l5C":{"chainKey":{"counter":6,"key":"Zs3DfdJakK1bfMehHkGj6Q8gl0yeRmLpt7mCdo/gMRg="},"chainType":1,"messageKeys":{}}},"pendingPreKey":{"signedKeyId":2,"baseKey":"BV1EIJfmzjr7FsDNV9pAGVDE2+jwg2kcuCZSsG5YyCgw","preKeyId":204729}}},"version":"v1"}