{"_sessions":{"BeK69JolS2qTYz22RYq2f+3AX2TEzmMdhRo7ciSeuaYn":{"registrationId":47099165,"currentRatchet":{"ephemeralKeyPair":{"pubKey":"BXLde2MtxEm254LydukngatZbyzRJ57h3VKeEtpElghk","privKey":"APvLBgghsDLqaHoU4OR3Fz9Kg9dtGaQmrGIYWNYVpWU="},"lastRemoteEphemeralKey":"BQ9qttre0lM2RkoPm84CjD+S7rasE4Rv/QzR3+pnOupx","previousCounter":0,"rootKey":"A57vNIpV5Oc6Zu6EnsAP+IAA8wC78o2E5ZOvP1SJHl4="},"indexInfo":{"baseKey":"BeK69JolS2qTYz22RYq2f+3AX2TEzmMdhRo7ciSeuaYn","baseKeyType":1,"closed":-1,"used":1706967473794,"created":1706967473794,"remoteIdentityKey":"BfsFL6yDodEPoOyBwcwGYgjrzQg/d0OR72aFVatUhr8k"},"_chains":{"BXLde2MtxEm254LydukngatZbyzRJ57h3VKeEtpElghk":{"chainKey":{"counter":6,"key":"Q8FgDM3NjQAeSRKk2HGz3ZjXwWscfeMwBoKzN/hQvlI="},"chainType":1,"messageKeys":{}}},"pendingPreKey":{"signedKeyId":4,"baseKey":"BeK69JolS2qTYz22RYq2f+3AX2TEzmMdhRo7ciSeuaYn","preKeyId":3913262}}},"version":"v1"}