{"_sessions":{"BcLZNYn+GJyEFWoBpJn56IAGl+MCNCGvpnZWpmUHaC0E":{"registrationId":1485018341,"currentRatchet":{"ephemeralKeyPair":{"pubKey":"BYTFsIv9ioXUi/aD7hrBppqygSL1dzIgC4ujv5R9WadY","privKey":"0KUFS9YRBQzz8G1bUx3FqZ5WzVh1Cd3J24libQSC9mo="},"lastRemoteEphemeralKey":"BT/j1obxVwolsFeYwLHESDRX4ZFB16KOw05J6pS9SM8Z","previousCounter":0,"rootKey":"ZvXbJm25sMnobhVIW0jYa5Ev4tqd/zpmKkTgLodrVRI="},"indexInfo":{"baseKey":"BcLZNYn+GJyEFWoBpJn56IAGl+MCNCGvpnZWpmUHaC0E","baseKeyType":1,"closed":-1,"used":1706967473200,"created":1706967473200,"remoteIdentityKey":"BSYP+iqyaYIaeSEB3EJja6LHdgLM/TaptSOH2Fl6J8Ys"},"_chains":{"BYTFsIv9ioXUi/aD7hrBppqygSL1dzIgC4ujv5R9WadY":{"chainKey":{"counter":6,"key":"i7cL50QTPZoGGwGpyEopK5rVW3zjJ/2nW10ZSjNIOPo="},"chainType":1,"messageKeys":{}}},"pendingPreKey":{"signedKeyId":0,"baseKey":"BcLZNYn+GJyEFWoBpJn56IAGl+MCNCGvpnZWpmUHaC0E"}}},"version":"v1"}