{"_sessions":{"BYJf8gBDipclA+W08PDFepw1vxApE/8kEzBsfaMmnI48":{"registrationId":1310050627,"currentRatchet":{"ephemeralKeyPair":{"pubKey":"BTQMa3257ouAOYYBUDfrhRxcFEJFnPZUPmJIWT+FQcFF","privKey":"+EM2B5m5PMu4yUKfZiePhQ0RpWy0okHuFcp5U2BvDVk="},"lastRemoteEphemeralKey":"BVzJ47USNE+dn+gsWkI3MZkY19HcIzL5bmgYO5YSUbZY","previousCounter":0,"rootKey":"GHOHUIxs7k6hNAtL9VZvmFp291a1xQ3ssBZQ6bTB8xs="},"indexInfo":{"baseKey":"BYJf8gBDipclA+W08PDFepw1vxApE/8kEzBsfaMmnI48","baseKeyType":1,"closed":-1,"used":1706967474004,"created":1706967474004,"remoteIdentityKey":"BWhmkcc5hV0SgLrAYwVm2ROUAB8YXNcBJVuU2869zqEg"},"_chains":{"BTQMa3257ouAOYYBUDfrhRxcFEJFnPZUPmJIWT+FQcFF":{"chainKey":{"counter":6,"key":"V7asqSdoC+qnPOmKQZcDw78xcTYWL6bxMVr1gg/h5c4="},"chainType":1,"messageKeys":{}}},"pendingPreKey":{"signedKeyId":6,"baseKey":"BYJf8gBDipclA+W08PDFepw1vxApE/8kEzBsfaMmnI48","preKeyId":14231896}}},"version":"v1"}