{"_sessions":{"BXWN0islvGvVRCiXV/hSGzcinjV6F0SAxko9E4BOFyxo":{"registrationId":1348193036,"currentRatchet":{"ephemeralKeyPair":{"pubKey":"BWWt4W/FST/yjR69U1xXGgJ/DKU7ScBPux2s5RvwVPNP","privKey":"KHiR/x6XosZs0+GFvgyB0bKkg0fLdOixag8EY27ILGQ="},"lastRemoteEphemeralKey":"BTTNFOJ6ctyAZ/WcPqUSaoxccfr1cc+LrrgGUNE270dj","previousCounter":0,"rootKey":"7m9wkNIDWFKj4g6WFrDjnZi/AFnJbZnARYOXICydqcs="},"indexInfo":{"baseKey":"BXWN0islvGvVRCiXV/hSGzcinjV6F0SAxko9E4BOFyxo","baseKeyType":1,"closed":-1,"used":1706967473625,"created":1706967473625,"remoteIdentityKey":"Ba+ZEZYZBene60Xvxcycz/cLe9qhnEfTbziMVpNromQC"},"_chains":{"BWWt4W/FST/yjR69U1xXGgJ/DKU7ScBPux2s5RvwVPNP":{"chainKey":{"counter":6,"key":"HnoyH5z66GK4nbOq60ji0LAHCqBvMs7pnylN48pu4tI="},"chainType":1,"messageKeys":{}}},"pendingPreKey":{"signedKeyId":3,"baseKey":"BXWN0islvGvVRCiXV/hSGzcinjV6F0SAxko9E4BOFyxo","preKeyId":10421902}}},"version":"v1"}