{"_sessions":{"BYmP0VEelWXrDcT00QDMA96HzfwLg0xWvmY2vD9n34EL":{"registrationId":523994043,"currentRatchet":{"ephemeralKeyPair":{"pubKey":"BfGWazCKpx/jOUlcFZifR4trlYqUqabyno6dac+pPTg3","privKey":"aDVb1T5PqVFVnnAmeKstGcYnG14I95LNesZi3ZCjC34="},"lastRemoteEphemeralKey":"Ba1y9hH9dqoYo+a6x80Cf0AGJe/B0qaDXQIScZDFQVxV","previousCounter":0,"rootKey":"9pMA3zbqncnOBl4g4dQSDGBqsZrH6c2bGUGf0eCseS8="},"indexInfo":{"baseKey":"BYmP0VEelWXrDcT00QDMA96HzfwLg0xWvmY2vD9n34EL","baseKeyType":1,"closed":-1,"used":1706967474010,"created":1706967474010,"remoteIdentityKey":"BeXpmH6YNaaRVL+hsdPEB/Qiy2ycvN/AV06tVxgP0z52"},"_chains":{"BfGWazCKpx/jOUlcFZifR4trlYqUqabyno6dac+pPTg3":{"chainKey":{"counter":6,"key":"hmFo1RXOnWR7SkHr1JgSYZpNazWpT47bAuKaioJzquY="},"chainType":1,"messageKeys":{}}},"pendingPreKey":{"signedKeyId":3,"baseKey":"BYmP0VEelWXrDcT00QDMA96HzfwLg0xWvmY2vD9n34EL","preKeyId":6430854}}},"version":"v1"}