{"_sessions":{"Bb0qAyVMHyZ+EoT3GGpXZiXFhwd1tYcm/EpqMLcQumEx":{"registrationId":355189193,"currentRatchet":{"ephemeralKeyPair":{"pubKey":"BUTsiLFgcEyCbGkYL5SFA7Y6jnuSFz4DQvCE31hkHRFA","privKey":"UJsnz2r2hIao9u4uhoIa/oQQf9Nqy/liPjdzSh8K7E8="},"lastRemoteEphemeralKey":"BVnLCDK+NhP38Ryor5BZBeDpeqKWPaspm/BrnS6SVXxH","previousCounter":0,"rootKey":"tLVFcusNi3kpEUOrhGMmkN4u4ZG0SzLiBXv5LMthnlI="},"indexInfo":{"baseKey":"Bb0qAyVMHyZ+EoT3GGpXZiXFhwd1tYcm/EpqMLcQumEx","baseKeyType":1,"closed":-1,"used":1706967472523,"created":1706967472523,"remoteIdentityKey":"BUQMuYjsFITxOsRgTgz8mPagneBeFXOiwV2IKDK+/BNF"},"_chains":{"BUTsiLFgcEyCbGkYL5SFA7Y6jnuSFz4DQvCE31hkHRFA":{"chainKey":{"counter":6,"key":"z3T0J5GwF5SHAUuYzIoOPMN1D94Fp/5oBRShBvwewc4="},"chainType":1,"messageKeys":{}}},"pendingPreKey":{"signedKeyId":2,"baseKey":"Bb0qAyVMHyZ+EoT3GGpXZiXFhwd1tYcm/EpqMLcQumEx","preKeyId":1384845}}},"version":"v1"}