{"_sessions":{"BeCbojxMKqFHU+zHdllVuk3X+Gn+k1kvRAC4ORdqwWcn":{"registrationId":135276675,"currentRatchet":{"ephemeralKeyPair":{"pubKey":"BTFWI+WaAbW/cRyVbGOuwMMz0zndpQrzQju3HUkv/YIN","privKey":"wLPob3Z8Ev2wl9JHJ6Ka3vPdQdDZjTuUDLVFFnxqd2w="},"lastRemoteEphemeralKey":"BVagb5vxa/aij0+cLxt9A7EN53pSF4mCviWmDZ4yDXU/","previousCounter":0,"rootKey":"D9sIAIVZqw9cgklOiqWTsWV3DQRXv1RkW48bToDPoWs="},"indexInfo":{"baseKey":"BeCbojxMKqFHU+zHdllVuk3X+Gn+k1kvRAC4ORdqwWcn","baseKeyType":1,"closed":-1,"used":1706967474090,"created":1706967474090,"remoteIdentityKey":"BWAlSG6C6XgKQoNYd6Geey9zFfDIYgmAMdjz4GQsKOFv"},"_chains":{"BTFWI+WaAbW/cRyVbGOuwMMz0zndpQrzQju3HUkv/YIN":{"chainKey":{"counter":6,"key":"XOZEJT7u48lnCckU7pvCCM8puQg4VHGdwbRJFYcSovQ="},"chainType":1,"messageKeys":{}}},"pendingPreKey":{"signedKeyId":0,"baseKey":"BeCbojxMKqFHU+zHdllVuk3X+Gn+k1kvRAC4ORdqwWcn","preKeyId":7628054}}},"version":"v1"}