{"_sessions":{"BScXOw1TElzEqghT2hwc5kryVpMHKuAWlcIk33uin7Qb":{"registrationId":623571689,"currentRatchet":{"ephemeralKeyPair":{"pubKey":"BeFRDlnZdsIl1IIHT6Ozj1I69cuEhOMUOS92SUfVkRJT","privKey":"IBOQA7q5BlkiIMdQ6eIjkQr9Uy4TjElvaHtPMRXsQ1w="},"lastRemoteEphemeralKey":"BT05VXztd7+68ubyZWG1saorOTL3c19hvXaX6AtU8eZu","previousCounter":0,"rootKey":"IL2r14ylkxGdtxeqiN+/B/7ce3LcjhRQVM4QK2NExTM="},"indexInfo":{"baseKey":"BScXOw1TElzEqghT2hwc5kryVpMHKuAWlcIk33uin7Qb","baseKeyType":1,"closed":-1,"used":1706967473773,"created":1706967473773,"remoteIdentityKey":"BS64cb2gl9iVOHzk65ofX2BZg+6R2YhXO9uJ31ZVuddF"},"_chains":{"BeFRDlnZdsIl1IIHT6Ozj1I69cuEhOMUOS92SUfVkRJT":{"chainKey":{"counter":6,"key":"6/HfIFSsSF+Fp/EkvBWaHtGTnU4Rxk55E6YH/MqJ90w="},"chainType":1,"messageKeys":{}}},"pendingPreKey":{"signedKeyId":17,"baseKey":"BScXOw1TElzEqghT2hwc5kryVpMHKuAWlcIk33uin7Qb","preKeyId":12290840}}},"version":"v1"}