{"_sessions":{"BR4pN3UpY+m8wiv/C8ph9IXmRt/adVJ+qOYI+PWqHKdH":{"registrationId":1732553080,"currentRatchet":{"ephemeralKeyPair":{"pubKey":"BSYRuWh1VSq/bUBiKsKRTKvb1cc+bWmO3IBeQLt9i4s+","privKey":"OPA7hklF6Bw+SWhJ1EK5qLLayVCo9C8s0XkSLOWutko="},"lastRemoteEphemeralKey":"BVYYpnBu0PNIFS5K4I52j+NZAwJxycbv7fCH2pU1w81Z","previousCounter":0,"rootKey":"YNuUIXnbyBK1k28bSDxMKquAF91hd9Yl39zh6LV7QeE="},"indexInfo":{"baseKey":"BR4pN3UpY+m8wiv/C8ph9IXmRt/adVJ+qOYI+PWqHKdH","baseKeyType":1,"closed":-1,"used":1706967472397,"created":1706967472397,"remoteIdentityKey":"BaVOWlLjX3PWTYGM01K7VTvjn/j6H3tlMpuUfInQrkdC"},"_chains":{"BSYRuWh1VSq/bUBiKsKRTKvb1cc+bWmO3IBeQLt9i4s+":{"chainKey":{"counter":6,"key":"wTBYQ5DpgN/yAr+aXOqciSXUupXr/OChNyR1JvZZCqE="},"chainType":1,"messageKeys":{}}},"pendingPreKey":{"signedKeyId":8,"baseKey":"BR4pN3UpY+m8wiv/C8ph9IXmRt/adVJ+qOYI+PWqHKdH","preKeyId":13730870}}},"version":"v1"}