{"_sessions":{"BYmUl4j5XdI8feiy2fPh6A38MDYd56hbjFqkEdMlcvNc":{"registrationId":4652,"currentRatchet":{"ephemeralKeyPair":{"pubKey":"BbMZ9cl3OelPZSmyVsuFiNaYs2zOhzdR1g6sSvEhmqtl","privKey":"ALsXCxaTrOrKYMeHEX79nAmGjRpHNASo21wfT2YbJ3Q="},"lastRemoteEphemeralKey":"BSSejykhpYO9YSxerAn/P1xvL0Gp392pjskU+bOOD6Zo","previousCounter":0,"rootKey":"s2hPwT5ryYRFIffArT/57a84T4pMbvqGRJ0DsNIqPwc="},"indexInfo":{"baseKey":"BYmUl4j5XdI8feiy2fPh6A38MDYd56hbjFqkEdMlcvNc","baseKeyType":1,"closed":-1,"used":1706967471553,"created":1706967471553,"remoteIdentityKey":"BeNtdsFhdQRhtlHbOqhTCa8MmJ18Qp+CZPWxgujBA+cX"},"_chains":{"BbMZ9cl3OelPZSmyVsuFiNaYs2zOhzdR1g6sSvEhmqtl":{"chainKey":{"counter":6,"key":"cZXQSQvCoXNETGkvvN6Nl9nU1wIB+8Y7gVOIa0RRIFs="},"chainType":1,"messageKeys":{}}},"pendingPreKey":{"signedKeyId":1,"baseKey":"BYmUl4j5XdI8feiy2fPh6A38MDYd56hbjFqkEdMlcvNc","preKeyId":666}}},"version":"v1"}