{"_sessions":{"BR4w+HnV8AaeZNl0i740X5s8KmdtkXy+OvGSDZgWOfhI":{"registrationId":961070518,"currentRatchet":{"ephemeralKeyPair":{"pubKey":"BeCGrVEZ3D2GU1RD0PvS+H6n7ogsmki8hLxv+2ovtJUV","privKey":"6HOJWu/egO9y2fkMuTcIjKKw9fQtERD1wEf4JZS2ilw="},"lastRemoteEphemeralKey":"BeWgKEh/Jo2UmyVAfmGwCE09t5XEuJcepNLXUscp2uEf","previousCounter":0,"rootKey":"QNsDBwRGelr7z+l7qHcEjVFH9m8p26NoFFpqWPQgYa4="},"indexInfo":{"baseKey":"BR4w+HnV8AaeZNl0i740X5s8KmdtkXy+OvGSDZgWOfhI","baseKeyType":1,"closed":-1,"used":1706967472382,"created":1706967472382,"remoteIdentityKey":"BS2nnIG912QDV2Esqzie0FzV90BZEE8a1WzJVm+mqSo/"},"_chains":{"BeCGrVEZ3D2GU1RD0PvS+H6n7ogsmki8hLxv+2ovtJUV":{"chainKey":{"counter":6,"key":"MhFDXvLfLNbL/hA/rByhXdywG1lnsutSXItdEfx9q/U="},"chainType":1,"messageKeys":{}}},"pendingPreKey":{"signedKeyId":1,"baseKey":"BR4w+HnV8AaeZNl0i740X5s8KmdtkXy+OvGSDZgWOfhI","preKeyId":9924610}}},"version":"v1"}