{"_sessions":{"BdVi00ErPQ85Rq2IOmmO3tB+F5+PJJe4zZEAN6KUEA4h":{"registrationId":1029732637,"currentRatchet":{"ephemeralKeyPair":{"pubKey":"BZvMYjg9qlffcFeoM6rEjWEhVLtcTX1Xa7XKEwBVa1oh","privKey":"CILmMPu1GVxM+31kOCSQ24GV4EHFTOiISUCLojDsD2U="},"lastRemoteEphemeralKey":"BeBrtQkWzEL7Zt/bJUHnVtvuEA3lBQOgSXrxAMOLiRhh","previousCounter":0,"rootKey":"OChO7a7JRqaXwf3GQO0smUr4O5Ef/nOSAOtUUmFt988="},"indexInfo":{"baseKey":"BdVi00ErPQ85Rq2IOmmO3tB+F5+PJJe4zZEAN6KUEA4h","baseKeyType":1,"closed":-1,"used":1706967472409,"created":1706967472409,"remoteIdentityKey":"BYl73rt3aAvdxgdRuxePlaNz6JhupNriS14axWOSWMZg"},"_chains":{"BZvMYjg9qlffcFeoM6rEjWEhVLtcTX1Xa7XKEwBVa1oh":{"chainKey":{"counter":6,"key":"lfWshzkSbKwoB4K0bEh9L/PndLpXAUnUSF28awPbXhU="},"chainType":1,"messageKeys":{}}},"pendingPreKey":{"signedKeyId":9,"baseKey":"BdVi00ErPQ85Rq2IOmmO3tB+F5+PJJe4zZEAN6KUEA4h","preKeyId":6006170}}},"version":"v1"}