{"_sessions":{"BYIDXEyNvfrqtzdJPGs4VNKhCkklibCssPzBI2XZqZoE":{"registrationId":330254030,"currentRatchet":{"ephemeralKeyPair":{"pubKey":"BSNpzMHaYSApEeOxOHFiDyJm1XYsDWH5ADAn6IstQbwG","privKey":"GK8JGtvGOPmpyXkncgYtSjAjTu27h+CgAS+OcjBCKXI="},"lastRemoteEphemeralKey":"BegsKn14owySLo1ZOxotooNmkXBTpsNAoxViRY5y/tIF","previousCounter":0,"rootKey":"4V6uen+pEqxgdKksRgp5iW5fhpYEr3LZSBAwGnDNvVw="},"indexInfo":{"baseKey":"BYIDXEyNvfrqtzdJPGs4VNKhCkklibCssPzBI2XZqZoE","baseKeyType":1,"closed":-1,"used":1706967473348,"created":1706967473348,"remoteIdentityKey":"BSU5fa/yTo2HwVhG0rXi4BlKYd5XLpEcLSMbg5rX558u"},"_chains":{"BSNpzMHaYSApEeOxOHFiDyJm1XYsDWH5ADAn6IstQbwG":{"chainKey":{"counter":6,"key":"6ON1GmlakGcmGVt47xcnPa4SOlg4GwU7y4OHhln55Y4="},"chainType":1,"messageKeys":{}}},"pendingPreKey":{"signedKeyId":3,"baseKey":"BYIDXEyNvfrqtzdJPGs4VNKhCkklibCssPzBI2XZqZoE","preKeyId":14850885}}},"version":"v1"}