{"_sessions":{"BZ7KJ7oj62fge8nq9cf415debSHPv0Q+abSzfsBLRaMP":{"registrationId":1274341103,"currentRatchet":{"ephemeralKeyPair":{"pubKey":"BVuxdUfbJFwTqdArHA7gbQWR77bn7w98IjzFzCq1Bakk","privKey":"4PoACKNf1eZKSHXElN0hW5033tO//BY3cZqysPY3Dko="},"lastRemoteEphemeralKey":"Bc2KmAcC64oHtO/hWrmYK4U7dkm5mJ5v0SeFYa0+hW4C","previousCounter":0,"rootKey":"hOiz4uD+FYRT2cr2ZuNXfGRxuwIyN07l3Dvtrb0zK68="},"indexInfo":{"baseKey":"BZ7KJ7oj62fge8nq9cf415debSHPv0Q+abSzfsBLRaMP","baseKeyType":1,"closed":-1,"used":1706967473492,"created":1706967473492,"remoteIdentityKey":"BU5aZ+3I9qywfvfjNI+BY+M0QkTcava7qC84DV+bLxAZ"},"_chains":{"BVuxdUfbJFwTqdArHA7gbQWR77bn7w98IjzFzCq1Bakk":{"chainKey":{"counter":6,"key":"I+sNvsmAU1e1YXFcWd5XMFQoHugoS9HWmq1stjhZZs0="},"chainType":1,"messageKeys":{}}},"pendingPreKey":{"signedKeyId":0,"baseKey":"BZ7KJ7oj62fge8nq9cf415debSHPv0Q+abSzfsBLRaMP","preKeyId":16750987}}},"version":"v1"}