{"_sessions":{"BduCvS07wEHz0YDGGKlN4u+LypZn++NyTQDJW6EOfv8J":{"registrationId":158,"currentRatchet":{"ephemeralKeyPair":{"pubKey":"Bbe/vx/9HNqTGdqyO4NNA9do0NYoqxO7mBiIfvPmhDpj","privKey":"IMPbhqICOxNYeMHV6s1JI6XV/b8na5rRmrg1jCbK3nw="},"lastRemoteEphemeralKey":"BXxOgcGzgvMaNl2OYUsKEvYhEmSVj+wgHV46JaxplH9c","previousCounter":0,"rootKey":"KvCjx0P+C/si3DhX95sWLBiONlei8JWBs1v+2ZRlw9M="},"indexInfo":{"baseKey":"BduCvS07wEHz0YDGGKlN4u+LypZn++NyTQDJW6EOfv8J","baseKeyType":1,"closed":-1,"used":1706967113055,"created":1706967113055,"remoteIdentityKey":"BQbaLxg+lKq/qFLgR3Z8LR3of+vDEKhJXU/CPBatzmtV"},"_chains":{"Bbe/vx/9HNqTGdqyO4NNA9do0NYoqxO7mBiIfvPmhDpj":{"chainKey":{"counter":35,"key":"BKmLTb3as5a6xj1Hqo8/xAyd9mDQijdUftcjuyfhnR8="},"chainType":1,"messageKeys":{}}},"pendingPreKey":{"signedKeyId":1,"baseKey":"BduCvS07wEHz0YDGGKlN4u+LypZn++NyTQDJW6EOfv8J"}}},"version":"v1"}