{"_sessions":{"BQGtYz9kT7EPz6sQ1jLn+hTngHeS4hbXx354MXtb4asu":{"registrationId":495972797,"currentRatchet":{"ephemeralKeyPair":{"pubKey":"BSU/HjgqcEc5Ovbsao5y8DCPI2p5CChcl1Pl46926VAL","privKey":"QHLKcNvw/iAMcFL9KxzOGtW5/JQeDqv6GAcrm5+QhX0="},"lastRemoteEphemeralKey":"Beyi1b5H8YhUFhsUS+fqo6iiUWYzuuTGMC51YiCBHnhk","previousCounter":0,"rootKey":"O3cVOSUranSCIR8H/7mfc2AxYMdrGgTSvYyq+XbsSmM="},"indexInfo":{"baseKey":"BQGtYz9kT7EPz6sQ1jLn+hTngHeS4hbXx354MXtb4asu","baseKeyType":1,"closed":-1,"used":1706967473300,"created":1706967473300,"remoteIdentityKey":"BRneAMRPR1BcvwrPF+INZFZpq8dx+4GP71jTxB7UkUkM"},"_chains":{"BSU/HjgqcEc5Ovbsao5y8DCPI2p5CChcl1Pl46926VAL":{"chainKey":{"counter":6,"key":"UHfP5JJPqACNM1744Gylgxtwht/DnNf4F7QBmGmW6oQ="},"chainType":1,"messageKeys":{}}},"pendingPreKey":{"signedKeyId":0,"baseKey":"BQGtYz9kT7EPz6sQ1jLn+hTngHeS4hbXx354MXtb4asu","preKeyId":16441104}}},"version":"v1"}