{"_sessions":{"BWusY5ltGJMnhvDBsfn6QKmzdyTXvzpetQDGj8c3Ev1b":{"registrationId":416377315,"currentRatchet":{"ephemeralKeyPair":{"pubKey":"BawGFwa6jpvd98rmY+8wmriXTj6QdXJWHtQEo85dLp54","privKey":"WNk8+OfcTDGZUCgrZGgq1ceg2Xgghxpve2QbdqSR3k8="},"lastRemoteEphemeralKey":"BSi6Upig+RIp2d0QpTcvMP9ahBgObuu5AR25yTb90G1t","previousCounter":0,"rootKey":"4phJyqI0yqsoIFOwO/BZsxVcBwJC5OonIlb1Uhxjm2A="},"indexInfo":{"baseKey":"BWusY5ltGJMnhvDBsfn6QKmzdyTXvzpetQDGj8c3Ev1b","baseKeyType":2,"closed":-1,"used":1706967315896,"created":1706967315896,"remoteIdentityKey":"BTRTsazOqlwQqBVihIYow39Rd6z9wZAqr/jYCCR0XXdh"},"_chains":{"BSi6Upig+RIp2d0QpTcvMP9ahBgObuu5AR25yTb90G1t":{"chainKey":{"counter":0,"key":"nEyPBrL4L5b/ryTDqQAfSy9jkJhNs+E0vZrak6EM0C8="},"chainType":2,"messageKeys":{}},"BawGFwa6jpvd98rmY+8wmriXTj6QdXJWHtQEo85dLp54":{"chainKey":{"counter":6,"key":"nRIDrYit/s0txhxEQMb0k8RgvDWrctqc+npmMCBOKIo="},"chainType":1,"messageKeys":{}}}}},"version":"v1"}