{"_sessions":{"BXFBffb+UVAjJdAyT7WreNWy2QAgI+Gu2uhYF2vcXehn":{"registrationId":1334790972,"currentRatchet":{"ephemeralKeyPair":{"pubKey":"BQHH47MyX+IpuXLtgiBpjPfdzw8ZPEmEj1MNjJoRjnMA","privKey":"wHtjKnRfG/i35byB2A59iRK4MeBZeubuVOC6Tk8xrm0="},"lastRemoteEphemeralKey":"BVd1J4hs3BSEsDv9ihYaJdHo9/V9EP0CNP/jV6fk4MEg","previousCounter":0,"rootKey":"60KhmhuigGtAopa6OO9ocDV7hxXYBk8WVao6zMppV3c="},"indexInfo":{"baseKey":"BXFBffb+UVAjJdAyT7WreNWy2QAgI+Gu2uhYF2vcXehn","baseKeyType":1,"closed":-1,"used":1706967471990,"created":1706967471990,"remoteIdentityKey":"BeDUqxs3WnixwaubH2Q7ebCyPhBaxW38/KcA/hKHiy4B"},"_chains":{"BQHH47MyX+IpuXLtgiBpjPfdzw8ZPEmEj1MNjJoRjnMA":{"chainKey":{"counter":6,"key":"8T+GRSWrGSggAiyTlOJzajpLV6VA89hCx7oJqvBGlfc="},"chainType":1,"messageKeys":{}}},"pendingPreKey":{"signedKeyId":14,"baseKey":"BXFBffb+UVAjJdAyT7WreNWy2QAgI+Gu2uhYF2vcXehn","preKeyId":13813331}}},"version":"v1"}