{"_sessions":{"BYW5NgqbTltnhvy9mpQkzoPdWginB9Rw7tmM5Hj/M+Q8":{"registrationId":2033430551,"currentRatchet":{"ephemeralKeyPair":{"pubKey":"BfvHiYVyMOtNRmWDUkNd8JFYQnts5Ur3ERXlKE5XaVs+","privKey":"qGzAKT3oy9wOyrFFqCK11HZnpHSX2Na11N/ohyGY0kY="},"lastRemoteEphemeralKey":"BXTwCkHq/BlQYlHs8/XhMlmSgrxvA8L/C97n2PnKzDAZ","previousCounter":0,"rootKey":"mxJg87PDjQmXOxVb+yBaNznWvfziDnJESoJCNYWs9wI="},"indexInfo":{"baseKey":"BYW5NgqbTltnhvy9mpQkzoPdWginB9Rw7tmM5Hj/M+Q8","baseKeyType":1,"closed":-1,"used":1706967473121,"created":1706967473121,"remoteIdentityKey":"BVlYJBNNZstfnNvOl+JbE80FjF8dpxPGOBwkxx+wDOQw"},"_chains":{"BfvHiYVyMOtNRmWDUkNd8JFYQnts5Ur3ERXlKE5XaVs+":{"chainKey":{"counter":6,"key":"hXkWpDfBZ6irkufXTJ5VS1R8MswbUAJXl5g7H/XLFEQ="},"chainType":1,"messageKeys":{}}},"pendingPreKey":{"signedKeyId":2,"baseKey":"BYW5NgqbTltnhvy9mpQkzoPdWginB9Rw7tmM5Hj/M+Q8","preKeyId":12661533}}},"version":"v1"}