{"_sessions":{"BS5UHCtBXRZlHPKII8d+xULK/BfCExlrG2j5KaBe7+tY":{"registrationId":2831,"currentRatchet":{"ephemeralKeyPair":{"pubKey":"Bb0SLNtwz3wWHGdsm8Gpp9UkiG14Z15UnA6TKzwQjOY0","privKey":"MMhukjMhv+dd8WK8mUSBvAVdAuAFWK6+Xtl5HYAIR2o="},"lastRemoteEphemeralKey":"BRkpWnfZBQ8zSvKIR4VN1Nffi9yxfAJZmVVFAYxPxAJC","previousCounter":0,"rootKey":"q4tMa7V6tldSkHq9FV2OkaBlJLqTQnW22FvVQwGdOS4="},"indexInfo":{"baseKey":"BS5UHCtBXRZlHPKII8d+xULK/BfCExlrG2j5KaBe7+tY","baseKeyType":1,"closed":-1,"used":1706967471421,"created":1706967471421,"remoteIdentityKey":"BZy0Wj0mQBzUlRWmozxkxI4vB7FoXvoweHZ4608U2ftG"},"_chains":{"Bb0SLNtwz3wWHGdsm8Gpp9UkiG14Z15UnA6TKzwQjOY0":{"chainKey":{"counter":6,"key":"DjRqgErYvlJoY2eFkrGDt6gT+tXOnj5AyeVdu/eDnSc="},"chainType":1,"messageKeys":{}}},"pendingPreKey":{"signedKeyId":4,"baseKey":"BS5UHCtBXRZlHPKII8d+xULK/BfCExlrG2j5KaBe7+tY"}}},"version":"v1"}