{"_sessions":{"BW70EcmFqHL0YxSwh83h66bx8LZaDK3xH7jOWifR8T1j":{"registrationId":1479348198,"currentRatchet":{"ephemeralKeyPair":{"pubKey":"BRQ5rQBFvALPj+cht8cGelKtuSXYUX6uF+5VgUv/oitg","privKey":"sGspPadyT0IFyWuxr03uU4sadJuX6xtS3OJTe+dviUk="},"lastRemoteEphemeralKey":"BcBGpoToBl5jOSCl0V657ELJoJ5P++aUmzNJa5VyNsZk","previousCounter":0,"rootKey":"rkU+tr1oQN96Lr+9YAr8adHLXsjosqG/pXhjn3ugpbI="},"indexInfo":{"baseKey":"BW70EcmFqHL0YxSwh83h66bx8LZaDK3xH7jOWifR8T1j","baseKeyType":1,"closed":-1,"used":1706967473673,"created":1706967473673,"remoteIdentityKey":"Ba8BxG60Tb3WcNJdcwUgl7PwN3E8iWE1QoWTE5fKfkx1"},"_chains":{"BRQ5rQBFvALPj+cht8cGelKtuSXYUX6uF+5VgUv/oitg":{"chainKey":{"counter":6,"key":"O430w2DHG6eZrsi6oe7wOey6kby8s99jG67kqjWFrBU="},"chainType":1,"messageKeys":{}}},"pendingPreKey":{"signedKeyId":1,"baseKey":"BW70EcmFqHL0YxSwh83h66bx8LZaDK3xH7jOWifR8T1j","preKeyId":14873179}}},"version":"v1"}