{"_sessions":{"BdoH4W0Mc/YmlTsqAEaJS6RiBKRqGBIMeEpPHVtU4mIO":{"registrationId":386253623,"currentRatchet":{"ephemeralKeyPair":{"pubKey":"BYSokEsXsovfKLupYmxH0KXt/s6vWAL9veGoS0EoO5I8","privKey":"0HcSaFVadJHhjixXmi5j6zhg/87t6W7ytP2SWkAjC3Q="},"lastRemoteEphemeralKey":"BYh4o9B2M8GeaF/pdQT17LCXl7NGuFrWciiShzp8CNMM","previousCounter":0,"rootKey":"Dfkd0vB/MVF6vw09k4ZD1990Ni+MfrBn+uc5zNV6Gb8="},"indexInfo":{"baseKey":"BdoH4W0Mc/YmlTsqAEaJS6RiBKRqGBIMeEpPHVtU4mIO","baseKeyType":1,"closed":-1,"used":1706967473060,"created":1706967473060,"remoteIdentityKey":"BWlMQwolu/dP+H7QI/n6iNt8Re0/5kLJZ1Cfa0MVq1N3"},"_chains":{"BYSokEsXsovfKLupYmxH0KXt/s6vWAL9veGoS0EoO5I8":{"chainKey":{"counter":6,"key":"Prl6+vVjVqxzi1otUZHb01frvUp4wLXUvARJpw2WtFk="},"chainType":1,"messageKeys":{}}},"pendingPreKey":{"signedKeyId":3,"baseKey":"BdoH4W0Mc/YmlTsqAEaJS6RiBKRqGBIMeEpPHVtU4mIO","preKeyId":16438938}}},"version":"v1"}