{"_sessions":{"BY+v/MRRTndjlVAVaGdT3Zuv5GjJbVps0GRG90ftTuIa":{"registrationId":1253848749,"currentRatchet":{"ephemeralKeyPair":{"pubKey":"BVVko6ePTZb07dDNmVIz4TdHLtmEUDA2Zra/8uZPlrBc","privKey":"CAnvif7wzHOdHTyBfqdsLJrekrGEI5XlJmLYiHJummc="},"lastRemoteEphemeralKey":"BdY9Bl5QYOcmnV1oyLPM9ivqPfwsQ9DfRTGbL/cDq4MP","previousCounter":0,"rootKey":"OJtocxYwNAdigxfNeORqus7SS71ZQfgSHbd65adjEpg="},"indexInfo":{"baseKey":"BY+v/MRRTndjlVAVaGdT3Zuv5GjJbVps0GRG90ftTuIa","baseKeyType":1,"closed":-1,"used":1706967472950,"created":1706967472950,"remoteIdentityKey":"Bb+93hqYo3T81E2mlB3vjXQZy/iQaMwbi4L53Sn551Fu"},"_chains":{"BVVko6ePTZb07dDNmVIz4TdHLtmEUDA2Zra/8uZPlrBc":{"chainKey":{"counter":6,"key":"UQ/MVG0Q+37a3ofBqKa66gyjV/UpCzoHqGkWX9QV7Bg="},"chainType":1,"messageKeys":{}}},"pendingPreKey":{"signedKeyId":4,"baseKey":"BY+v/MRRTndjlVAVaGdT3Zuv5GjJbVps0GRG90ftTuIa","preKeyId":252701}}},"version":"v1"}