{"_sessions":{"BQnH7dnPiJdKAlpuUBzXmQj3YfA66xiOy0+s+mvZzNxZ":{"registrationId":12394,"currentRatchet":{"ephemeralKeyPair":{"pubKey":"BSpFCMCoKVxb2ju7tfPBNks67D7ZkjjOQNtNM1KAYhlh","privKey":"EFnSMUSlgq8ahliID07IDiV7AUWD/dwR0o8SVuJ/q3M="},"lastRemoteEphemeralKey":"BcwFpv5ACkp8oPTCBC3MPpt6MdZmbbnGSGAIuIF8Ne0Y","previousCounter":0,"rootKey":"FePKbbiZr1RKtI182GiNKi/IPe5ALSZ/5hC2sro4eiQ="},"indexInfo":{"baseKey":"BQnH7dnPiJdKAlpuUBzXmQj3YfA66xiOy0+s+mvZzNxZ","baseKeyType":1,"closed":-1,"used":1706967471539,"created":1706967471539,"remoteIdentityKey":"BQfa8qj6Z4KPM8dz5H1QkXQdW0EQwlz2n41zKPLUrX5G"},"_chains":{"BSpFCMCoKVxb2ju7tfPBNks67D7ZkjjOQNtNM1KAYhlh":{"chainKey":{"counter":6,"key":"sx5wvc9SOje5zx+HMqorlvPPxbaqGj7HS/flc7NEQQM="},"chainType":1,"messageKeys":{}}},"pendingPreKey":{"signedKeyId":1,"baseKey":"BQnH7dnPiJdKAlpuUBzXmQj3YfA66xiOy0+s+mvZzNxZ","preKeyId":3886}}},"version":"v1"}