{"_sessions":{"BSYcdXHCvQrwKjYG6mUL3apKIYWzF9RTRaXKBBxXTn9S":{"registrationId":1083531420,"currentRatchet":{"ephemeralKeyPair":{"pubKey":"BewCDhBeW55XZyjEhzfBoqW43iGEL4768Q9VqFuV0hll","privKey":"4IW4JU5dYnBJYy/nvBl1EYc9P2nG5ZcEGgaH+rmEd2Q="},"lastRemoteEphemeralKey":"BZvh1SzgaNRh4vqhDQgcHU38frtagn9C2MjpU1W0ZaoI","previousCounter":0,"rootKey":"be6J1fOXrzmOZMSIq7TrAmXUHjmjj7Zlm1cDtmYPvuU="},"indexInfo":{"baseKey":"BSYcdXHCvQrwKjYG6mUL3apKIYWzF9RTRaXKBBxXTn9S","baseKeyType":1,"closed":-1,"used":1706967472654,"created":1706967472654,"remoteIdentityKey":"BUHeH9wAiMd/GDkcSoqFMxtfsUs67hZM+BmIhf+TXYUj"},"_chains":{"BewCDhBeW55XZyjEhzfBoqW43iGEL4768Q9VqFuV0hll":{"chainKey":{"counter":6,"key":"OkX+rH+ZRZUBy+zFhzaSFGGR3oTv4ytiw9NXpyeKBH8="},"chainType":1,"messageKeys":{}}},"pendingPreKey":{"signedKeyId":1,"baseKey":"BSYcdXHCvQrwKjYG6mUL3apKIYWzF9RTRaXKBBxXTn9S","preKeyId":10835586}}},"version":"v1"}