{"_sessions":{"BThrKA/XaWQIM2h2XVYrs7Z/So1d/zjaJUUUj3skeKZ6":{"registrationId":886755633,"currentRatchet":{"ephemeralKeyPair":{"pubKey":"BUDYXOmiYkno7NUAxvFJC9R+2wX+umYqKk8E7mcpNwNJ","privKey":"YHruLWwR7S+wkXwnd0fd44gSjrBtA7pWVox+7UinYEQ="},"lastRemoteEphemeralKey":"BZxvnvHzx9mq27/ljEHojlRdeDFc1ArUEzH6pc4ARUlU","previousCounter":0,"rootKey":"BBUzPXjtrH2UqZfESKtut1DElkjYdF3BwdbkOL8PjO8="},"indexInfo":{"baseKey":"BThrKA/XaWQIM2h2XVYrs7Z/So1d/zjaJUUUj3skeKZ6","baseKeyType":1,"closed":-1,"used":1706967472826,"created":1706967472826,"remoteIdentityKey":"BaZi+87HSwAwXotfFu03eZH2yLcq8LQnG28G9xiO58gh"},"_chains":{"BUDYXOmiYkno7NUAxvFJC9R+2wX+umYqKk8E7mcpNwNJ":{"chainKey":{"counter":6,"key":"bBoLCH+C3XHS8nBtWM1eqnldA8uCNmbN3Wi1WkNFji0="},"chainType":1,"messageKeys":{}}},"pendingPreKey":{"signedKeyId":24,"baseKey":"BThrKA/XaWQIM2h2XVYrs7Z/So1d/zjaJUUUj3skeKZ6","preKeyId":15916101}}},"version":"v1"}