{"_sessions":{"BaBAzDfRn4pd15zTPCm90N4RXEU7a5DL1w9A21/mOjpO":{"registrationId":14744,"currentRatchet":{"ephemeralKeyPair":{"pubKey":"Be4TPLC8UUGXkBN9ZUWWPSU/kekhVlXqld24UDHf6eZW","privKey":"mNDDb2AO2l47b7IAOPUQNcQN3iSrv/2CRlg5ibqa7mM="},"lastRemoteEphemeralKey":"BXjE2F/qrBiiUzYDSMsTaq3KZBbcyBe1WLnN1ro37t4i","previousCounter":0,"rootKey":"pIecM23eaWCeSM7A7mctC0BrHTV2L5Hu5l1EX+KvZKk="},"indexInfo":{"baseKey":"BaBAzDfRn4pd15zTPCm90N4RXEU7a5DL1w9A21/mOjpO","baseKeyType":1,"closed":-1,"used":1706967471842,"created":1706967471842,"remoteIdentityKey":"BV8Y6WrY+ASDcTPtzmmYUconrL25Ixo1BXc4voj8JJ81"},"_chains":{"Be4TPLC8UUGXkBN9ZUWWPSU/kekhVlXqld24UDHf6eZW":{"chainKey":{"counter":6,"key":"FWRs9+8XTTHMu/6jhnms3REz4rg7nwPY1ICrrFTd9MM="},"chainType":1,"messageKeys":{}}},"pendingPreKey":{"signedKeyId":1,"baseKey":"BaBAzDfRn4pd15zTPCm90N4RXEU7a5DL1w9A21/mOjpO"}}},"version":"v1"}