{"_sessions":{"BX0U3RvqzjzlnqsUons6kxtnN8y55v/ZoxSN3IuuiBAu":{"registrationId":12674,"currentRatchet":{"ephemeralKeyPair":{"pubKey":"BdbiNCSeVjmc3Lq92ILZTsjnyVPB/R7LO/x2gLlm8t5u","privKey":"AMxZ9TVWtvR/SBRNmFK+umflthipaGin82a8jC+N71I="},"lastRemoteEphemeralKey":"BYO73ocCx/uowSYkNPArFpSEJhiFFhormbMg1Gs+5/Yd","previousCounter":0,"rootKey":"a8/YR8TDpvxtUjkxbifvCtlQ9GW/UO8fyM2Kwdbeays="},"indexInfo":{"baseKey":"BX0U3RvqzjzlnqsUons6kxtnN8y55v/ZoxSN3IuuiBAu","baseKeyType":1,"closed":-1,"used":1706967471626,"created":1706967471626,"remoteIdentityKey":"BY5zIASQB9KAsdSik2SLAiHR5lv/9RGOXaMR5yZVMj5L"},"_chains":{"BdbiNCSeVjmc3Lq92ILZTsjnyVPB/R7LO/x2gLlm8t5u":{"chainKey":{"counter":6,"key":"dYP7Pq/8UjgE2OIm3PrurJNRZEaGVY7pL+Xr/FTcgCY="},"chainType":1,"messageKeys":{}}},"pendingPreKey":{"signedKeyId":1,"baseKey":"BX0U3RvqzjzlnqsUons6kxtnN8y55v/ZoxSN3IuuiBAu","preKeyId":980}}},"version":"v1"}