{"_sessions":{"BQLIiPpoATf89GwjGNyUfMTMsH28k220yZ8QQ80LmzV9":{"registrationId":441867176,"currentRatchet":{"ephemeralKeyPair":{"pubKey":"BVjjcQZN8Si25ZDXpPCSoq7yCMEs7rqXrA5RZ5pfCqgG","privKey":"qHAbsZMhEk5pt82xkI6oeWAkhjFHVrg1Jve6CYmG1E0="},"lastRemoteEphemeralKey":"BVZxEJGbPTh3H3D2tIqKuw/McrbTdi7j6Olr6UMnj1hA","previousCounter":0,"rootKey":"3QFYYaPZ2y9ml5t+Ja7hCpjqb8XS6Wf+e8Co6Tn9hFc="},"indexInfo":{"baseKey":"BQLIiPpoATf89GwjGNyUfMTMsH28k220yZ8QQ80LmzV9","baseKeyType":1,"closed":-1,"used":1706967473701,"created":1706967473701,"remoteIdentityKey":"BR5cZlGDevnu8N12faq5guandI+sUZcA03/pbxAc7mxo"},"_chains":{"BVjjcQZN8Si25ZDXpPCSoq7yCMEs7rqXrA5RZ5pfCqgG":{"chainKey":{"counter":6,"key":"KeoKw4YYGDnwn0n5lnIv12ZH1mRh2lN1p9+MPzhXd/g="},"chainType":1,"messageKeys":{}}},"pendingPreKey":{"signedKeyId":5510022,"baseKey":"BQLIiPpoATf89GwjGNyUfMTMsH28k220yZ8QQ80LmzV9","preKeyId":454}}},"version":"v1"}