{"_sessions":{"BVTfxrkEkLu/Q7T8boPiXUq6a2xhH4UKE7yElOngnAFN":{"registrationId":1885311085,"currentRatchet":{"ephemeralKeyPair":{"pubKey":"BR9TauCUJwnCjWFJmW1lUH1tT6Cph0AT9/ZfTFb2hAhW","privKey":"gOm1u1znXQRaCQh/34yNSwVCAn/yQhMRJUQ/06orMnI="},"lastRemoteEphemeralKey":"BSYDAvzlhNAfTLIQU2kjjBq/+zC0V0iuzOOPhjUm+e9O","previousCounter":0,"rootKey":"eUO8U5P5vYnLOn0H4hbltRnrkVAFshMaeadhld7TjkM="},"indexInfo":{"baseKey":"BVTfxrkEkLu/Q7T8boPiXUq6a2xhH4UKE7yElOngnAFN","baseKeyType":1,"closed":-1,"used":1706967473537,"created":1706967473537,"remoteIdentityKey":"BWWAGrjBg5B6rinb0dKzfoQZMPNCNoE0Ast0OQa8ATsQ"},"_chains":{"BR9TauCUJwnCjWFJmW1lUH1tT6Cph0AT9/ZfTFb2hAhW":{"chainKey":{"counter":6,"key":"+dwC53UQORbwRCEPH4PxyXrH1ILJp83ffr/TJwqeHKs="},"chainType":1,"messageKeys":{}}},"pendingPreKey":{"signedKeyId":10,"baseKey":"BVTfxrkEkLu/Q7T8boPiXUq6a2xhH4UKE7yElOngnAFN","preKeyId":14869490}}},"version":"v1"}