{"_sessions":{"BS742eHuzlvrQXtBE4dRZc1wkSJTnDY8iqrzWu0kfYVf":{"registrationId":978134687,"currentRatchet":{"ephemeralKeyPair":{"pubKey":"Bfwc8tccS0qWlyuEgT5ZZzDDDjlvzuag6/WvDAE7Iept","privKey":"AJTRfoDTxadMfjhGxjEYfGjBzn44Uc3Svhb5JmShYnk="},"lastRemoteEphemeralKey":"BSu+lUXy89TagMOgcmW/2CBCTkcAdLgdUwGr5vxRYbl5","previousCounter":0,"rootKey":"BDmtgRo9XgFsd3l1RkBDtGkfEm2cJAJ2QRJL0eHyAD0="},"indexInfo":{"baseKey":"BS742eHuzlvrQXtBE4dRZc1wkSJTnDY8iqrzWu0kfYVf","baseKeyType":1,"closed":-1,"used":1706967473781,"created":1706967473781,"remoteIdentityKey":"BUxVZVci2Y4KNu8c9Lya6bePcxF0YnoxA95HQvfz4ul7"},"_chains":{"Bfwc8tccS0qWlyuEgT5ZZzDDDjlvzuag6/WvDAE7Iept":{"chainKey":{"counter":6,"key":"MTbJCZ3BfO0YA114fZ6S5faYKTo5HVCZN3vk+mHn1nk="},"chainType":1,"messageKeys":{}}},"pendingPreKey":{"signedKeyId":22,"baseKey":"BS742eHuzlvrQXtBE4dRZc1wkSJTnDY8iqrzWu0kfYVf","preKeyId":11567673}}},"version":"v1"}