{"_sessions":{"Bd6fR8wewfd2flxkro/tlkYsBeXF6Hls1JFioHfqtKsw":{"registrationId":1828793819,"currentRatchet":{"ephemeralKeyPair":{"pubKey":"BXtrg/upjWyJdaIXqoTDoRqN0vMU5TFEW1ilXJx2x2lv","privKey":"yHczCJB46O2B8V/fxSX4EiRRrCLQ7pZmvykQ4Mn6rmw="},"lastRemoteEphemeralKey":"BSv/7zcpcZYmkV7CyiatI6UEvKjST79OczWTT0uLa4QU","previousCounter":0,"rootKey":"XZ51NBw/CbUcoWu64zulP/b3AQZN+Bps218PhKw52H0="},"indexInfo":{"baseKey":"Bd6fR8wewfd2flxkro/tlkYsBeXF6Hls1JFioHfqtKsw","baseKeyType":1,"closed":-1,"used":1706967473840,"created":1706967473840,"remoteIdentityKey":"BRTn51ADhjw/202kK4/rwZ4bnT1xLYq11Orfa0DpQeMg"},"_chains":{"BXtrg/upjWyJdaIXqoTDoRqN0vMU5TFEW1ilXJx2x2lv":{"chainKey":{"counter":6,"key":"RyW90a0ZCoGdrRLw7q2cv0APe92dDBYlekDkJS1OJ+k="},"chainType":1,"messageKeys":{}}},"pendingPreKey":{"signedKeyId":14,"baseKey":"Bd6fR8wewfd2flxkro/tlkYsBeXF6Hls1JFioHfqtKsw","preKeyId":5703505}}},"version":"v1"}