{"_sessions":{"Bf4ygVs7a8CH0roaTaXtevr1Q+TVlC/w6Rtjw3fOgH5c":{"registrationId":1206485427,"currentRatchet":{"ephemeralKeyPair":{"pubKey":"BfZnzYvcqMsNpA7aYHcRyBF3EpP43e5J3b0bNhECEoQT","privKey":"oPtg2czoCCVb0iya6QMS/iWtLjAeGTsVTZGknoiDt3E="},"lastRemoteEphemeralKey":"BcrHOhBMkL0kYKGWrpvPvv4OdeOZzUtoYUg/As75LYI6","previousCounter":0,"rootKey":"HhV1Xqf8Uie/ZYsQxIFTzY5DUjJtB9Cc5xdaFcYdNsg="},"indexInfo":{"baseKey":"Bf4ygVs7a8CH0roaTaXtevr1Q+TVlC/w6Rtjw3fOgH5c","baseKeyType":1,"closed":-1,"used":1706967473090,"created":1706967473090,"remoteIdentityKey":"BZJnBaaz0Xw5xmVQXRDMzAoEjldWFl5IYv/WfC2jWkIw"},"_chains":{"BfZnzYvcqMsNpA7aYHcRyBF3EpP43e5J3b0bNhECEoQT":{"chainKey":{"counter":6,"key":"iU6hDk46qVOLmWTRQdKPBT2jbUb8xpyFX3CfNI2EO1g="},"chainType":1,"messageKeys":{}}},"pendingPreKey":{"signedKeyId":0,"baseKey":"Bf4ygVs7a8CH0roaTaXtevr1Q+TVlC/w6Rtjw3fOgH5c","preKeyId":11383065}}},"version":"v1"}