{"_sessions":{"BRurGiODiY2sWRNrHc3aI0KC0kVlEiUYB7u4NUswDqYs":{"registrationId":1354515760,"currentRatchet":{"ephemeralKeyPair":{"pubKey":"BTHB12ZqElTDAxBcqJl7s6Q55jtOsRYLXFvxpu8xl1JH","privKey":"oDlDzgc1Br+HBxmgl/4gemLQGILj8x7dnTVI2AJUznw="},"lastRemoteEphemeralKey":"BdYgbIQZzReb+AOn/OLq6WGJ/6dmSqh6KYxHJo39E8YF","previousCounter":0,"rootKey":"M+RWDrit+oDslShpT4yPSbrid3Ay6u/PF4cZq5a8HPM="},"indexInfo":{"baseKey":"BRurGiODiY2sWRNrHc3aI0KC0kVlEiUYB7u4NUswDqYs","baseKeyType":1,"closed":-1,"used":1706967474097,"created":1706967474097,"remoteIdentityKey":"BTOcPgbX23gsy8XQf0RTojZ7bncGrmZWOKp/emg/vWUl"},"_chains":{"BTHB12ZqElTDAxBcqJl7s6Q55jtOsRYLXFvxpu8xl1JH":{"chainKey":{"counter":6,"key":"0ux3LL7fsSp9KvrEUa3CYCjLZDjyf+s2E4EVwUYPQok="},"chainType":1,"messageKeys":{}}},"pendingPreKey":{"signedKeyId":20,"baseKey":"BRurGiODiY2sWRNrHc3aI0KC0kVlEiUYB7u4NUswDqYs","preKeyId":6025122}}},"version":"v1"}