{"_sessions":{"Beg3WgjadkvDmiiwfEF8y5Sjb9V0YOc/9VmhZrybbg14":{"registrationId":371912618,"currentRatchet":{"ephemeralKeyPair":{"pubKey":"BblpdUSfop9wQUZ6KzeVGMcyLFj5jnTjLXgi52Q6I5Nd","privKey":"QPnSmNMxDvLsZUqnovMkgG5LDKetmX57JvVfX/0L1Ek="},"lastRemoteEphemeralKey":"BYVzx/0suSqRbpAryTIEm/OJtzeLi8tA6oMrS65Jjh5J","previousCounter":0,"rootKey":"IhjPnQ0/e4u1VyM+wg/z890oUbA3GbAdPbu+BoV+iXU="},"indexInfo":{"baseKey":"Beg3WgjadkvDmiiwfEF8y5Sjb9V0YOc/9VmhZrybbg14","baseKeyType":1,"closed":-1,"used":1706967473316,"created":1706967473316,"remoteIdentityKey":"BV/xAVLnU83Fpr8tV4Z5dNBNemrVpAwdSfs/0uvhOdFk"},"_chains":{"BblpdUSfop9wQUZ6KzeVGMcyLFj5jnTjLXgi52Q6I5Nd":{"chainKey":{"counter":6,"key":"lJN0FnLqZ09Tdtc06JWfMb292x8NLxfYfbqiGZQmL8s="},"chainType":1,"messageKeys":{}}},"pendingPreKey":{"signedKeyId":39,"baseKey":"Beg3WgjadkvDmiiwfEF8y5Sjb9V0YOc/9VmhZrybbg14","preKeyId":6345119}}},"version":"v1"}