{"_sessions":{"BYEQGaCqgNs5QMeW7jLMzqB0LVvYFqC6WII7sZQlSsUS":{"registrationId":10222,"currentRatchet":{"ephemeralKeyPair":{"pubKey":"Bfc7y+NbxMVaHg0YqC/GwwuAgmlOupPX3/hCmrQ27pBI","privKey":"eMm2Ui7himD2xYTYWaA7Nt+CuUQCWiY4rQBHU2Afo1U="},"lastRemoteEphemeralKey":"BTY1ow304xbRWQSt6TZMwulvDiMz3Cu7F/NMuxkeiT8E","previousCounter":0,"rootKey":"jFIq3af8yIrFDbHMUwZty+mJeeZrs0f9iL+G8iMA/lM="},"indexInfo":{"baseKey":"BYEQGaCqgNs5QMeW7jLMzqB0LVvYFqC6WII7sZQlSsUS","baseKeyType":1,"closed":-1,"used":1706967471871,"created":1706967471871,"remoteIdentityKey":"Bb88j2Wfv5rgS97HYflhfpaX1dPvUbx27157OUIuugpl"},"_chains":{"Bfc7y+NbxMVaHg0YqC/GwwuAgmlOupPX3/hCmrQ27pBI":{"chainKey":{"counter":6,"key":"YKSmFaRuN01DCfxLf+nVj/8D4ydEwO0etPf5bNEmKA0="},"chainType":1,"messageKeys":{}}},"pendingPreKey":{"signedKeyId":1,"baseKey":"BYEQGaCqgNs5QMeW7jLMzqB0LVvYFqC6WII7sZQlSsUS","preKeyId":428}}},"version":"v1"}