{"_sessions":{"BcS0uh7MHs+qEsuTE25e0wJPTw+CaDRtLMvFL/AoMCFv":{"registrationId":1801291940,"currentRatchet":{"ephemeralKeyPair":{"pubKey":"BazvCrxLiuLrrnXOLydVLILDs/8Y9i/9ZeQdlnZ2pKsO","privKey":"SHPQEwCrXakms2PjA7qvnQpWVxdu/0GifezCJnJkfW8="},"lastRemoteEphemeralKey":"BbavKnR03qvJkMB4zgBp97Mrhy43PDMmfugP1CtbYToN","previousCounter":0,"rootKey":"Iv7X12PGw86n5SV3gWPoRBUANQI3QKvJHJFwXlDuN4I="},"indexInfo":{"baseKey":"BcS0uh7MHs+qEsuTE25e0wJPTw+CaDRtLMvFL/AoMCFv","baseKeyType":1,"closed":-1,"used":1706967472571,"created":1706967472571,"remoteIdentityKey":"BUdj2TIphttch5fSzSuOG08PUNPHkBZ5w5/sGyKOqXhW"},"_chains":{"BazvCrxLiuLrrnXOLydVLILDs/8Y9i/9ZeQdlnZ2pKsO":{"chainKey":{"counter":6,"key":"4/onRvMh+Uj1Q5f4cEsFGXKjNhdP6usl2OHlzZk22uQ="},"chainType":1,"messageKeys":{}}},"pendingPreKey":{"signedKeyId":22,"baseKey":"BcS0uh7MHs+qEsuTE25e0wJPTw+CaDRtLMvFL/AoMCFv","preKeyId":5488380}}},"version":"v1"}