{"_sessions":{"BTybJWol7wxnDfp/dBqkDcyfE2GDQBQ4w2NUgs2w+Spz":{"registrationId":1890933257,"currentRatchet":{"ephemeralKeyPair":{"pubKey":"BXBe5qKpvYeZ4w4HGGnYKwk0UZiZQ0tMy0fBoSrk3vMW","privKey":"8Dhg3Vwq73pE6ExigolKiutyEatpkaeD2zxUizBKNmo="},"lastRemoteEphemeralKey":"BcYRRuM8NCXS18r7HZG40DubWVesGUpkRYRkfuN1njUo","previousCounter":0,"rootKey":"dRSAZjgFSaVUUh7zDsqO9gecjYa2w2+oa1QQo1CjgHc="},"indexInfo":{"baseKey":"BTybJWol7wxnDfp/dBqkDcyfE2GDQBQ4w2NUgs2w+Spz","baseKeyType":1,"closed":-1,"used":1706967473934,"created":1706967473934,"remoteIdentityKey":"BX/v39uJwsi7ShUSb3FqpvNJokPjKa3zUWLVXGoZ5ANR"},"_chains":{"BXBe5qKpvYeZ4w4HGGnYKwk0UZiZQ0tMy0fBoSrk3vMW":{"chainKey":{"counter":6,"key":"Gr4s0AukInyCd0JzE/kBQNlQDC5IxjUKI3DEhmwpjRw="},"chainType":1,"messageKeys":{}}},"pendingPreKey":{"signedKeyId":8,"baseKey":"BTybJWol7wxnDfp/dBqkDcyfE2GDQBQ4w2NUgs2w+Spz","preKeyId":2456343}}},"version":"v1"}