{"_sessions":{"BSGR5zuRZLGCtPhDWeJ7RLSDfEQTxVxOTxAsrbCCqrV5":{"registrationId":880,"currentRatchet":{"ephemeralKeyPair":{"pubKey":"Bb3jgS6cyN1kQyjzWfSobWQTfEbhNnBUMGPe2WF2tgI9","privKey":"4GUn65cRrHVPgm0wxz9x7uQnz7kWyeWOCOsOn7TwoWI="},"lastRemoteEphemeralKey":"BXXBWWbq1xXeOjiVDXBBPZtNn7CmHAuRemF0VxYDZI1W","previousCounter":0,"rootKey":"nvID+dxwhd5J2Gbjn1DZZNLjsK35/d0SUKo5Gs31EQg="},"indexInfo":{"baseKey":"BSGR5zuRZLGCtPhDWeJ7RLSDfEQTxVxOTxAsrbCCqrV5","baseKeyType":1,"closed":-1,"used":1706967471374,"created":1706967471374,"remoteIdentityKey":"BeZFDibRH7eVnWX8ueH7fFl6FZ1AoHf694GOGC3FXmYn"},"_chains":{"Bb3jgS6cyN1kQyjzWfSobWQTfEbhNnBUMGPe2WF2tgI9":{"chainKey":{"counter":6,"key":"0JDMp+h7ncaWABCO0KLpzTJ9EOIPSzX2KL5tu5OpgiQ="},"chainType":1,"messageKeys":{}}},"pendingPreKey":{"signedKeyId":1,"baseKey":"BSGR5zuRZLGCtPhDWeJ7RLSDfEQTxVxOTxAsrbCCqrV5","preKeyId":317}}},"version":"v1"}