{"_sessions":{"BZz9ZxBhl1kNk4H9qcgwHwGC2kstbOVfYWIepRed5eUb":{"registrationId":92,"currentRatchet":{"ephemeralKeyPair":{"pubKey":"BWaI36JYiRcJ8cYni3PmkNCF8Ie/dpXmE7+DJ5OYq0Mk","privKey":"6N7LSEdaV5K3T6xb3Q3sahDP9xraXOwm0VXzRJaYVVk="},"lastRemoteEphemeralKey":"Bc5uQhhfY+BtOZRlMOjm+tqwKufisET/8z79gGk/QekL","previousCounter":0,"rootKey":"tXIXjGF0HwU72/0/Zvb1zJNnAcyf0JkrLJBWLwKkUb0="},"indexInfo":{"baseKey":"BZz9ZxBhl1kNk4H9qcgwHwGC2kstbOVfYWIepRed5eUb","baseKeyType":1,"closed":-1,"used":1706967471368,"created":1706967471368,"remoteIdentityKey":"BZMXoI+qhR1ZpcfgpQ+OqEChyNJatj/uOo3U3gLyxw4D"},"_chains":{"BWaI36JYiRcJ8cYni3PmkNCF8Ie/dpXmE7+DJ5OYq0Mk":{"chainKey":{"counter":6,"key":"6wso4Qc0rRTt+/s5aPiUyaZ0W9UdeoDN0boXwYsnpo0="},"chainType":1,"messageKeys":{}}},"pendingPreKey":{"signedKeyId":1,"baseKey":"BZz9ZxBhl1kNk4H9qcgwHwGC2kstbOVfYWIepRed5eUb"}}},"version":"v1"}