{"_sessions":{"BfcSaauCaYMo985U8v5HMW6Arvl5I3E+TfYK2Rg5PV45":{"registrationId":1330934737,"currentRatchet":{"ephemeralKeyPair":{"pubKey":"BeW+KL8psr+yABJCwsJDdpGWRCvT8srj2A2pEXwha0AB","privKey":"IHYPfTpiwJxp1GrAWfwJacKf+jJhtaYHYLHXoBR6Uk4="},"lastRemoteEphemeralKey":"BWPKR3G5TjRd/P3LiUjCqquq2GCUYLMUuM17iSYw13xj","previousCounter":0,"rootKey":"qaa/IoBu1+fjoLzaAC5WMim+ycgtV3ZMcLEiL0CES0U="},"indexInfo":{"baseKey":"BfcSaauCaYMo985U8v5HMW6Arvl5I3E+TfYK2Rg5PV45","baseKeyType":1,"closed":-1,"used":1706967473404,"created":1706967473404,"remoteIdentityKey":"BbLRP809XRvvpYgWZq3DU4KOdRKuPbD9SFqjEoM6mmpC"},"_chains":{"BeW+KL8psr+yABJCwsJDdpGWRCvT8srj2A2pEXwha0AB":{"chainKey":{"counter":6,"key":"q3IEEft0dppkOI2bCaGZMOJjnDLSyRxuAtEVqHNa774="},"chainType":1,"messageKeys":{}}},"pendingPreKey":{"signedKeyId":10,"baseKey":"BfcSaauCaYMo985U8v5HMW6Arvl5I3E+TfYK2Rg5PV45","preKeyId":1812526}}},"version":"v1"}