{"_sessions":{"BSCEpnpCUF8y/dRkG2Aw/OjE17k3WWWqe1YvZbaaa+8P":{"registrationId":1102501609,"currentRatchet":{"ephemeralKeyPair":{"pubKey":"BTu1cYNtaiJ+ht0sxRsEc521GmFMJSTtpuHeTnFlSDo/","privKey":"yGO+Bm45CS+vj612iLey6a+ljwXWVy26fRT+pd8IUlk="},"lastRemoteEphemeralKey":"BSGNk0AT0ji14jBw9rH8BbYKN6s5OKKlUpJwvKzyNdtV","previousCounter":0,"rootKey":"K0WBLtKebePEEYbTzgSWI33LFzaOfPJPx8iK8Pkw1kQ="},"indexInfo":{"baseKey":"BSCEpnpCUF8y/dRkG2Aw/OjE17k3WWWqe1YvZbaaa+8P","baseKeyType":1,"closed":-1,"used":1706967472025,"created":1706967472025,"remoteIdentityKey":"BWWyC55TfAPrBIUk8z924mja7kipVvwFBJtlIIKzRqg2"},"_chains":{"BTu1cYNtaiJ+ht0sxRsEc521GmFMJSTtpuHeTnFlSDo/":{"chainKey":{"counter":6,"key":"ArvoIOE6ozwV87sNHEIEc2Da7btBGMBES//FN7zK/Rs="},"chainType":1,"messageKeys":{}}},"pendingPreKey":{"signedKeyId":0,"baseKey":"BSCEpnpCUF8y/dRkG2Aw/OjE17k3WWWqe1YvZbaaa+8P","preKeyId":6328462}}},"version":"v1"}