{"_sessions":{"BZq+RHE4AaIPmmnr4otjnlXgbWStZfKprQTR1OP0x9s+":{"registrationId":1791136179,"currentRatchet":{"ephemeralKeyPair":{"pubKey":"BfJg4634AWSopdgByp5Urx5a7Gz/oARWPu0aS5p+YMFP","privKey":"CIt0do4YVNpBJFdAb8dOifkCcvICbufmOP/bNItGRWg="},"lastRemoteEphemeralKey":"BcZvk+CS0vRjD5QWrie9nASCWANnbYF4yE3QESAfVBNS","previousCounter":4,"rootKey":"qfiQTT80jA/Si4GmmFibRyM+B/S/Fvajo5F0zW+qcyI="},"indexInfo":{"baseKey":"BZq+RHE4AaIPmmnr4otjnlXgbWStZfKprQTR1OP0x9s+","baseKeyType":1,"closed":-1,"used":1706968045088,"created":1706967473854,"remoteIdentityKey":"BcPoHVaRa0ufuldBWTDvjij0f83we0bJ4x5IWiKV6c49"},"_chains":{"Bdu6nRSW38VUeRVfPTiw4PA94q4X0DTVW0bQd0T2Ryxz":{"chainKey":{"counter":0},"chainType":2,"messageKeys":{}},"BfOWZ3Yta+Kcj5n7lVgHrQL36XQHVneKxDDEvZhnvuND":{"chainKey":{"counter":0},"chainType":2,"messageKeys":{}},"BcZvk+CS0vRjD5QWrie9nASCWANnbYF4yE3QESAfVBNS":{"chainKey":{"counter":0,"key":"DrTk79yDuQKkOFtd7h+kVpHgo0FnJOlYq9Fuaj4VZJ4="},"chainType":2,"messageKeys":{}},"BfJg4634AWSopdgByp5Urx5a7Gz/oARWPu0aS5p+YMFP":{"chainKey":{"counter":-1,"key":"cYhtxTLMtI4X6epRPLS5bvZLuOadfA6c5lekZx+bcXs="},"chainType":1,"messageKeys":{}}}}},"version":"v1"}