{"_sessions":{"BdZvr47ycemF26B28mmBtVI3db+TeP4VHseK5gwPZ8QW":{"registrationId":1775557638,"currentRatchet":{"ephemeralKeyPair":{"pubKey":"BcCG5UD/02zukkvE8R2EHOmBE2/tuPB0bduQ5UPmHLJO","privKey":"ILPkAq75MXgZwDtAj3ErfgMyrcpo6Cg+fD1nDJrN8FI="},"lastRemoteEphemeralKey":"BbM4yxupTK2ugiUsz2QK44rUpl/3hNQraS6UW8V1hbsw","previousCounter":0,"rootKey":"XTfylnrOcyIQ/AuSBf2iN4G15MyTx+etbK8iDnh2LN0="},"indexInfo":{"baseKey":"BdZvr47ycemF26B28mmBtVI3db+TeP4VHseK5gwPZ8QW","baseKeyType":1,"closed":-1,"used":1706967474111,"created":1706967474111,"remoteIdentityKey":"BZEvj3Zdasqesj9wIY2mAMTZWBGlUOcFf+brapqob+Y2"},"_chains":{"BcCG5UD/02zukkvE8R2EHOmBE2/tuPB0bduQ5UPmHLJO":{"chainKey":{"counter":6,"key":"YR1mp5MYm4kpByeqJFpCyJQjk1OFvgFabzh3p752Ats="},"chainType":1,"messageKeys":{}}},"pendingPreKey":{"signedKeyId":4,"baseKey":"BdZvr47ycemF26B28mmBtVI3db+TeP4VHseK5gwPZ8QW","preKeyId":14752727}}},"version":"v1"}