{"_sessions":{"Bcci/QRr/SHdHnKIwdAcAMTkpp15DmSwEKT7kL/+K/pN":{"registrationId":86611719,"currentRatchet":{"ephemeralKeyPair":{"pubKey":"BQgT2/v0B19FU5vQoUCZ8YW4qwQyBUj3pCeZlA2Z4kcP","privKey":"AIc2gdOo7GC+vM15MMRX3kJfgYoNf+8mv92Wyj+v2m8="},"lastRemoteEphemeralKey":"BXIqxGQHWey54JZEl4Idf/4k85fcVY5JvxDPyWntJL5y","previousCounter":0,"rootKey":"XTAENUu7fy30wmQewMFVkKYRFW6VH/gpIdpoPibg+mM="},"indexInfo":{"baseKey":"Bcci/QRr/SHdHnKIwdAcAMTkpp15DmSwEKT7kL/+K/pN","baseKeyType":1,"closed":-1,"used":1706967472451,"created":1706967472451,"remoteIdentityKey":"BbHPcerLq/Zr5BDJK7d4i7c1bhEk2K8u9OU4hCYh2Itx"},"_chains":{"BQgT2/v0B19FU5vQoUCZ8YW4qwQyBUj3pCeZlA2Z4kcP":{"chainKey":{"counter":6,"key":"BzFMXpM24uz4/4uryCNtzQq3Mn9hwZhVt53sIDmYCWQ="},"chainType":1,"messageKeys":{}}},"pendingPreKey":{"signedKeyId":38,"baseKey":"Bcci/QRr/SHdHnKIwdAcAMTkpp15DmSwEKT7kL/+K/pN","preKeyId":2083730}}},"version":"v1"}