{"_sessions":{"Bb/+q+XVYQw2FBTixC8x6Z1rf9gJIudF6YfEUAG0F24+":{"registrationId":48201881,"currentRatchet":{"ephemeralKeyPair":{"pubKey":"BTJc4tMyud/S+QJqnfQFWPMMdED4V5kU+3e7i479hm4Q","privKey":"aD/0w+c/lgBkvsitz3dTsgSCYrEMwFlniTqd3ECgoEA="},"lastRemoteEphemeralKey":"BcW5Apd29yfoLdnk1VFGH6fRNR1EhZb8uy2n9GDIHHNb","previousCounter":0,"rootKey":"M+GVu5KormOhAHMclyOiSggWs7hPJGqPnQMh7nz5Qv0="},"indexInfo":{"baseKey":"Bb/+q+XVYQw2FBTixC8x6Z1rf9gJIudF6YfEUAG0F24+","baseKeyType":1,"closed":-1,"used":1706967472268,"created":1706967472268,"remoteIdentityKey":"BYvtJuYgbmeSZrCP1Nn+nRKNydHh0fm9nn6OzKFcdbIR"},"_chains":{"BTJc4tMyud/S+QJqnfQFWPMMdED4V5kU+3e7i479hm4Q":{"chainKey":{"counter":6,"key":"bbfpofO1w/NNfre1CmpZ08AP88kHPAszqoS98kEZzyQ="},"chainType":1,"messageKeys":{}}},"pendingPreKey":{"signedKeyId":4,"baseKey":"Bb/+q+XVYQw2FBTixC8x6Z1rf9gJIudF6YfEUAG0F24+","preKeyId":16756367}}},"version":"v1"}