{"_sessions":{"BRQzyOxzhyJrW2t8SpdWL8/qPSLDFH22+Fjeh8rG481N":{"registrationId":320309363,"currentRatchet":{"ephemeralKeyPair":{"pubKey":"BUyYWbGDgqyOd29B5EWWwfP4EZ34yVEQ1Eeq/AvWlbVd","privKey":"UCkVCutnJnND1pZFKSuOMBkmuDJoDvAwAdVD1+eDcGU="},"lastRemoteEphemeralKey":"BfwBL7YFQg0RrtmnusTgtzNNeLiOsYsdPiT3WjKwyqkF","previousCounter":0,"rootKey":"gc2JMI9ytUlKMC93aSid4vsFRACiLQip1wNgLBcJw1U="},"indexInfo":{"baseKey":"BRQzyOxzhyJrW2t8SpdWL8/qPSLDFH22+Fjeh8rG481N","baseKeyType":1,"closed":-1,"used":1706967472897,"created":1706967472897,"remoteIdentityKey":"BfnZyFKDLYYKbxTNhKSh+XaZmvqpUaRLv7XpyCVxPf8x"},"_chains":{"BUyYWbGDgqyOd29B5EWWwfP4EZ34yVEQ1Eeq/AvWlbVd":{"chainKey":{"counter":6,"key":"78NYOtFKPXDeFNV37lYdKMG93GRhXwpHWdcS7xP4b58="},"chainType":1,"messageKeys":{}}},"pendingPreKey":{"signedKeyId":11,"baseKey":"BRQzyOxzhyJrW2t8SpdWL8/qPSLDFH22+Fjeh8rG481N"}}},"version":"v1"}