{"_sessions":{"BYkmdb8vMKD7zfXK107ehKwm5CWQCuxIKYM5hwwEEdU7":{"registrationId":1131039645,"currentRatchet":{"ephemeralKeyPair":{"pubKey":"BSd7uOwaHVujIL4l1cPQB9FwG0rPPG3JmfP6knZqW2xF","privKey":"ONFv4bwt9KS3exDRbHJ6G6pxGnj3/XaKY6Lz43M5WUE="},"lastRemoteEphemeralKey":"BUlYckv5t5eDI4J2UQtiKC+3SdniIRjSde+3FLVXMOME","previousCounter":0,"rootKey":"ObZtiEtaAzNDe7KKg+tsNy0TKAvqtzls38Aeu0+GaRg="},"indexInfo":{"baseKey":"BYkmdb8vMKD7zfXK107ehKwm5CWQCuxIKYM5hwwEEdU7","baseKeyType":1,"closed":-1,"used":1706967474084,"created":1706967474084,"remoteIdentityKey":"BUXWqqWa5bcV6ymsjy41ej5bKOJzl8a1x61esYJzETgs"},"_chains":{"BSd7uOwaHVujIL4l1cPQB9FwG0rPPG3JmfP6knZqW2xF":{"chainKey":{"counter":6,"key":"y3uZaheaXJs8WIJXbh4yUX0+eWqVM5/GCxZZVDva9co="},"chainType":1,"messageKeys":{}}},"pendingPreKey":{"signedKeyId":19,"baseKey":"BYkmdb8vMKD7zfXK107ehKwm5CWQCuxIKYM5hwwEEdU7","preKeyId":13987258}}},"version":"v1"}