{"_sessions":{"BfXPUEXOpSzhgCXuX8tE+R8zs5idxM9yyixYEMCxZFw3":{"registrationId":1867892784,"currentRatchet":{"ephemeralKeyPair":{"pubKey":"BaH6ZNFCUhYZmusEUkyldvlM/hnvLZKIFHp7Z8Bw2DV1","privKey":"SDBMyKc6FeuL6+LyzI5c7yDMdi3bhN30nwtH01o2z38="},"lastRemoteEphemeralKey":"BTZD1n6gjBa54YrPrm9EvYCpaiH5I/w6jccMSZO15l0Z","previousCounter":0,"rootKey":"vTkZ1vXu+ctpE+kf067h9bz+UHbSP7S0P0KpTMMsSgc="},"indexInfo":{"baseKey":"BfXPUEXOpSzhgCXuX8tE+R8zs5idxM9yyixYEMCxZFw3","baseKeyType":1,"closed":-1,"used":1706967473577,"created":1706967473577,"remoteIdentityKey":"BXL74JPl/YEWOLFtX+/MLsnbZKmdBEG6bOBACVwBQtNv"},"_chains":{"BaH6ZNFCUhYZmusEUkyldvlM/hnvLZKIFHp7Z8Bw2DV1":{"chainKey":{"counter":6,"key":"vmLQLuA5n1LT2W9jaaCjKdoAZBNQb8X5hzApFAbfbng="},"chainType":1,"messageKeys":{}}},"pendingPreKey":{"signedKeyId":9,"baseKey":"BfXPUEXOpSzhgCXuX8tE+R8zs5idxM9yyixYEMCxZFw3","preKeyId":14727487}}},"version":"v1"}