{"_sessions":{"BSpL05WFFlXqWwkKEva0ci4Gma95gKWHKoF7HF4I6yZd":{"registrationId":125,"currentRatchet":{"ephemeralKeyPair":{"pubKey":"BWquNzE4hBp1FmO9YtBLOnTfXNc6+kxeImg8efaJL6Y4","privKey":"CHCzaMpYuEynFir6Nqudas4SMw82Me2jDcv9ljVgE3I="},"lastRemoteEphemeralKey":"Bb8/lJ2nleqxvSp9Lu7/ecsFg+1Sr/E9w9UQzqJPZOEN","previousCounter":0,"rootKey":"WE1LkUxZ55H03rbYTlN+VGxcZ/Sw6fFXODSBgJdv4PM="},"indexInfo":{"baseKey":"BSpL05WFFlXqWwkKEva0ci4Gma95gKWHKoF7HF4I6yZd","baseKeyType":1,"closed":-1,"used":1706967471391,"created":1706967471391,"remoteIdentityKey":"BRmeUk5uF7ZiAzEJHShB8ibYkKYSSvB2eXIu+dMmImR5"},"_chains":{"BWquNzE4hBp1FmO9YtBLOnTfXNc6+kxeImg8efaJL6Y4":{"chainKey":{"counter":6,"key":"pSqpAC/KPnzEjRsHAQY8Fd+OjoOgfqFPlNGY34S6AMQ="},"chainType":1,"messageKeys":{}}},"pendingPreKey":{"signedKeyId":1,"baseKey":"BSpL05WFFlXqWwkKEva0ci4Gma95gKWHKoF7HF4I6yZd"}}},"version":"v1"}