{"_sessions":{"BeVHPAQ5Xg9mL5ImPW0oRMjwUPFKQ0zsn3CI/9RVjFlR":{"registrationId":566579456,"currentRatchet":{"ephemeralKeyPair":{"pubKey":"BXzRExgvrcaMAJJ7k0vJ8mgG2oo90KhdIuSxXyUmeCJl","privKey":"OFgPUn3POu1iJtCN0Yhp2n4JbPuvEPb3Pp0ypnvktlE="},"lastRemoteEphemeralKey":"Bb3knW1PmKsFKq6kw8pUoplyiAJjKeShOw9/UNP/ENE4","previousCounter":0,"rootKey":"t41P6eOrviFTn3tb8b6XwgaffoyHAA0JzbL807Rh1CY="},"indexInfo":{"baseKey":"BeVHPAQ5Xg9mL5ImPW0oRMjwUPFKQ0zsn3CI/9RVjFlR","baseKeyType":1,"closed":-1,"used":1706967472739,"created":1706967472739,"remoteIdentityKey":"BWtvH3vhWTDMWwpVR9gtlbfLdP3pJ+XMM57/GLA1NgIv"},"_chains":{"BXzRExgvrcaMAJJ7k0vJ8mgG2oo90KhdIuSxXyUmeCJl":{"chainKey":{"counter":6,"key":"LygZF3dVXczoV+JycLVYnBqet892F/KLafqihlw5y1k="},"chainType":1,"messageKeys":{}}},"pendingPreKey":{"signedKeyId":23,"baseKey":"BeVHPAQ5Xg9mL5ImPW0oRMjwUPFKQ0zsn3CI/9RVjFlR","preKeyId":9355156}}},"version":"v1"}