{"_sessions":{"BU9p0ahbEp6Qx8PnBa6qq90ptfQFi9cUv0Kb/XsgN/JO":{"registrationId":1886602916,"currentRatchet":{"ephemeralKeyPair":{"pubKey":"BUgBpH9AESDkedTxCu+CYKoxoWrwZ1HHdPxDBUdqj3kh","privKey":"uOV3mvFSndDxItmyWNywiTS88pbJ/dnq96g4fwt4mVA="},"lastRemoteEphemeralKey":"BcanQxZdnZROTE5p/19CfDuoF/Q5B3jAP4y5bSWoTgwE","previousCounter":0,"rootKey":"Fks/RQuk4bqgdKN90Ls1PcN74UxtNk+AEP/qTcp4pQM="},"indexInfo":{"baseKey":"BU9p0ahbEp6Qx8PnBa6qq90ptfQFi9cUv0Kb/XsgN/JO","baseKeyType":1,"closed":-1,"used":1706967472312,"created":1706967472312,"remoteIdentityKey":"BWeu80diLPNCQ/PM86s6KE6oQ4kG2VdDj4/4NVSF0Mod"},"_chains":{"BUgBpH9AESDkedTxCu+CYKoxoWrwZ1HHdPxDBUdqj3kh":{"chainKey":{"counter":6,"key":"b9hhdUUmuuaHTglAEVZZ9ST0qZylt5g234cQX1ghQO0="},"chainType":1,"messageKeys":{}}},"pendingPreKey":{"signedKeyId":10,"baseKey":"BU9p0ahbEp6Qx8PnBa6qq90ptfQFi9cUv0Kb/XsgN/JO","preKeyId":13111006}}},"version":"v1"}