{"_sessions":{"BdejoiIKPnz+S/kr23swi9jgMvqFls+ffVoBTtel7YB3":{"registrationId":1140961041,"currentRatchet":{"ephemeralKeyPair":{"pubKey":"BdtbQh0gN2Z1jDucJYvARcXe+7Hzq0ihGej9FEy0TtQL","privKey":"AEAbxVus7YFPWYN+NkzaWV7l/MdBtkyi8qxyZyJB2kk="},"lastRemoteEphemeralKey":"BcYb0Q/UW+yhJbCwwRxhL7mUBvvTfaHBQOBZUs6hfYR9","previousCounter":0,"rootKey":"FHdSKDbAT3JSIP5o1kiPiwwidBpVGB+gQegf83pLRWs="},"indexInfo":{"baseKey":"BdejoiIKPnz+S/kr23swi9jgMvqFls+ffVoBTtel7YB3","baseKeyType":1,"closed":-1,"used":1706967473459,"created":1706967473459,"remoteIdentityKey":"BbhLOVDvjo5yB6kQKbDh4TsE3frxb3blhfr0HlJcm5hG"},"_chains":{"BdtbQh0gN2Z1jDucJYvARcXe+7Hzq0ihGej9FEy0TtQL":{"chainKey":{"counter":6,"key":"3c2C11DjLgBLQBuaXMAkVo+uK0zxScD1H2ddeFmDFGE="},"chainType":1,"messageKeys":{}}},"pendingPreKey":{"signedKeyId":1,"baseKey":"BdejoiIKPnz+S/kr23swi9jgMvqFls+ffVoBTtel7YB3","preKeyId":1157506}}},"version":"v1"}