{"_sessions":{"BSg9GsdgcOx23HsDdl3gWcJINz3yqUOUqnUQBTW97Otz":{"registrationId":1734073091,"currentRatchet":{"ephemeralKeyPair":{"pubKey":"BUov95tfnGbW4OuqLO/W5+DRC6gw+L9rh500XZVzIpcv","privKey":"MCy87Q0oMLNGHsSS14UtkHH/zR9YIQpH/gS015KYRGo="},"lastRemoteEphemeralKey":"BYuv7AD1agSUfSFrHSR9p+nSXyqCZmbdhyftJhO3dNUU","previousCounter":0,"rootKey":"yOlZjRyrFtp0n7dkJnBgT0Ym5NZ8tvKYWSBypkUnK6k="},"indexInfo":{"baseKey":"BSg9GsdgcOx23HsDdl3gWcJINz3yqUOUqnUQBTW97Otz","baseKeyType":1,"closed":-1,"used":1706967473454,"created":1706967473454,"remoteIdentityKey":"BQKjNJ3wlk/63/3xcA1ARvzqV5/jO5dtuO4D3x8QYnR9"},"_chains":{"BUov95tfnGbW4OuqLO/W5+DRC6gw+L9rh500XZVzIpcv":{"chainKey":{"counter":6,"key":"+T/2Hxynk68+tWOGvOW9XR/87IEUHZc7gbnGAdVXoq4="},"chainType":1,"messageKeys":{}}},"pendingPreKey":{"signedKeyId":7,"baseKey":"BSg9GsdgcOx23HsDdl3gWcJINz3yqUOUqnUQBTW97Otz","preKeyId":12629090}}},"version":"v1"}