{"_sessions":{"BY5e8wXp34Vrc+/z6BIvNxSngC/dA9iNQwyjS9BhT78N":{"registrationId":1643856577,"currentRatchet":{"ephemeralKeyPair":{"pubKey":"BVrIFkDY4sX5i2Ume8itF71DoXfJSVYC5BKbYjSiJDsk","privKey":"UPtlrchlKgn36DYF7qOzTu8D+yHtA11V8CDqA1wV4ls="},"lastRemoteEphemeralKey":"BYJSJi3htDYjm7qmxO8UoDgr7ABWu+/96a8K6uCJ8JNA","previousCounter":0,"rootKey":"dT2CAm/lgbfVjwkdXZ0rvGlyjyBuVe0E4Ja/x6gFcKQ="},"indexInfo":{"baseKey":"BY5e8wXp34Vrc+/z6BIvNxSngC/dA9iNQwyjS9BhT78N","baseKeyType":1,"closed":-1,"used":1706967473667,"created":1706967473667,"remoteIdentityKey":"BVeekcJm2D7o5psXBo0Jfwqd4r8smPN3gxceRU8FCUBO"},"_chains":{"BVrIFkDY4sX5i2Ume8itF71DoXfJSVYC5BKbYjSiJDsk":{"chainKey":{"counter":6,"key":"dSZv0tRLtjIO0UJv1c8Q1ZRKdEV9eKC/lTrO2sxUW5Y="},"chainType":1,"messageKeys":{}}},"pendingPreKey":{"signedKeyId":7,"baseKey":"BY5e8wXp34Vrc+/z6BIvNxSngC/dA9iNQwyjS9BhT78N","preKeyId":11919059}}},"version":"v1"}