{"_sessions":{"BWxw3P02BZpZssVP16WuEvLyZ9s2RuD2kbPirj0Xu9pF":{"registrationId":11866,"currentRatchet":{"ephemeralKeyPair":{"pubKey":"BViUUNnSX+JBTsfQb+qiLzd54H2/g163WVQ4wVfEtHco","privKey":"MMf/cLPkj0SgE83KsiPXak1YH7bCzH1O/Ifiwt1tB1Y="},"lastRemoteEphemeralKey":"BacaEuezPtk5samLqxTwasI5ZHTol84clFU715K7unUV","previousCounter":0,"rootKey":"GDsIgj7iaiSnDl6/KDwjItqnO3mSumLDSo9TawkMmYk="},"indexInfo":{"baseKey":"BWxw3P02BZpZssVP16WuEvLyZ9s2RuD2kbPirj0Xu9pF","baseKeyType":1,"closed":-1,"used":1706967471464,"created":1706967471464,"remoteIdentityKey":"BYQ29Dtr6o5AAC55kcNc9c+ePpsEITUXfyqI4OAhViRP"},"_chains":{"BViUUNnSX+JBTsfQb+qiLzd54H2/g163WVQ4wVfEtHco":{"chainKey":{"counter":6,"key":"745rK5KXK2/US7R1PX/A/p8sM++zJ8Gw7EuHhqhcx8w="},"chainType":1,"messageKeys":{}}},"pendingPreKey":{"signedKeyId":1,"baseKey":"BWxw3P02BZpZssVP16WuEvLyZ9s2RuD2kbPirj0Xu9pF","preKeyId":1073}}},"version":"v1"}