{"_sessions":{"BWuMW4F7dMyvTCqigiMZ/Dh1RdrjxTaEdSrfgXxH0lg0":{"registrationId":2043213200,"currentRatchet":{"ephemeralKeyPair":{"pubKey":"Bbm5fP6JNaPwf/xwmFzj+WlfJop3FgQC7hikxP5WjFgh","privKey":"sCR0oW+kVL31mSBzX4JYJ5v01l8+bi4wDcVI5D3Sl34="},"lastRemoteEphemeralKey":"BbUL97X6s3F1DG4hwtxAQpWIiKa/JY5wFM7coQgTGQEJ","previousCounter":0,"rootKey":"hVVd9Gw5hKFArdB6iwEDH3NrGR/h0QZyC1uMjfk2nEU="},"indexInfo":{"baseKey":"BWuMW4F7dMyvTCqigiMZ/Dh1RdrjxTaEdSrfgXxH0lg0","baseKeyType":1,"closed":-1,"used":1706967473215,"created":1706967473215,"remoteIdentityKey":"Bde9wSiV5G5O2PdCE23eo/yw4uJUGp/COLZwgurT/JUr"},"_chains":{"Bbm5fP6JNaPwf/xwmFzj+WlfJop3FgQC7hikxP5WjFgh":{"chainKey":{"counter":6,"key":"tgXxNMhkKm2mDsDZhLEtfcxWo+UobJ6KZyQmO0fJf24="},"chainType":1,"messageKeys":{}}},"pendingPreKey":{"signedKeyId":7,"baseKey":"BWuMW4F7dMyvTCqigiMZ/Dh1RdrjxTaEdSrfgXxH0lg0","preKeyId":11546032}}},"version":"v1"}