{"_sessions":{"BSV8FpGypEKQZQwbm+ewozTvjFmjWgXhhWxwKgZsG50q":{"registrationId":489218597,"currentRatchet":{"ephemeralKeyPair":{"pubKey":"BWInbgolGqxkg33Qwg1DcCVWPydg9SEXvJB0H5zl7h1e","privKey":"GPBoC/Mw5Vi4TemFDrw2M0PELOz4Bnm3JJTMTFJANkw="},"lastRemoteEphemeralKey":"Bat0LbrtiWE2HR9+2k0l+T4JVzYNwog/BJ63Lzj3RPgl","previousCounter":0,"rootKey":"Mpj/joogy+IcyIMpbF7A6V2uRFRNjlMfYOlQzL382/s="},"indexInfo":{"baseKey":"BSV8FpGypEKQZQwbm+ewozTvjFmjWgXhhWxwKgZsG50q","baseKeyType":1,"closed":-1,"used":1706967472769,"created":1706967472769,"remoteIdentityKey":"BRtmH8zA+ZeUdfnNjtfchQxoEGlBnCmXwIpK/hAKvT4S"},"_chains":{"BWInbgolGqxkg33Qwg1DcCVWPydg9SEXvJB0H5zl7h1e":{"chainKey":{"counter":6,"key":"ueo8HuXQxB6/YFDu4OTxMuYwRXJAvBQowQoscwm8/IY="},"chainType":1,"messageKeys":{}}},"pendingPreKey":{"signedKeyId":3,"baseKey":"BSV8FpGypEKQZQwbm+ewozTvjFmjWgXhhWxwKgZsG50q","preKeyId":5217778}}},"version":"v1"}