{"_sessions":{"Baz7fKJE3ixZNtq1UA62S6qtdgxwqmgm0hnIUZPtexdU":{"registrationId":114,"currentRatchet":{"ephemeralKeyPair":{"pubKey":"Bbnp2Zn59aMKnynITtPJU42lnQar+2QG0lRHbilaSc1q","privKey":"mNTqeHw+0M9L08K2mcHXOCMkVo58JAd5cf4uWhfDo0U="},"lastRemoteEphemeralKey":"BWjmPB1Th47rc1MUU3Xh/xetBzUHY7vzK7emKjaFm7ML","previousCounter":0,"rootKey":"Fy4fWKKwVgBYscFlMKVTSppNgMcdZLLyYajknpvTW/c="},"indexInfo":{"baseKey":"Baz7fKJE3ixZNtq1UA62S6qtdgxwqmgm0hnIUZPtexdU","baseKeyType":1,"closed":-1,"used":1706967471497,"created":1706967471497,"remoteIdentityKey":"BZYd8/D/7QZYS4ZM0js7O9Stb/yQ2F+pEFcn3woXRWE5"},"_chains":{"Bbnp2Zn59aMKnynITtPJU42lnQar+2QG0lRHbilaSc1q":{"chainKey":{"counter":6,"key":"Vx6130el4U57RKKm2HL9EB9/N5Bje9AuG6eOeeUxSHY="},"chainType":1,"messageKeys":{}}},"pendingPreKey":{"signedKeyId":1,"baseKey":"Baz7fKJE3ixZNtq1UA62S6qtdgxwqmgm0hnIUZPtexdU"}}},"version":"v1"}