{"_sessions":{"BcAahnvXy4MTJ/qRWTxXzR84F6V8OY4Oi+08IR5OFOFI":{"registrationId":1480352584,"currentRatchet":{"ephemeralKeyPair":{"pubKey":"Bf2ACqbJhv1v/8KW8+TCFJoAFIVURSwlpl2upKyHNEEr","privKey":"gMDCpJwYKgp84op1ks0rH53l+RG65OI73CztccgbWmQ="},"lastRemoteEphemeralKey":"BUdoZgqaiLfoQkJqUXofFEikJZKIJ+zNC0G1MXcGhdxS","previousCounter":0,"rootKey":"QPMDLh5e6L9s4T7sJe84qSWiX1t/aaCt4xM8HkALQlo="},"indexInfo":{"baseKey":"BcAahnvXy4MTJ/qRWTxXzR84F6V8OY4Oi+08IR5OFOFI","baseKeyType":1,"closed":-1,"used":1706967472118,"created":1706967472118,"remoteIdentityKey":"BZtZ08tb7EGKTIc0odfUp3NI0SD1xAwLXYGGnL1vop48"},"_chains":{"Bf2ACqbJhv1v/8KW8+TCFJoAFIVURSwlpl2upKyHNEEr":{"chainKey":{"counter":6,"key":"nLZ7dc7DvgnW/InjnQZGZGztJmTedDclOZBazYRIBeo="},"chainType":1,"messageKeys":{}}},"pendingPreKey":{"signedKeyId":7,"baseKey":"BcAahnvXy4MTJ/qRWTxXzR84F6V8OY4Oi+08IR5OFOFI","preKeyId":8563109}}},"version":"v1"}