{"_sessions":{"BeCQ3iQdpu0zL5yDqXVLxSqQRE4IwWyeFc4uPVbl+Ux+":{"registrationId":1586479000,"currentRatchet":{"ephemeralKeyPair":{"pubKey":"BR+6rvkcVRznrLPwXsSqv3KKhJhj6mO6eXHauFOXD/Jj","privKey":"8EJyqqqUQ/GszcT8BICgCFpcbzHfyeuBN0YTIcBdvV4="},"lastRemoteEphemeralKey":"BbyWcggkQIz3Y4Dv4+/57kbp2uvUO+6TipYghV6hQkNL","previousCounter":0,"rootKey":"yA7alqyPcjTDi5i4jnuW15qStC4T9cp7BWQNcKxhI8c="},"indexInfo":{"baseKey":"BeCQ3iQdpu0zL5yDqXVLxSqQRE4IwWyeFc4uPVbl+Ux+","baseKeyType":1,"closed":-1,"used":1706967472992,"created":1706967472992,"remoteIdentityKey":"BckYlqEsFgAq0WBx4Vu5SH4r5ee1JhytJUQMcIqtXCgL"},"_chains":{"BR+6rvkcVRznrLPwXsSqv3KKhJhj6mO6eXHauFOXD/Jj":{"chainKey":{"counter":6,"key":"bsRAyANVPHo+2+o7n9r4H/yqugEyXGcU4GGp6OSgQns="},"chainType":1,"messageKeys":{}}},"pendingPreKey":{"signedKeyId":41,"baseKey":"BeCQ3iQdpu0zL5yDqXVLxSqQRE4IwWyeFc4uPVbl+Ux+","preKeyId":15015823}}},"version":"v1"}