{"_sessions":{"Ba7h7p7AluGW3v/YXbYwbTdNgZOGJQ0OT09p04G5o8U/":{"registrationId":5303,"currentRatchet":{"ephemeralKeyPair":{"pubKey":"BcvkgZQgsOcXOIDYRbg0HWSUWAI9dPplHr5P6EVHZoZ4","privKey":"qA7FPuvcFAbHPhyCaVqmb+7fV80c0Wymxm8gHH8ArEI="},"lastRemoteEphemeralKey":"BU/58jOhUy8ydXjlX9GgW30/bbkKsye4/B6zwlsdmZ9w","previousCounter":0,"rootKey":"4VX+VEGFSPJuZZC2XSMPRGkhu3kDPr4+KHPMNVMfQ30="},"indexInfo":{"baseKey":"Ba7h7p7AluGW3v/YXbYwbTdNgZOGJQ0OT09p04G5o8U/","baseKeyType":1,"closed":-1,"used":1706967471397,"created":1706967471397,"remoteIdentityKey":"Bf1gCFDjMH/YRVeeGW4ipaqdl1CFV3PISDWte47qdg9f"},"_chains":{"BcvkgZQgsOcXOIDYRbg0HWSUWAI9dPplHr5P6EVHZoZ4":{"chainKey":{"counter":6,"key":"r3sb2XKu27Xziw0lzy92EHTgDDl/k7YI2jelQXdRJCk="},"chainType":1,"messageKeys":{}}},"pendingPreKey":{"signedKeyId":1,"baseKey":"Ba7h7p7AluGW3v/YXbYwbTdNgZOGJQ0OT09p04G5o8U/"}}},"version":"v1"}