{"_sessions":{"BVnFZxTwUCaADZlFKzjgHwRB5F3VuqGrDxGKPUbUbaBd":{"registrationId":1440266716,"currentRatchet":{"ephemeralKeyPair":{"pubKey":"BcJFru6sK4ABJg84EzVmpcdGMHWmQcqFY52O9vLGvswE","privKey":"qKiKAHKXGev2k6GLKDIfM7zXXcLJp3P9y69tmGYzR18="},"lastRemoteEphemeralKey":"BS24lKvoiWW4ABw4gQVsZ7hARIPTr30Y/k9VbU4F7V0N","previousCounter":0,"rootKey":"NYZ5HT0frNqGh91232A02L4dMHAybUzGYch4UlIDwqg="},"indexInfo":{"baseKey":"BVnFZxTwUCaADZlFKzjgHwRB5F3VuqGrDxGKPUbUbaBd","baseKeyType":1,"closed":-1,"used":1706967473910,"created":1706967473910,"remoteIdentityKey":"BW8/NgnHLYgGWrstP17XUizd4MnjAlh9BIFS+1/IlKxg"},"_chains":{"BcJFru6sK4ABJg84EzVmpcdGMHWmQcqFY52O9vLGvswE":{"chainKey":{"counter":6,"key":"re4cTkOrQ1rl8klX8q1pzcHCLGNAlMpgfuVVyuYQvnQ="},"chainType":1,"messageKeys":{}}},"pendingPreKey":{"signedKeyId":9,"baseKey":"BVnFZxTwUCaADZlFKzjgHwRB5F3VuqGrDxGKPUbUbaBd","preKeyId":6727056}}},"version":"v1"}