{"_sessions":{"BaqPiR6G6BFpBhCtZEkVv/+AQkU/5iaKP6I6qrxYJ9o3":{"registrationId":5863,"currentRatchet":{"ephemeralKeyPair":{"pubKey":"BQQ51O4bsH67rVqOh6ThH2XbHhpETizuzy11miHeLFYe","privKey":"KGYl03ksROIL1OMI2zrbBxMOX3SFlp6DS51RjFSa83c="},"lastRemoteEphemeralKey":"BZhIUUPUmWcG+AxmkHuNsksDDNdtNep1VnA/Y9V7tf0/","previousCounter":0,"rootKey":"/GMDiDL8fN5iiGNL5Lz3S6ZAQCZa9kpWm1WoXCxgEww="},"indexInfo":{"baseKey":"BaqPiR6G6BFpBhCtZEkVv/+AQkU/5iaKP6I6qrxYJ9o3","baseKeyType":1,"closed":-1,"used":1706967471358,"created":1706967471358,"remoteIdentityKey":"BWXNY/cidSFjB4aGFA8+ootF23nasxn81leYXH08tugt"},"_chains":{"BQQ51O4bsH67rVqOh6ThH2XbHhpETizuzy11miHeLFYe":{"chainKey":{"counter":6,"key":"rwrs4tDCDxRE8aKa1zg3Dw9QM456htyC1WBOLwblHw0="},"chainType":1,"messageKeys":{}}},"pendingPreKey":{"signedKeyId":1,"baseKey":"BaqPiR6G6BFpBhCtZEkVv/+AQkU/5iaKP6I6qrxYJ9o3"}}},"version":"v1"}