{"_sessions":{"BbbDSHpZkA0P1Q53Q6LlrjE2lHLk4IdUcCqfL4MdM09R":{"registrationId":176736211,"currentRatchet":{"ephemeralKeyPair":{"pubKey":"Be9mBimUdJLCkuNjgbNH/284/1KlqPmN8V3ID8h9Zzoj","privKey":"OAXZtZfzYCE+DGLxyPCNAJNY3yPjqsBbTwmk3yYMfls="},"lastRemoteEphemeralKey":"BTEP4+eSy1cA/TVc7ckw94YvlvkMxC52ec8l6BGWYcRk","previousCounter":0,"rootKey":"pyzlZ4Iaj57lLKriCJv4rRh4engkZz8wAQradMU2kRs="},"indexInfo":{"baseKey":"BbbDSHpZkA0P1Q53Q6LlrjE2lHLk4IdUcCqfL4MdM09R","baseKeyType":1,"closed":-1,"used":1706967474116,"created":1706967474116,"remoteIdentityKey":"BWS+wQmGcLMEq3XZPvOfBjcf/HuDeYXX7F1qELrV9H9H"},"_chains":{"Be9mBimUdJLCkuNjgbNH/284/1KlqPmN8V3ID8h9Zzoj":{"chainKey":{"counter":6,"key":"HNyv4rHYGXTiED6Sn48WNXKlvogkPBXJ1Yj7AA6pD5s="},"chainType":1,"messageKeys":{}}},"pendingPreKey":{"signedKeyId":10,"baseKey":"BbbDSHpZkA0P1Q53Q6LlrjE2lHLk4IdUcCqfL4MdM09R"}}},"version":"v1"}