{"_sessions":{"BZuuv3g3UvLceJ+sZHM1gRL7c5Vher6zJj9PLDixw+F3":{"registrationId":1539106604,"currentRatchet":{"ephemeralKeyPair":{"pubKey":"BaswHh9EgH5dyuNloaq1mmJeUOy++KNFmSYrdNSeEkEH","privKey":"wKpHhLArSveHrC2EgxS6Ciwx70Ay5aX7bYooaOyOOFE="},"lastRemoteEphemeralKey":"BTo4lfDUTdYKtuIiwtWQQbCDdGygQiELymx++ucZI7BT","previousCounter":0,"rootKey":"uRsJS5ozobIePxKXsNygY/nAT0zPeymUPJk2ZT8ZgXs="},"indexInfo":{"baseKey":"BZuuv3g3UvLceJ+sZHM1gRL7c5Vher6zJj9PLDixw+F3","baseKeyType":1,"closed":-1,"used":1706967472693,"created":1706967472693,"remoteIdentityKey":"BT3/GSiiER2Y8jPbKzKQSwDAAVxiF9t4I0G1OFZclpp8"},"_chains":{"BaswHh9EgH5dyuNloaq1mmJeUOy++KNFmSYrdNSeEkEH":{"chainKey":{"counter":6,"key":"pER2d15NfcN0WuprsbEYuYnCtWaZwAPkjIPLhP55Ib8="},"chainType":1,"messageKeys":{}}},"pendingPreKey":{"signedKeyId":9,"baseKey":"BZuuv3g3UvLceJ+sZHM1gRL7c5Vher6zJj9PLDixw+F3","preKeyId":4252060}}},"version":"v1"}