{"_sessions":{"BXhmkGi6QQbPYkdUBywrfwDQd0RxRznXWvCVEdjhJ2AQ":{"registrationId":410903890,"currentRatchet":{"ephemeralKeyPair":{"pubKey":"BUO5Rz4dDRFv9ivGietQilRPwO1lubb0pjroHwkxGNNW","privKey":"iPzKBJQ09cZdSlYutiUsl2M7Hy8coAw+R6kIbl5W7kw="},"lastRemoteEphemeralKey":"BbJJfYYreCmdVLo5MbgPoyr1m5hGViOtOHudCeKxIkEQ","previousCounter":0,"rootKey":"diRyav+RhQVVLjVClABkJf4Ao8ZYTtuah8uvh5CnAZI="},"indexInfo":{"baseKey":"BXhmkGi6QQbPYkdUBywrfwDQd0RxRznXWvCVEdjhJ2AQ","baseKeyType":1,"closed":-1,"used":1706967473343,"created":1706967473343,"remoteIdentityKey":"BYZPVODSwLYpBCGjGlIbD1n6LvGWl7d/0fm4mDTyj0IJ"},"_chains":{"BUO5Rz4dDRFv9ivGietQilRPwO1lubb0pjroHwkxGNNW":{"chainKey":{"counter":6,"key":"pGgXg/5Aa7qFAu7Nei5uJMqTUstMMJEHiO8jDjduMNc="},"chainType":1,"messageKeys":{}}},"pendingPreKey":{"signedKeyId":21,"baseKey":"BXhmkGi6QQbPYkdUBywrfwDQd0RxRznXWvCVEdjhJ2AQ","preKeyId":10125301}}},"version":"v1"}