{"_sessions":{"BZ9SabCffSEQF8DkyvQIulMtAN9yV3aRoataMA+f/Rh7":{"registrationId":13365,"currentRatchet":{"ephemeralKeyPair":{"pubKey":"BQRsdyWRHEsisXB97kXkdPJz2iJLm3b6boAvXyTqeb4I","privKey":"OHbbZ7RKtpoo9Y1Np5z1uregEdP6RFbnNS3YL40nDVs="},"lastRemoteEphemeralKey":"Bcg+0NaJrOWHZ1ufLPPpfeTeGoCJ2qXclgqwUx8Jc1Nf","previousCounter":0,"rootKey":"Agb2BLI4Tv436yn1kK0IXF2AZfmFQourbRbcY9BuyGA="},"indexInfo":{"baseKey":"BZ9SabCffSEQF8DkyvQIulMtAN9yV3aRoataMA+f/Rh7","baseKeyType":1,"closed":-1,"used":1706967471817,"created":1706967471817,"remoteIdentityKey":"BQTZYTc8BX3wGQ111SqqdNXkEcCAOxTJkBElk2yT0gEp"},"_chains":{"BQRsdyWRHEsisXB97kXkdPJz2iJLm3b6boAvXyTqeb4I":{"chainKey":{"counter":6,"key":"ReNRnm0Bg+iEN3SKh3XwE8q64Vaa84X7SXaVx5JDjho="},"chainType":1,"messageKeys":{}}},"pendingPreKey":{"signedKeyId":1,"baseKey":"BZ9SabCffSEQF8DkyvQIulMtAN9yV3aRoataMA+f/Rh7"}}},"version":"v1"}