{"_sessions":{"Bd7ouHT5KfEpJ567Mby3RN2a3cXp+lhbv8zNIuHtfqU8":{"registrationId":890704676,"currentRatchet":{"ephemeralKeyPair":{"pubKey":"BRUWWreQrHqbUsugTk1QcRgtqbcIeRaJ6GP2YHsCoEgV","privKey":"OPus6yBoTWZstAXhO/Byy27G7NTr5viL6PnRHkqiHmQ="},"lastRemoteEphemeralKey":"BTu1rRJeCoLkHXduPOddYofj5MLcm6RxbP5pAmBb49AM","previousCounter":0,"rootKey":"MofIDL0/8gvNul8ERlZMJ0n57qL09hQBUFlZhreymQY="},"indexInfo":{"baseKey":"Bd7ouHT5KfEpJ567Mby3RN2a3cXp+lhbv8zNIuHtfqU8","baseKeyType":1,"closed":-1,"used":1706967471364,"created":1706967471364,"remoteIdentityKey":"BfRFrdX7NTmOs5fGUVDWxgmi/SQoz6aT7EJBK/Qhh14O"},"_chains":{"BRUWWreQrHqbUsugTk1QcRgtqbcIeRaJ6GP2YHsCoEgV":{"chainKey":{"counter":6,"key":"zcP++4FX3y7Yz0GQjwTMhalI37NyGwiCncHpUksBFno="},"chainType":1,"messageKeys":{}}},"pendingPreKey":{"signedKeyId":103,"baseKey":"Bd7ouHT5KfEpJ567Mby3RN2a3cXp+lhbv8zNIuHtfqU8","preKeyId":2613793}}},"version":"v1"}