{"_sessions":{"BU1AbhPUcloZPj9QWXrLv5XAgSKJn7VHaEG3HsVx3/5D":{"registrationId":148019472,"currentRatchet":{"ephemeralKeyPair":{"pubKey":"BWRYa7ZYvX3fxqAm2irYZUXrVNCkyabQx+PjP2WkWmAk","privKey":"sLzfVWPFY/L9YPex4wNiR7scE6D8h9K3kGjkRb6toVA="},"lastRemoteEphemeralKey":"BYvSCYoRY2bzlDxlxo9ytnVzBKPd8fGoV4bRfd7nZ+gU","previousCounter":0,"rootKey":"MDUue0/CHl9zQriqe/wYrBdVkEZ03Epz2UDOhU8x9IM="},"indexInfo":{"baseKey":"BU1AbhPUcloZPj9QWXrLv5XAgSKJn7VHaEG3HsVx3/5D","baseKeyType":1,"closed":-1,"used":1706967473614,"created":1706967473614,"remoteIdentityKey":"BVdwM26d6AVbLBj5LtqoIJIoBNwywTEnWZmBVx6YuTxV"},"_chains":{"BWRYa7ZYvX3fxqAm2irYZUXrVNCkyabQx+PjP2WkWmAk":{"chainKey":{"counter":6,"key":"HGgzj2uNO7IXmrnlGh2KyYQO8XuBnaw7xIEA5U4DDeQ="},"chainType":1,"messageKeys":{}}},"pendingPreKey":{"signedKeyId":3,"baseKey":"BU1AbhPUcloZPj9QWXrLv5XAgSKJn7VHaEG3HsVx3/5D","preKeyId":16436009}}},"version":"v1"}