{"_sessions":{"BW6VZu5iFNaAqJXoCXvFeUrIH835yw7e33bU0jxz+wIE":{"registrationId":1204954072,"currentRatchet":{"ephemeralKeyPair":{"pubKey":"BQ/X6oNla18eJIDffdjEEqqRLnp2A0WfOgkyiIjTkEx/","privKey":"mIs78w4Mn+/sny8SijGzfv4kCso5O6QCJj99f0ooE2Q="},"lastRemoteEphemeralKey":"BcBLerUpPQrkapxXNdVuciz6tNOYYb8oShsMCt5vSbh9","previousCounter":0,"rootKey":"4XL/dsAI0h5LGUkitoUv5BBdVA4ENKjebBaZ8a6TNDE="},"indexInfo":{"baseKey":"BW6VZu5iFNaAqJXoCXvFeUrIH835yw7e33bU0jxz+wIE","baseKeyType":1,"closed":-1,"used":1706967472306,"created":1706967472306,"remoteIdentityKey":"Bdj9JPKT4bg+91uNj9NRBmTk4t5/0NJQmuRx4XYzARtV"},"_chains":{"BQ/X6oNla18eJIDffdjEEqqRLnp2A0WfOgkyiIjTkEx/":{"chainKey":{"counter":6,"key":"wcFFdg7v7Yp6Jj8+oJ9ljIqQbU8EYMHm4ryhyvK2pl0="},"chainType":1,"messageKeys":{}}},"pendingPreKey":{"signedKeyId":5,"baseKey":"BW6VZu5iFNaAqJXoCXvFeUrIH835yw7e33bU0jxz+wIE","preKeyId":10652470}}},"version":"v1"}