{"_sessions":{"BUesokWl7qocxtWx7EgzqkpP2PfDfNFMtacK3NbtWtJG":{"registrationId":512543891,"currentRatchet":{"ephemeralKeyPair":{"pubKey":"BefBhbTNT1QCXJXq87tAx4Qn8HPR8JMxTC1VEG9c6bou","privKey":"SNaSNPsCPCjDyDEOwilBO/8TRNNcnFYJPZt4eJq44FU="},"lastRemoteEphemeralKey":"BVeWfNTWzyn3z/eUWSt0z4cGLabEeiTpc+916Vwa5LA3","previousCounter":0,"rootKey":"uODgyvklJemLU3TSlhvsY65GYV53ydNu/HUAUb4o3JE="},"indexInfo":{"baseKey":"BUesokWl7qocxtWx7EgzqkpP2PfDfNFMtacK3NbtWtJG","baseKeyType":1,"closed":-1,"used":1706967471822,"created":1706967471822,"remoteIdentityKey":"BToE0p04OeFoqWMNncpidPa6pt+OoLfGHteZoFiyesQR"},"_chains":{"BefBhbTNT1QCXJXq87tAx4Qn8HPR8JMxTC1VEG9c6bou":{"chainKey":{"counter":6,"key":"DqPrlDQBp21cflzDGrxyg+belIG/lUP5MlQittXhB+c="},"chainType":1,"messageKeys":{}}},"pendingPreKey":{"signedKeyId":1,"baseKey":"BUesokWl7qocxtWx7EgzqkpP2PfDfNFMtacK3NbtWtJG","preKeyId":10016209}}},"version":"v1"}