{"_sessions":{"BQNOAyeKfp023XBXmMDH+E9NajAIXsEBaPNOV1Letatj":{"registrationId":1549723547,"currentRatchet":{"ephemeralKeyPair":{"pubKey":"BQkN3Q7PpOshn7RhuyC89INbj6rJkngG2oOIPsGL3xdT","privKey":"yJ1dI8z47Ge311ftMcr7wu/MuWbTKiNsK6Y/fsbvq08="},"lastRemoteEphemeralKey":"BRS4LnuLQWw5cbVd9mcePJECZkNsy6QE7D0TjLFXkKt+","previousCounter":0,"rootKey":"8QwRLG9zGBR73ew+MKW+Cxa4nOP7eWhzdErPW3N1FmE="},"indexInfo":{"baseKey":"BQNOAyeKfp023XBXmMDH+E9NajAIXsEBaPNOV1Letatj","baseKeyType":1,"closed":-1,"used":1706967472178,"created":1706967472178,"remoteIdentityKey":"BSyquoibNJTGMhluxjNc5r8FtHO5I6K6ukGX5pDWyrdi"},"_chains":{"BQkN3Q7PpOshn7RhuyC89INbj6rJkngG2oOIPsGL3xdT":{"chainKey":{"counter":6,"key":"D+sCE+sWATIxIQAzp4VBTAgdr2PtqaQwGiKV7BQfQEA="},"chainType":1,"messageKeys":{}}},"pendingPreKey":{"signedKeyId":9,"baseKey":"BQNOAyeKfp023XBXmMDH+E9NajAIXsEBaPNOV1Letatj","preKeyId":43397}}},"version":"v1"}