{"_sessions":{"BbnmANcZvbgaXe4WHelOZMGdEt9lz9v6pPqaN6HIJpUT":{"registrationId":6765,"currentRatchet":{"ephemeralKeyPair":{"pubKey":"BQTtetWc2/n8vBb8iweDHnS7ApaUss7nMK7jaM2zao4P","privKey":"WJH8Dyuqqy9LpRGu14XK1183o6hjHVu35+oUe8tA8Gg="},"lastRemoteEphemeralKey":"BTql9bSYoM8qEUIKyWQTErKKxnsewsFopOK3TYvXvOhC","previousCounter":0,"rootKey":"SA9bRGG9smdbh9Le+lrV/p/+yhkGVCXLvgO+GjxGVE0="},"indexInfo":{"baseKey":"BbnmANcZvbgaXe4WHelOZMGdEt9lz9v6pPqaN6HIJpUT","baseKeyType":1,"closed":-1,"used":1706967471404,"created":1706967471404,"remoteIdentityKey":"Ba0MxVKAzALIO5rOLTjN8wXf2CqiPKff55hBRL6JSt8x"},"_chains":{"BQTtetWc2/n8vBb8iweDHnS7ApaUss7nMK7jaM2zao4P":{"chainKey":{"counter":6,"key":"1tesOIpjSQG1m93pJeOfYK59MCynmpgIwPi1ahJB1T0="},"chainType":1,"messageKeys":{}}},"pendingPreKey":{"signedKeyId":1,"baseKey":"BbnmANcZvbgaXe4WHelOZMGdEt9lz9v6pPqaN6HIJpUT"}}},"version":"v1"}